report_id,region_id,office_code,app_combo,app_type,avg_days,performance_standard,percent_in_standard,source_file
2015_2016_FY,province_average,Prov / Avg.,A1,A1_L,25.686567164179106,30,0.0,22 1 2015-04-01_2016-3-31 LTBAvgDayFirstHearing April2015-March2016_FY.xlsx
2015_2016_FY,province_average,Prov / Avg.,A1,A1_T,55.796875,30,1.5625,22 1 2015-04-01_2016-3-31 LTBAvgDayFirstHearing April2015-March2016_FY.xlsx
2015_2016_FY,province_average,Prov / Avg.,A1/A2,A1_L,18.0,30,0.0,22 1 2015-04-01_2016-3-31 LTBAvgDayFirstHearing April2015-March2016_FY.xlsx
2015_2016_FY,province_average,Prov / Avg.,A1/A2,A2_L,18.0,30,0.0,22 1 2015-04-01_2016-3-31 LTBAvgDayFirstHearing April2015-March2016_FY.xlsx
2015_2016_FY,province_average,Prov / Avg.,A1/L1/L2,A1_L,24.0,30,0.0,22 1 2015-04-01_2016-3-31 LTBAvgDayFirstHearing April2015-March2016_FY.xlsx
2015_2016_FY,province_average,Prov / Avg.,A1/L1/L2,L1,24.0,30,0.0,22 1 2015-04-01_2016-3-31 LTBAvgDayFirstHearing April2015-March2016_FY.xlsx
2015_2016_FY,province_average,Prov / Avg.,A1/L1/L2,L2,24.0,30,0.0,22 1 2015-04-01_2016-3-31 LTBAvgDayFirstHearing April2015-March2016_FY.xlsx
2015_2016_FY,province_average,Prov / Avg.,A1/L9,A1_L,43.0,30,0.0,22 1 2015-04-01_2016-3-31 LTBAvgDayFirstHearing April2015-March2016_FY.xlsx
2015_2016_FY,province_average,Prov / Avg.,A1/L9,L9,43.0,30,0.0,22 1 2015-04-01_2016-3-31 LTBAvgDayFirstHearing April2015-March2016_FY.xlsx
2015_2016_FY,province_average,Prov / Avg.,A1/T1,A1_T,15.0,30,0.0,22 1 2015-04-01_2016-3-31 LTBAvgDayFirstHearing April2015-March2016_FY.xlsx
2015_2016_FY,province_average,Prov / Avg.,A1/T1,T1,15.0,30,0.0,22 1 2015-04-01_2016-3-31 LTBAvgDayFirstHearing April2015-March2016_FY.xlsx
2015_2016_FY,province_average,Prov / Avg.,A1/T1/T2,A1_T,25.5,30,0.0,22 1 2015-04-01_2016-3-31 LTBAvgDayFirstHearing April2015-March2016_FY.xlsx
2015_2016_FY,province_average,Prov / Avg.,A1/T1/T2,T1,25.5,30,0.0,22 1 2015-04-01_2016-3-31 LTBAvgDayFirstHearing April2015-March2016_FY.xlsx
2015_2016_FY,province_average,Prov / Avg.,A1/T1/T2,T2,25.5,30,0.0,22 1 2015-04-01_2016-3-31 LTBAvgDayFirstHearing April2015-March2016_FY.xlsx
2015_2016_FY,province_average,Prov / Avg.,A1/T1/T5,A1_T,41.0,30,0.0,22 1 2015-04-01_2016-3-31 LTBAvgDayFirstHearing April2015-March2016_FY.xlsx
2015_2016_FY,province_average,Prov / Avg.,A1/T1/T5,T1,41.0,30,0.0,22 1 2015-04-01_2016-3-31 LTBAvgDayFirstHearing April2015-March2016_FY.xlsx
2015_2016_FY,province_average,Prov / Avg.,A1/T1/T5,T5,41.0,30,0.0,22 1 2015-04-01_2016-3-31 LTBAvgDayFirstHearing April2015-March2016_FY.xlsx
2015_2016_FY,province_average,Prov / Avg.,A1/T2,A1_L,13.0,30,0.0,22 1 2015-04-01_2016-3-31 LTBAvgDayFirstHearing April2015-March2016_FY.xlsx
2015_2016_FY,province_average,Prov / Avg.,A1/T2,A1_T,28.375,30,0.0,22 1 2015-04-01_2016-3-31 LTBAvgDayFirstHearing April2015-March2016_FY.xlsx
2015_2016_FY,province_average,Prov / Avg.,A1/T2,T2,13.0,30,0.0,22 1 2015-04-01_2016-3-31 LTBAvgDayFirstHearing April2015-March2016_FY.xlsx
2015_2016_FY,province_average,Prov / Avg.,A1/T2,T2,28.375,30,0.0,22 1 2015-04-01_2016-3-31 LTBAvgDayFirstHearing April2015-March2016_FY.xlsx
2015_2016_FY,province_average,Prov / Avg.,A1/T2/T6,A1_T,17.0,30,0.0,22 1 2015-04-01_2016-3-31 LTBAvgDayFirstHearing April2015-March2016_FY.xlsx
2015_2016_FY,province_average,Prov / Avg.,A1/T2/T6,T2,17.0,30,0.0,22 1 2015-04-01_2016-3-31 LTBAvgDayFirstHearing April2015-March2016_FY.xlsx
2015_2016_FY,province_average,Prov / Avg.,A1/T2/T6,T6,17.0,30,0.0,22 1 2015-04-01_2016-3-31 LTBAvgDayFirstHearing April2015-March2016_FY.xlsx
2015_2016_FY,province_average,Prov / Avg.,A2,A2_L,22.59825327510917,30,0.0,22 1 2015-04-01_2016-3-31 LTBAvgDayFirstHearing April2015-March2016_FY.xlsx
2015_2016_FY,province_average,Prov / Avg.,A2,A2_T,24.49230769230769,30,0.0,22 1 2015-04-01_2016-3-31 LTBAvgDayFirstHearing April2015-March2016_FY.xlsx
2015_2016_FY,province_average,Prov / Avg.,A2/L1,A2_L,21.6,30,0.0,22 1 2015-04-01_2016-3-31 LTBAvgDayFirstHearing April2015-March2016_FY.xlsx
2015_2016_FY,province_average,Prov / Avg.,A2/L1,L1,21.6,30,0.0,22 1 2015-04-01_2016-3-31 LTBAvgDayFirstHearing April2015-March2016_FY.xlsx
2015_2016_FY,province_average,Prov / Avg.,A2/L1/L2,A2_L,11.0,30,0.0,22 1 2015-04-01_2016-3-31 LTBAvgDayFirstHearing April2015-March2016_FY.xlsx
2015_2016_FY,province_average,Prov / Avg.,A2/L1/L2,L1,11.0,30,0.0,22 1 2015-04-01_2016-3-31 LTBAvgDayFirstHearing April2015-March2016_FY.xlsx
2015_2016_FY,province_average,Prov / Avg.,A2/L1/L2,L2,11.0,30,0.0,22 1 2015-04-01_2016-3-31 LTBAvgDayFirstHearing April2015-March2016_FY.xlsx
2015_2016_FY,province_average,Prov / Avg.,A2/L2,A2_L,24.642857142857142,30,0.0,22 1 2015-04-01_2016-3-31 LTBAvgDayFirstHearing April2015-March2016_FY.xlsx
2015_2016_FY,province_average,Prov / Avg.,A2/L2,L2,24.642857142857142,30,0.0,22 1 2015-04-01_2016-3-31 LTBAvgDayFirstHearing April2015-March2016_FY.xlsx
2015_2016_FY,province_average,Prov / Avg.,A2/L2/L3,A2_L,13.0,30,0.0,22 1 2015-04-01_2016-3-31 LTBAvgDayFirstHearing April2015-March2016_FY.xlsx
2015_2016_FY,province_average,Prov / Avg.,A2/L2/L3,L2,13.0,30,0.0,22 1 2015-04-01_2016-3-31 LTBAvgDayFirstHearing April2015-March2016_FY.xlsx
2015_2016_FY,province_average,Prov / Avg.,A2/L2/L3,L3,13.0,30,0.0,22 1 2015-04-01_2016-3-31 LTBAvgDayFirstHearing April2015-March2016_FY.xlsx
2015_2016_FY,province_average,Prov / Avg.,A2/L2/L9,A2_L,25.5,30,0.0,22 1 2015-04-01_2016-3-31 LTBAvgDayFirstHearing April2015-March2016_FY.xlsx
2015_2016_FY,province_average,Prov / Avg.,A2/L2/L9,L2,25.5,30,0.0,22 1 2015-04-01_2016-3-31 LTBAvgDayFirstHearing April2015-March2016_FY.xlsx
2015_2016_FY,province_average,Prov / Avg.,A2/L2/L9,L9,25.5,30,0.0,22 1 2015-04-01_2016-3-31 LTBAvgDayFirstHearing April2015-March2016_FY.xlsx
2015_2016_FY,province_average,Prov / Avg.,A2/L3,A2_L,13.0,30,0.0,22 1 2015-04-01_2016-3-31 LTBAvgDayFirstHearing April2015-March2016_FY.xlsx
2015_2016_FY,province_average,Prov / Avg.,A2/L3,L3,13.0,30,0.0,22 1 2015-04-01_2016-3-31 LTBAvgDayFirstHearing April2015-March2016_FY.xlsx
2015_2016_FY,province_average,Prov / Avg.,A2/L3/L9,A2_L,27.0,30,0.0,22 1 2015-04-01_2016-3-31 LTBAvgDayFirstHearing April2015-March2016_FY.xlsx
2015_2016_FY,province_average,Prov / Avg.,A2/L3/L9,L3,27.0,30,0.0,22 1 2015-04-01_2016-3-31 LTBAvgDayFirstHearing April2015-March2016_FY.xlsx
2015_2016_FY,province_average,Prov / Avg.,A2/L3/L9,L9,27.0,30,0.0,22 1 2015-04-01_2016-3-31 LTBAvgDayFirstHearing April2015-March2016_FY.xlsx
2015_2016_FY,province_average,Prov / Avg.,A2/L8,A2_L,39.0,30,0.0,22 1 2015-04-01_2016-3-31 LTBAvgDayFirstHearing April2015-March2016_FY.xlsx
2015_2016_FY,province_average,Prov / Avg.,A2/L8,L8,39.0,30,0.0,22 1 2015-04-01_2016-3-31 LTBAvgDayFirstHearing April2015-March2016_FY.xlsx
2015_2016_FY,province_average,Prov / Avg.,A2/L9,A2_L,18.666666666666668,30,0.0,22 1 2015-04-01_2016-3-31 LTBAvgDayFirstHearing April2015-March2016_FY.xlsx
2015_2016_FY,province_average,Prov / Avg.,A2/L9,L9,18.666666666666668,30,0.0,22 1 2015-04-01_2016-3-31 LTBAvgDayFirstHearing April2015-March2016_FY.xlsx
2015_2016_FY,province_average,Prov / Avg.,A2/T1,A2_T,22.875,30,0.0,22 1 2015-04-01_2016-3-31 LTBAvgDayFirstHearing April2015-March2016_FY.xlsx
2015_2016_FY,province_average,Prov / Avg.,A2/T1,T1,22.875,30,0.0,22 1 2015-04-01_2016-3-31 LTBAvgDayFirstHearing April2015-March2016_FY.xlsx
2015_2016_FY,province_average,Prov / Avg.,A2/T1/T2,A2_T,22.0,30,0.0,22 1 2015-04-01_2016-3-31 LTBAvgDayFirstHearing April2015-March2016_FY.xlsx
2015_2016_FY,province_average,Prov / Avg.,A2/T1/T2,T1,22.0,30,0.0,22 1 2015-04-01_2016-3-31 LTBAvgDayFirstHearing April2015-March2016_FY.xlsx
2015_2016_FY,province_average,Prov / Avg.,A2/T1/T2,T2,22.0,30,0.0,22 1 2015-04-01_2016-3-31 LTBAvgDayFirstHearing April2015-March2016_FY.xlsx
2015_2016_FY,province_average,Prov / Avg.,A2/T1/T2/T6,A2_T,34.0,30,0.0,22 1 2015-04-01_2016-3-31 LTBAvgDayFirstHearing April2015-March2016_FY.xlsx
2015_2016_FY,province_average,Prov / Avg.,A2/T1/T2/T6,T1,34.0,30,0.0,22 1 2015-04-01_2016-3-31 LTBAvgDayFirstHearing April2015-March2016_FY.xlsx
2015_2016_FY,province_average,Prov / Avg.,A2/T1/T2/T6,T2,34.0,30,0.0,22 1 2015-04-01_2016-3-31 LTBAvgDayFirstHearing April2015-March2016_FY.xlsx
2015_2016_FY,province_average,Prov / Avg.,A2/T1/T2/T6,T6,34.0,30,0.0,22 1 2015-04-01_2016-3-31 LTBAvgDayFirstHearing April2015-March2016_FY.xlsx
2015_2016_FY,province_average,Prov / Avg.,A2/T2,A2_T,25.6,30,0.0,22 1 2015-04-01_2016-3-31 LTBAvgDayFirstHearing April2015-March2016_FY.xlsx
2015_2016_FY,province_average,Prov / Avg.,A2/T2,T2,25.6,30,0.0,22 1 2015-04-01_2016-3-31 LTBAvgDayFirstHearing April2015-March2016_FY.xlsx
2015_2016_FY,province_average,Prov / Avg.,A2/T2/T3/T6,A2_T,21.0,30,0.0,22 1 2015-04-01_2016-3-31 LTBAvgDayFirstHearing April2015-March2016_FY.xlsx
2015_2016_FY,province_average,Prov / Avg.,A2/T2/T3/T6,T2,21.0,30,0.0,22 1 2015-04-01_2016-3-31 LTBAvgDayFirstHearing April2015-March2016_FY.xlsx
2015_2016_FY,province_average,Prov / Avg.,A2/T2/T3/T6,T3,21.0,30,0.0,22 1 2015-04-01_2016-3-31 LTBAvgDayFirstHearing April2015-March2016_FY.xlsx
2015_2016_FY,province_average,Prov / Avg.,A2/T2/T3/T6,T6,21.0,30,0.0,22 1 2015-04-01_2016-3-31 LTBAvgDayFirstHearing April2015-March2016_FY.xlsx
2015_2016_FY,province_average,Prov / Avg.,A2/T2/T6,A2_T,25.5,30,0.0,22 1 2015-04-01_2016-3-31 LTBAvgDayFirstHearing April2015-March2016_FY.xlsx
2015_2016_FY,province_average,Prov / Avg.,A2/T2/T6,T2,25.5,30,0.0,22 1 2015-04-01_2016-3-31 LTBAvgDayFirstHearing April2015-March2016_FY.xlsx
2015_2016_FY,province_average,Prov / Avg.,A2/T2/T6,T6,25.5,30,0.0,22 1 2015-04-01_2016-3-31 LTBAvgDayFirstHearing April2015-March2016_FY.xlsx
2015_2016_FY,province_average,Prov / Avg.,A2/T3,A2_T,10.0,30,0.0,22 1 2015-04-01_2016-3-31 LTBAvgDayFirstHearing April2015-March2016_FY.xlsx
2015_2016_FY,province_average,Prov / Avg.,A2/T3,T3,10.0,30,0.0,22 1 2015-04-01_2016-3-31 LTBAvgDayFirstHearing April2015-March2016_FY.xlsx
2015_2016_FY,province_average,Prov / Avg.,A2/T6,A2_T,16.0,30,0.0,22 1 2015-04-01_2016-3-31 LTBAvgDayFirstHearing April2015-March2016_FY.xlsx
2015_2016_FY,province_average,Prov / Avg.,A2/T6,T6,16.0,30,0.0,22 1 2015-04-01_2016-3-31 LTBAvgDayFirstHearing April2015-March2016_FY.xlsx
2015_2016_FY,province_average,Prov / Avg.,A4,A4_L,107.18055555555556,30,0.0,22 1 2015-04-01_2016-3-31 LTBAvgDayFirstHearing April2015-March2016_FY.xlsx
2015_2016_FY,province_average,Prov / Avg.,L1,L1,22.80865964941191,25,0.105052835396626,22 1 2015-04-01_2016-3-31 LTBAvgDayFirstHearing April2015-March2016_FY.xlsx
2015_2016_FY,province_average,Prov / Avg.,L1/L2,L1,22.856434108527132,30,0.1550387596899225,22 1 2015-04-01_2016-3-31 LTBAvgDayFirstHearing April2015-March2016_FY.xlsx
2015_2016_FY,province_average,Prov / Avg.,L1/L2,L2,22.856434108527132,30,0.1550387596899225,22 1 2015-04-01_2016-3-31 LTBAvgDayFirstHearing April2015-March2016_FY.xlsx
2015_2016_FY,province_average,Prov / Avg.,L1/L2/L3,L1,21.8,30,0.0,22 1 2015-04-01_2016-3-31 LTBAvgDayFirstHearing April2015-March2016_FY.xlsx
2015_2016_FY,province_average,Prov / Avg.,L1/L2/L3,L2,21.8,30,0.0,22 1 2015-04-01_2016-3-31 LTBAvgDayFirstHearing April2015-March2016_FY.xlsx
2015_2016_FY,province_average,Prov / Avg.,L1/L2/L3,L3,21.8,30,0.0,22 1 2015-04-01_2016-3-31 LTBAvgDayFirstHearing April2015-March2016_FY.xlsx
2015_2016_FY,province_average,Prov / Avg.,L1/L2/L8,L1,17.64,30,0.0,22 1 2015-04-01_2016-3-31 LTBAvgDayFirstHearing April2015-March2016_FY.xlsx
2015_2016_FY,province_average,Prov / Avg.,L1/L2/L8,L2,17.64,30,0.0,22 1 2015-04-01_2016-3-31 LTBAvgDayFirstHearing April2015-March2016_FY.xlsx
2015_2016_FY,province_average,Prov / Avg.,L1/L2/L8,L8,17.64,30,0.0,22 1 2015-04-01_2016-3-31 LTBAvgDayFirstHearing April2015-March2016_FY.xlsx
2015_2016_FY,province_average,Prov / Avg.,L1/L2/L8/L9,L1,15.0,30,0.0,22 1 2015-04-01_2016-3-31 LTBAvgDayFirstHearing April2015-March2016_FY.xlsx
2015_2016_FY,province_average,Prov / Avg.,L1/L2/L8/L9,L2,15.0,30,0.0,22 1 2015-04-01_2016-3-31 LTBAvgDayFirstHearing April2015-March2016_FY.xlsx
2015_2016_FY,province_average,Prov / Avg.,L1/L2/L8/L9,L8,15.0,30,0.0,22 1 2015-04-01_2016-3-31 LTBAvgDayFirstHearing April2015-March2016_FY.xlsx
2015_2016_FY,province_average,Prov / Avg.,L1/L2/L8/L9,L9,15.0,30,0.0,22 1 2015-04-01_2016-3-31 LTBAvgDayFirstHearing April2015-March2016_FY.xlsx
2015_2016_FY,province_average,Prov / Avg.,L1/L2/L9,L1,18.0,30,0.0,22 1 2015-04-01_2016-3-31 LTBAvgDayFirstHearing April2015-March2016_FY.xlsx
2015_2016_FY,province_average,Prov / Avg.,L1/L2/L9,L2,18.0,30,0.0,22 1 2015-04-01_2016-3-31 LTBAvgDayFirstHearing April2015-March2016_FY.xlsx
2015_2016_FY,province_average,Prov / Avg.,L1/L2/L9,L9,18.0,30,0.0,22 1 2015-04-01_2016-3-31 LTBAvgDayFirstHearing April2015-March2016_FY.xlsx
2015_2016_FY,province_average,Prov / Avg.,L1/L3,L1,19.934782608695652,30,0.0,22 1 2015-04-01_2016-3-31 LTBAvgDayFirstHearing April2015-March2016_FY.xlsx
2015_2016_FY,province_average,Prov / Avg.,L1/L3,L3,19.934782608695652,30,0.0,22 1 2015-04-01_2016-3-31 LTBAvgDayFirstHearing April2015-March2016_FY.xlsx
2015_2016_FY,province_average,Prov / Avg.,L1/L3/L8,L1,14.0,30,0.0,22 1 2015-04-01_2016-3-31 LTBAvgDayFirstHearing April2015-March2016_FY.xlsx
2015_2016_FY,province_average,Prov / Avg.,L1/L3/L8,L3,14.0,30,0.0,22 1 2015-04-01_2016-3-31 LTBAvgDayFirstHearing April2015-March2016_FY.xlsx
2015_2016_FY,province_average,Prov / Avg.,L1/L3/L8,L8,14.0,30,0.0,22 1 2015-04-01_2016-3-31 LTBAvgDayFirstHearing April2015-March2016_FY.xlsx
2015_2016_FY,province_average,Prov / Avg.,L1/L8,L1,21.94736842105263,30,0.0,22 1 2015-04-01_2016-3-31 LTBAvgDayFirstHearing April2015-March2016_FY.xlsx
2015_2016_FY,province_average,Prov / Avg.,L1/L8,L8,21.94736842105263,30,0.0,22 1 2015-04-01_2016-3-31 LTBAvgDayFirstHearing April2015-March2016_FY.xlsx
2015_2016_FY,province_average,Prov / Avg.,L1/L9,L1,18.5,25,0.0,22 1 2015-04-01_2016-3-31 LTBAvgDayFirstHearing April2015-March2016_FY.xlsx
2015_2016_FY,province_average,Prov / Avg.,L1/L9,L9,18.5,25,0.0,22 1 2015-04-01_2016-3-31 LTBAvgDayFirstHearing April2015-March2016_FY.xlsx
2015_2016_FY,province_average,Prov / Avg.,L1/T2/T6,L1,10.0,30,0.0,22 1 2015-04-01_2016-3-31 LTBAvgDayFirstHearing April2015-March2016_FY.xlsx
2015_2016_FY,province_average,Prov / Avg.,L1/T2/T6,T2,10.0,30,0.0,22 1 2015-04-01_2016-3-31 LTBAvgDayFirstHearing April2015-March2016_FY.xlsx
2015_2016_FY,province_average,Prov / Avg.,L1/T2/T6,T6,10.0,30,0.0,22 1 2015-04-01_2016-3-31 LTBAvgDayFirstHearing April2015-March2016_FY.xlsx
2015_2016_FY,province_average,Prov / Avg.,L2,L2,22.738152610441766,30,0.0344234079173838,22 1 2015-04-01_2016-3-31 LTBAvgDayFirstHearing April2015-March2016_FY.xlsx
2015_2016_FY,province_average,Prov / Avg.,L2/L3,L2,19.852941176470587,30,0.0,22 1 2015-04-01_2016-3-31 LTBAvgDayFirstHearing April2015-March2016_FY.xlsx
2015_2016_FY,province_average,Prov / Avg.,L2/L3,L3,19.852941176470587,30,0.0,22 1 2015-04-01_2016-3-31 LTBAvgDayFirstHearing April2015-March2016_FY.xlsx
2015_2016_FY,province_average,Prov / Avg.,L2/L3/L8/L9,L2,13.0,30,0.0,22 1 2015-04-01_2016-3-31 LTBAvgDayFirstHearing April2015-March2016_FY.xlsx
2015_2016_FY,province_average,Prov / Avg.,L2/L3/L8/L9,L3,13.0,30,0.0,22 1 2015-04-01_2016-3-31 LTBAvgDayFirstHearing April2015-March2016_FY.xlsx
2015_2016_FY,province_average,Prov / Avg.,L2/L3/L8/L9,L8,13.0,30,0.0,22 1 2015-04-01_2016-3-31 LTBAvgDayFirstHearing April2015-March2016_FY.xlsx
2015_2016_FY,province_average,Prov / Avg.,L2/L3/L8/L9,L9,13.0,30,0.0,22 1 2015-04-01_2016-3-31 LTBAvgDayFirstHearing April2015-March2016_FY.xlsx
2015_2016_FY,province_average,Prov / Avg.,L2/L3/L9,L2,19.642857142857142,30,0.0,22 1 2015-04-01_2016-3-31 LTBAvgDayFirstHearing April2015-March2016_FY.xlsx
2015_2016_FY,province_average,Prov / Avg.,L2/L3/L9,L3,19.642857142857142,30,0.0,22 1 2015-04-01_2016-3-31 LTBAvgDayFirstHearing April2015-March2016_FY.xlsx
2015_2016_FY,province_average,Prov / Avg.,L2/L3/L9,L9,19.642857142857142,30,0.0,22 1 2015-04-01_2016-3-31 LTBAvgDayFirstHearing April2015-March2016_FY.xlsx
2015_2016_FY,province_average,Prov / Avg.,L2/L8,L2,19.09090909090909,30,0.0,22 1 2015-04-01_2016-3-31 LTBAvgDayFirstHearing April2015-March2016_FY.xlsx
2015_2016_FY,province_average,Prov / Avg.,L2/L8,L8,19.09090909090909,30,0.0,22 1 2015-04-01_2016-3-31 LTBAvgDayFirstHearing April2015-March2016_FY.xlsx
2015_2016_FY,province_average,Prov / Avg.,L2/L8/L9,L2,12.5,30,0.0,22 1 2015-04-01_2016-3-31 LTBAvgDayFirstHearing April2015-March2016_FY.xlsx
2015_2016_FY,province_average,Prov / Avg.,L2/L8/L9,L8,12.5,30,0.0,22 1 2015-04-01_2016-3-31 LTBAvgDayFirstHearing April2015-March2016_FY.xlsx
2015_2016_FY,province_average,Prov / Avg.,L2/L8/L9,L9,12.5,30,0.0,22 1 2015-04-01_2016-3-31 LTBAvgDayFirstHearing April2015-March2016_FY.xlsx
2015_2016_FY,province_average,Prov / Avg.,L2/L9,L2,21.489841986455982,30,0.0,22 1 2015-04-01_2016-3-31 LTBAvgDayFirstHearing April2015-March2016_FY.xlsx
2015_2016_FY,province_average,Prov / Avg.,L2/L9,L9,21.489841986455982,30,0.0,22 1 2015-04-01_2016-3-31 LTBAvgDayFirstHearing April2015-March2016_FY.xlsx
2015_2016_FY,province_average,Prov / Avg.,L3,L3,25.24716553287982,30,0.0,22 1 2015-04-01_2016-3-31 LTBAvgDayFirstHearing April2015-March2016_FY.xlsx
2015_2016_FY,province_average,Prov / Avg.,L3/L8,L3,18.0,30,0.0,22 1 2015-04-01_2016-3-31 LTBAvgDayFirstHearing April2015-March2016_FY.xlsx
2015_2016_FY,province_average,Prov / Avg.,L3/L8,L8,18.0,30,0.0,22 1 2015-04-01_2016-3-31 LTBAvgDayFirstHearing April2015-March2016_FY.xlsx
2015_2016_FY,province_average,Prov / Avg.,L3/L8/L9,L3,23.0,30,0.0,22 1 2015-04-01_2016-3-31 LTBAvgDayFirstHearing April2015-March2016_FY.xlsx
2015_2016_FY,province_average,Prov / Avg.,L3/L8/L9,L8,23.0,30,0.0,22 1 2015-04-01_2016-3-31 LTBAvgDayFirstHearing April2015-March2016_FY.xlsx
2015_2016_FY,province_average,Prov / Avg.,L3/L8/L9,L9,23.0,30,0.0,22 1 2015-04-01_2016-3-31 LTBAvgDayFirstHearing April2015-March2016_FY.xlsx
2015_2016_FY,province_average,Prov / Avg.,L3/L9,L3,20.61764705882353,30,0.0,22 1 2015-04-01_2016-3-31 LTBAvgDayFirstHearing April2015-March2016_FY.xlsx
2015_2016_FY,province_average,Prov / Avg.,L3/L9,L9,20.61764705882353,30,0.0,22 1 2015-04-01_2016-3-31 LTBAvgDayFirstHearing April2015-March2016_FY.xlsx
2015_2016_FY,province_average,Prov / Avg.,L4,L4,30.640686274509804,30,0.0980392156862745,22 1 2015-04-01_2016-3-31 LTBAvgDayFirstHearing April2015-March2016_FY.xlsx
2015_2016_FY,province_average,Prov / Avg.,L4/L9,L4,28.0,30,0.0,22 1 2015-04-01_2016-3-31 LTBAvgDayFirstHearing April2015-March2016_FY.xlsx
2015_2016_FY,province_average,Prov / Avg.,L4/L9,L9,28.0,30,0.0,22 1 2015-04-01_2016-3-31 LTBAvgDayFirstHearing April2015-March2016_FY.xlsx
2015_2016_FY,province_average,Prov / Avg.,L5,L5,294.1494565217391,30,0.0,22 1 2015-04-01_2016-3-31 LTBAvgDayFirstHearing April2015-March2016_FY.xlsx
2015_2016_FY,province_average,Prov / Avg.,L6,L6,26.666666666666668,30,0.0,22 1 2015-04-01_2016-3-31 LTBAvgDayFirstHearing April2015-March2016_FY.xlsx
2015_2016_FY,province_average,Prov / Avg.,L7,L7,63.5,30,0.0,22 1 2015-04-01_2016-3-31 LTBAvgDayFirstHearing April2015-March2016_FY.xlsx
2015_2016_FY,province_average,Prov / Avg.,L8,L8,22.76923076923077,30,0.0,22 1 2015-04-01_2016-3-31 LTBAvgDayFirstHearing April2015-March2016_FY.xlsx
2015_2016_FY,province_average,Prov / Avg.,L9,L9,23.45,25,0.0543478260869565,22 1 2015-04-01_2016-3-31 LTBAvgDayFirstHearing April2015-March2016_FY.xlsx
2015_2016_FY,province_average,Prov / Avg.,L9/T6,L9,24.0,30,0.0,22 1 2015-04-01_2016-3-31 LTBAvgDayFirstHearing April2015-March2016_FY.xlsx
2015_2016_FY,province_average,Prov / Avg.,L9/T6,T6,24.0,30,0.0,22 1 2015-04-01_2016-3-31 LTBAvgDayFirstHearing April2015-March2016_FY.xlsx
2015_2016_FY,province_average,Prov / Avg.,T1,T1,25.31297709923664,30,0.0,22 1 2015-04-01_2016-3-31 LTBAvgDayFirstHearing April2015-March2016_FY.xlsx
2015_2016_FY,province_average,Prov / Avg.,T1/T2,T1,24.233532934131738,30,0.0,22 1 2015-04-01_2016-3-31 LTBAvgDayFirstHearing April2015-March2016_FY.xlsx
2015_2016_FY,province_average,Prov / Avg.,T1/T2,T2,24.233532934131738,30,0.0,22 1 2015-04-01_2016-3-31 LTBAvgDayFirstHearing April2015-March2016_FY.xlsx
2015_2016_FY,province_average,Prov / Avg.,T1/T2/T3,T1,29.2,30,0.0,22 1 2015-04-01_2016-3-31 LTBAvgDayFirstHearing April2015-March2016_FY.xlsx
2015_2016_FY,province_average,Prov / Avg.,T1/T2/T3,T2,29.2,30,0.0,22 1 2015-04-01_2016-3-31 LTBAvgDayFirstHearing April2015-March2016_FY.xlsx
2015_2016_FY,province_average,Prov / Avg.,T1/T2/T3,T3,29.2,30,0.0,22 1 2015-04-01_2016-3-31 LTBAvgDayFirstHearing April2015-March2016_FY.xlsx
2015_2016_FY,province_average,Prov / Avg.,T1/T2/T3/T5/T6,T1,23.0,30,0.0,22 1 2015-04-01_2016-3-31 LTBAvgDayFirstHearing April2015-March2016_FY.xlsx
2015_2016_FY,province_average,Prov / Avg.,T1/T2/T3/T5/T6,T2,23.0,30,0.0,22 1 2015-04-01_2016-3-31 LTBAvgDayFirstHearing April2015-March2016_FY.xlsx
2015_2016_FY,province_average,Prov / Avg.,T1/T2/T3/T5/T6,T3,23.0,30,0.0,22 1 2015-04-01_2016-3-31 LTBAvgDayFirstHearing April2015-March2016_FY.xlsx
2015_2016_FY,province_average,Prov / Avg.,T1/T2/T3/T5/T6,T5,23.0,30,0.0,22 1 2015-04-01_2016-3-31 LTBAvgDayFirstHearing April2015-March2016_FY.xlsx
2015_2016_FY,province_average,Prov / Avg.,T1/T2/T3/T5/T6,T6,23.0,30,0.0,22 1 2015-04-01_2016-3-31 LTBAvgDayFirstHearing April2015-March2016_FY.xlsx
2015_2016_FY,province_average,Prov / Avg.,T1/T2/T3/T6,T1,28.5,30,0.0,22 1 2015-04-01_2016-3-31 LTBAvgDayFirstHearing April2015-March2016_FY.xlsx
2015_2016_FY,province_average,Prov / Avg.,T1/T2/T3/T6,T2,28.5,30,0.0,22 1 2015-04-01_2016-3-31 LTBAvgDayFirstHearing April2015-March2016_FY.xlsx
2015_2016_FY,province_average,Prov / Avg.,T1/T2/T3/T6,T3,28.5,30,0.0,22 1 2015-04-01_2016-3-31 LTBAvgDayFirstHearing April2015-March2016_FY.xlsx
2015_2016_FY,province_average,Prov / Avg.,T1/T2/T3/T6,T6,28.5,30,0.0,22 1 2015-04-01_2016-3-31 LTBAvgDayFirstHearing April2015-March2016_FY.xlsx
2015_2016_FY,province_average,Prov / Avg.,T1/T2/T5,T1,21.0,30,0.0,22 1 2015-04-01_2016-3-31 LTBAvgDayFirstHearing April2015-March2016_FY.xlsx
2015_2016_FY,province_average,Prov / Avg.,T1/T2/T5,T2,21.0,30,0.0,22 1 2015-04-01_2016-3-31 LTBAvgDayFirstHearing April2015-March2016_FY.xlsx
2015_2016_FY,province_average,Prov / Avg.,T1/T2/T5,T5,21.0,30,0.0,22 1 2015-04-01_2016-3-31 LTBAvgDayFirstHearing April2015-March2016_FY.xlsx
2015_2016_FY,province_average,Prov / Avg.,T1/T2/T5/T6,T1,26.666666666666668,30,0.0,22 1 2015-04-01_2016-3-31 LTBAvgDayFirstHearing April2015-March2016_FY.xlsx
2015_2016_FY,province_average,Prov / Avg.,T1/T2/T5/T6,T2,26.666666666666668,30,0.0,22 1 2015-04-01_2016-3-31 LTBAvgDayFirstHearing April2015-March2016_FY.xlsx
2015_2016_FY,province_average,Prov / Avg.,T1/T2/T5/T6,T5,26.666666666666668,30,0.0,22 1 2015-04-01_2016-3-31 LTBAvgDayFirstHearing April2015-March2016_FY.xlsx
2015_2016_FY,province_average,Prov / Avg.,T1/T2/T5/T6,T6,26.666666666666668,30,0.0,22 1 2015-04-01_2016-3-31 LTBAvgDayFirstHearing April2015-March2016_FY.xlsx
2015_2016_FY,province_average,Prov / Avg.,T1/T2/T6,T1,25.742574257425744,30,0.0,22 1 2015-04-01_2016-3-31 LTBAvgDayFirstHearing April2015-March2016_FY.xlsx
2015_2016_FY,province_average,Prov / Avg.,T1/T2/T6,T2,25.742574257425744,30,0.0,22 1 2015-04-01_2016-3-31 LTBAvgDayFirstHearing April2015-March2016_FY.xlsx
2015_2016_FY,province_average,Prov / Avg.,T1/T2/T6,T6,25.742574257425744,30,0.0,22 1 2015-04-01_2016-3-31 LTBAvgDayFirstHearing April2015-March2016_FY.xlsx
2015_2016_FY,province_average,Prov / Avg.,T1/T3,T1,23.333333333333332,30,0.0,22 1 2015-04-01_2016-3-31 LTBAvgDayFirstHearing April2015-March2016_FY.xlsx
2015_2016_FY,province_average,Prov / Avg.,T1/T3,T3,23.333333333333332,30,0.0,22 1 2015-04-01_2016-3-31 LTBAvgDayFirstHearing April2015-March2016_FY.xlsx
2015_2016_FY,province_average,Prov / Avg.,T1/T3/T6,T1,29.0,30,0.0,22 1 2015-04-01_2016-3-31 LTBAvgDayFirstHearing April2015-March2016_FY.xlsx
2015_2016_FY,province_average,Prov / Avg.,T1/T3/T6,T3,29.0,30,0.0,22 1 2015-04-01_2016-3-31 LTBAvgDayFirstHearing April2015-March2016_FY.xlsx
2015_2016_FY,province_average,Prov / Avg.,T1/T3/T6,T6,29.0,30,0.0,22 1 2015-04-01_2016-3-31 LTBAvgDayFirstHearing April2015-March2016_FY.xlsx
2015_2016_FY,province_average,Prov / Avg.,T1/T5,T1,27.285714285714285,30,0.0,22 1 2015-04-01_2016-3-31 LTBAvgDayFirstHearing April2015-March2016_FY.xlsx
2015_2016_FY,province_average,Prov / Avg.,T1/T5,T5,27.285714285714285,30,0.0,22 1 2015-04-01_2016-3-31 LTBAvgDayFirstHearing April2015-March2016_FY.xlsx
2015_2016_FY,province_average,Prov / Avg.,T1/T5/T6,T1,17.0,30,0.0,22 1 2015-04-01_2016-3-31 LTBAvgDayFirstHearing April2015-March2016_FY.xlsx
2015_2016_FY,province_average,Prov / Avg.,T1/T5/T6,T5,17.0,30,0.0,22 1 2015-04-01_2016-3-31 LTBAvgDayFirstHearing April2015-March2016_FY.xlsx
2015_2016_FY,province_average,Prov / Avg.,T1/T5/T6,T6,17.0,30,0.0,22 1 2015-04-01_2016-3-31 LTBAvgDayFirstHearing April2015-March2016_FY.xlsx
2015_2016_FY,province_average,Prov / Avg.,T1/T6,T1,24.836363636363636,30,0.0,22 1 2015-04-01_2016-3-31 LTBAvgDayFirstHearing April2015-March2016_FY.xlsx
2015_2016_FY,province_average,Prov / Avg.,T1/T6,T6,24.836363636363636,30,0.0,22 1 2015-04-01_2016-3-31 LTBAvgDayFirstHearing April2015-March2016_FY.xlsx
2015_2016_FY,province_average,Prov / Avg.,T1/T7,T1,12.0,30,0.0,22 1 2015-04-01_2016-3-31 LTBAvgDayFirstHearing April2015-March2016_FY.xlsx
2015_2016_FY,province_average,Prov / Avg.,T1/T7,T7,12.0,30,0.0,22 1 2015-04-01_2016-3-31 LTBAvgDayFirstHearing April2015-March2016_FY.xlsx
2015_2016_FY,province_average,Prov / Avg.,T2,T2,25.462296829203304,30,0.0799360511590727,22 1 2015-04-01_2016-3-31 LTBAvgDayFirstHearing April2015-March2016_FY.xlsx
2015_2016_FY,province_average,Prov / Avg.,T2/T3,T2,23.956521739130434,30,0.0,22 1 2015-04-01_2016-3-31 LTBAvgDayFirstHearing April2015-March2016_FY.xlsx
2015_2016_FY,province_average,Prov / Avg.,T2/T3,T3,23.956521739130434,30,0.0,22 1 2015-04-01_2016-3-31 LTBAvgDayFirstHearing April2015-March2016_FY.xlsx
2015_2016_FY,province_average,Prov / Avg.,T2/T3/T5,T2,27.0,30,0.0,22 1 2015-04-01_2016-3-31 LTBAvgDayFirstHearing April2015-March2016_FY.xlsx
2015_2016_FY,province_average,Prov / Avg.,T2/T3/T5,T3,27.0,30,0.0,22 1 2015-04-01_2016-3-31 LTBAvgDayFirstHearing April2015-March2016_FY.xlsx
2015_2016_FY,province_average,Prov / Avg.,T2/T3/T5,T5,27.0,30,0.0,22 1 2015-04-01_2016-3-31 LTBAvgDayFirstHearing April2015-March2016_FY.xlsx
2015_2016_FY,province_average,Prov / Avg.,T2/T3/T6,T2,25.852941176470587,30,0.0,22 1 2015-04-01_2016-3-31 LTBAvgDayFirstHearing April2015-March2016_FY.xlsx
2015_2016_FY,province_average,Prov / Avg.,T2/T3/T6,T3,25.852941176470587,30,0.0,22 1 2015-04-01_2016-3-31 LTBAvgDayFirstHearing April2015-March2016_FY.xlsx
2015_2016_FY,province_average,Prov / Avg.,T2/T3/T6,T6,25.852941176470587,30,0.0,22 1 2015-04-01_2016-3-31 LTBAvgDayFirstHearing April2015-March2016_FY.xlsx
2015_2016_FY,province_average,Prov / Avg.,T2/T4,T2,32.0,30,0.0,22 1 2015-04-01_2016-3-31 LTBAvgDayFirstHearing April2015-March2016_FY.xlsx
2015_2016_FY,province_average,Prov / Avg.,T2/T4,T4,32.0,30,0.0,22 1 2015-04-01_2016-3-31 LTBAvgDayFirstHearing April2015-March2016_FY.xlsx
2015_2016_FY,province_average,Prov / Avg.,T2/T4/T6,T2,18.0,30,0.0,22 1 2015-04-01_2016-3-31 LTBAvgDayFirstHearing April2015-March2016_FY.xlsx
2015_2016_FY,province_average,Prov / Avg.,T2/T4/T6,T4,18.0,30,0.0,22 1 2015-04-01_2016-3-31 LTBAvgDayFirstHearing April2015-March2016_FY.xlsx
2015_2016_FY,province_average,Prov / Avg.,T2/T4/T6,T6,18.0,30,0.0,22 1 2015-04-01_2016-3-31 LTBAvgDayFirstHearing April2015-March2016_FY.xlsx
2015_2016_FY,province_average,Prov / Avg.,T2/T5,T2,30.666666666666668,30,0.0,22 1 2015-04-01_2016-3-31 LTBAvgDayFirstHearing April2015-March2016_FY.xlsx
2015_2016_FY,province_average,Prov / Avg.,T2/T5,T5,30.666666666666668,30,0.0,22 1 2015-04-01_2016-3-31 LTBAvgDayFirstHearing April2015-March2016_FY.xlsx
2015_2016_FY,province_average,Prov / Avg.,T2/T5/T6,T2,23.714285714285715,30,0.0,22 1 2015-04-01_2016-3-31 LTBAvgDayFirstHearing April2015-March2016_FY.xlsx
2015_2016_FY,province_average,Prov / Avg.,T2/T5/T6,T5,23.714285714285715,30,0.0,22 1 2015-04-01_2016-3-31 LTBAvgDayFirstHearing April2015-March2016_FY.xlsx
2015_2016_FY,province_average,Prov / Avg.,T2/T5/T6,T6,23.714285714285715,30,0.0,22 1 2015-04-01_2016-3-31 LTBAvgDayFirstHearing April2015-March2016_FY.xlsx
2015_2016_FY,province_average,Prov / Avg.,T2/T6,T2,26.414092664092664,30,0.0965250965250965,22 1 2015-04-01_2016-3-31 LTBAvgDayFirstHearing April2015-March2016_FY.xlsx
2015_2016_FY,province_average,Prov / Avg.,T2/T6,T6,26.414092664092664,30,0.0965250965250965,22 1 2015-04-01_2016-3-31 LTBAvgDayFirstHearing April2015-March2016_FY.xlsx
2015_2016_FY,province_average,Prov / Avg.,T2/T6/T7,T2,63.0,30,0.0,22 1 2015-04-01_2016-3-31 LTBAvgDayFirstHearing April2015-March2016_FY.xlsx
2015_2016_FY,province_average,Prov / Avg.,T2/T6/T7,T6,63.0,30,0.0,22 1 2015-04-01_2016-3-31 LTBAvgDayFirstHearing April2015-March2016_FY.xlsx
2015_2016_FY,province_average,Prov / Avg.,T2/T6/T7,T7,63.0,30,0.0,22 1 2015-04-01_2016-3-31 LTBAvgDayFirstHearing April2015-March2016_FY.xlsx
2015_2016_FY,province_average,Prov / Avg.,T2/T7,T2,25.0,30,0.0,22 1 2015-04-01_2016-3-31 LTBAvgDayFirstHearing April2015-March2016_FY.xlsx
2015_2016_FY,province_average,Prov / Avg.,T2/T7,T7,25.0,30,0.0,22 1 2015-04-01_2016-3-31 LTBAvgDayFirstHearing April2015-March2016_FY.xlsx
2015_2016_FY,province_average,Prov / Avg.,T3,T3,23.140625,30,0.0,22 1 2015-04-01_2016-3-31 LTBAvgDayFirstHearing April2015-March2016_FY.xlsx
2015_2016_FY,province_average,Prov / Avg.,T3/T6,T3,25.3,30,0.0,22 1 2015-04-01_2016-3-31 LTBAvgDayFirstHearing April2015-March2016_FY.xlsx
2015_2016_FY,province_average,Prov / Avg.,T3/T6,T6,25.3,30,0.0,22 1 2015-04-01_2016-3-31 LTBAvgDayFirstHearing April2015-March2016_FY.xlsx
2015_2016_FY,province_average,Prov / Avg.,T4/T5,T4,26.0,30,0.0,22 1 2015-04-01_2016-3-31 LTBAvgDayFirstHearing April2015-March2016_FY.xlsx
2015_2016_FY,province_average,Prov / Avg.,T4/T5,T5,26.0,30,0.0,22 1 2015-04-01_2016-3-31 LTBAvgDayFirstHearing April2015-March2016_FY.xlsx
2015_2016_FY,province_average,Prov / Avg.,T5,T5,30.5906432748538,30,0.0,22 1 2015-04-01_2016-3-31 LTBAvgDayFirstHearing April2015-March2016_FY.xlsx
2015_2016_FY,province_average,Prov / Avg.,T5/T6,T5,15.333333333333334,30,0.0,22 1 2015-04-01_2016-3-31 LTBAvgDayFirstHearing April2015-March2016_FY.xlsx
2015_2016_FY,province_average,Prov / Avg.,T5/T6,T6,15.333333333333334,30,0.0,22 1 2015-04-01_2016-3-31 LTBAvgDayFirstHearing April2015-March2016_FY.xlsx
2015_2016_FY,province_average,Prov / Avg.,T6,T6,26.469715698393077,30,0.0,22 1 2015-04-01_2016-3-31 LTBAvgDayFirstHearing April2015-March2016_FY.xlsx
2015_2016_FY,province_average,Prov / Avg.,T7,T7,27.727272727272727,30,0.0,22 1 2015-04-01_2016-3-31 LTBAvgDayFirstHearing April2015-March2016_FY.xlsx
2015_2016_FY,region_central,CE,A1,A1_L,27.4,30,0.0,22 1 2015-04-01_2016-3-31 LTBAvgDayFirstHearing April2015-March2016_FY.xlsx
2015_2016_FY,region_central,CE,A1,A1_T,32.0,30,0.0,22 1 2015-04-01_2016-3-31 LTBAvgDayFirstHearing April2015-March2016_FY.xlsx
2015_2016_FY,region_central,CE,A1/A2,A1_L,27.0,30,0.0,22 1 2015-04-01_2016-3-31 LTBAvgDayFirstHearing April2015-March2016_FY.xlsx
2015_2016_FY,region_central,CE,A1/A2,A2_L,27.0,30,0.0,22 1 2015-04-01_2016-3-31 LTBAvgDayFirstHearing April2015-March2016_FY.xlsx
2015_2016_FY,region_central,CE,A1/T1/T5,A1_T,41.0,30,0.0,22 1 2015-04-01_2016-3-31 LTBAvgDayFirstHearing April2015-March2016_FY.xlsx
2015_2016_FY,region_central,CE,A1/T1/T5,T1,41.0,30,0.0,22 1 2015-04-01_2016-3-31 LTBAvgDayFirstHearing April2015-March2016_FY.xlsx
2015_2016_FY,region_central,CE,A1/T1/T5,T5,41.0,30,0.0,22 1 2015-04-01_2016-3-31 LTBAvgDayFirstHearing April2015-March2016_FY.xlsx
2015_2016_FY,region_central,CE,A2,A2_L,21.322580645161292,30,0.0,22 1 2015-04-01_2016-3-31 LTBAvgDayFirstHearing April2015-March2016_FY.xlsx
2015_2016_FY,region_central,CE,A2,A2_T,25.75,30,0.0,22 1 2015-04-01_2016-3-31 LTBAvgDayFirstHearing April2015-March2016_FY.xlsx
2015_2016_FY,region_central,CE,A2/L1,A2_L,27.0,30,0.0,22 1 2015-04-01_2016-3-31 LTBAvgDayFirstHearing April2015-March2016_FY.xlsx
2015_2016_FY,region_central,CE,A2/L1,L1,27.0,30,0.0,22 1 2015-04-01_2016-3-31 LTBAvgDayFirstHearing April2015-March2016_FY.xlsx
2015_2016_FY,region_central,CE,A2/L2,A2_L,22.0,30,0.0,22 1 2015-04-01_2016-3-31 LTBAvgDayFirstHearing April2015-March2016_FY.xlsx
2015_2016_FY,region_central,CE,A2/L2,L2,22.0,30,0.0,22 1 2015-04-01_2016-3-31 LTBAvgDayFirstHearing April2015-March2016_FY.xlsx
2015_2016_FY,region_central,CE,A2/T1,A2_T,19.0,30,0.0,22 1 2015-04-01_2016-3-31 LTBAvgDayFirstHearing April2015-March2016_FY.xlsx
2015_2016_FY,region_central,CE,A2/T1,T1,19.0,30,0.0,22 1 2015-04-01_2016-3-31 LTBAvgDayFirstHearing April2015-March2016_FY.xlsx
2015_2016_FY,region_central,CE,A2/T2/T3/T6,A2_T,24.0,30,0.0,22 1 2015-04-01_2016-3-31 LTBAvgDayFirstHearing April2015-March2016_FY.xlsx
2015_2016_FY,region_central,CE,A2/T2/T3/T6,T2,24.0,30,0.0,22 1 2015-04-01_2016-3-31 LTBAvgDayFirstHearing April2015-March2016_FY.xlsx
2015_2016_FY,region_central,CE,A2/T2/T3/T6,T3,24.0,30,0.0,22 1 2015-04-01_2016-3-31 LTBAvgDayFirstHearing April2015-March2016_FY.xlsx
2015_2016_FY,region_central,CE,A2/T2/T3/T6,T6,24.0,30,0.0,22 1 2015-04-01_2016-3-31 LTBAvgDayFirstHearing April2015-March2016_FY.xlsx
2015_2016_FY,region_central,CE,L1,L1,22.701948182365935,25,0.1004217714400482,22 1 2015-04-01_2016-3-31 LTBAvgDayFirstHearing April2015-March2016_FY.xlsx
2015_2016_FY,region_central,CE,L1/L2,L1,22.61407249466951,30,0.2132196162046908,22 1 2015-04-01_2016-3-31 LTBAvgDayFirstHearing April2015-March2016_FY.xlsx
2015_2016_FY,region_central,CE,L1/L2,L2,22.61407249466951,30,0.2132196162046908,22 1 2015-04-01_2016-3-31 LTBAvgDayFirstHearing April2015-March2016_FY.xlsx
2015_2016_FY,region_central,CE,L1/L2/L3,L1,21.0,30,0.0,22 1 2015-04-01_2016-3-31 LTBAvgDayFirstHearing April2015-March2016_FY.xlsx
2015_2016_FY,region_central,CE,L1/L2/L3,L2,21.0,30,0.0,22 1 2015-04-01_2016-3-31 LTBAvgDayFirstHearing April2015-March2016_FY.xlsx
2015_2016_FY,region_central,CE,L1/L2/L3,L3,21.0,30,0.0,22 1 2015-04-01_2016-3-31 LTBAvgDayFirstHearing April2015-March2016_FY.xlsx
2015_2016_FY,region_central,CE,L1/L2/L8,L1,16.4,30,0.0,22 1 2015-04-01_2016-3-31 LTBAvgDayFirstHearing April2015-March2016_FY.xlsx
2015_2016_FY,region_central,CE,L1/L2/L8,L2,16.4,30,0.0,22 1 2015-04-01_2016-3-31 LTBAvgDayFirstHearing April2015-March2016_FY.xlsx
2015_2016_FY,region_central,CE,L1/L2/L8,L8,16.4,30,0.0,22 1 2015-04-01_2016-3-31 LTBAvgDayFirstHearing April2015-March2016_FY.xlsx
2015_2016_FY,region_central,CE,L1/L2/L9,L1,17.0,30,0.0,22 1 2015-04-01_2016-3-31 LTBAvgDayFirstHearing April2015-March2016_FY.xlsx
2015_2016_FY,region_central,CE,L1/L2/L9,L2,17.0,30,0.0,22 1 2015-04-01_2016-3-31 LTBAvgDayFirstHearing April2015-March2016_FY.xlsx
2015_2016_FY,region_central,CE,L1/L2/L9,L9,17.0,30,0.0,22 1 2015-04-01_2016-3-31 LTBAvgDayFirstHearing April2015-March2016_FY.xlsx
2015_2016_FY,region_central,CE,L1/L3,L1,19.9375,30,0.0,22 1 2015-04-01_2016-3-31 LTBAvgDayFirstHearing April2015-March2016_FY.xlsx
2015_2016_FY,region_central,CE,L1/L3,L3,19.9375,30,0.0,22 1 2015-04-01_2016-3-31 LTBAvgDayFirstHearing April2015-March2016_FY.xlsx
2015_2016_FY,region_central,CE,L1/L8,L1,20.5,30,0.0,22 1 2015-04-01_2016-3-31 LTBAvgDayFirstHearing April2015-March2016_FY.xlsx
2015_2016_FY,region_central,CE,L1/L8,L8,20.5,30,0.0,22 1 2015-04-01_2016-3-31 LTBAvgDayFirstHearing April2015-March2016_FY.xlsx
2015_2016_FY,region_central,CE,L1/T2/T6,L1,10.0,30,0.0,22 1 2015-04-01_2016-3-31 LTBAvgDayFirstHearing April2015-March2016_FY.xlsx
2015_2016_FY,region_central,CE,L1/T2/T6,T2,10.0,30,0.0,22 1 2015-04-01_2016-3-31 LTBAvgDayFirstHearing April2015-March2016_FY.xlsx
2015_2016_FY,region_central,CE,L1/T2/T6,T6,10.0,30,0.0,22 1 2015-04-01_2016-3-31 LTBAvgDayFirstHearing April2015-March2016_FY.xlsx
2015_2016_FY,region_central,CE,L2,L2,21.784069097888676,30,0.0959692898272553,22 1 2015-04-01_2016-3-31 LTBAvgDayFirstHearing April2015-March2016_FY.xlsx
2015_2016_FY,region_central,CE,L2/L3,L2,26.0,30,0.0,22 1 2015-04-01_2016-3-31 LTBAvgDayFirstHearing April2015-March2016_FY.xlsx
2015_2016_FY,region_central,CE,L2/L3,L3,26.0,30,0.0,22 1 2015-04-01_2016-3-31 LTBAvgDayFirstHearing April2015-March2016_FY.xlsx
2015_2016_FY,region_central,CE,L2/L3/L9,L2,38.0,30,0.0,22 1 2015-04-01_2016-3-31 LTBAvgDayFirstHearing April2015-March2016_FY.xlsx
2015_2016_FY,region_central,CE,L2/L3/L9,L3,38.0,30,0.0,22 1 2015-04-01_2016-3-31 LTBAvgDayFirstHearing April2015-March2016_FY.xlsx
2015_2016_FY,region_central,CE,L2/L3/L9,L9,38.0,30,0.0,22 1 2015-04-01_2016-3-31 LTBAvgDayFirstHearing April2015-March2016_FY.xlsx
2015_2016_FY,region_central,CE,L2/L8,L2,13.5,30,0.0,22 1 2015-04-01_2016-3-31 LTBAvgDayFirstHearing April2015-March2016_FY.xlsx
2015_2016_FY,region_central,CE,L2/L8,L8,13.5,30,0.0,22 1 2015-04-01_2016-3-31 LTBAvgDayFirstHearing April2015-March2016_FY.xlsx
2015_2016_FY,region_central,CE,L2/L9,L2,21.405797101449274,30,0.0,22 1 2015-04-01_2016-3-31 LTBAvgDayFirstHearing April2015-March2016_FY.xlsx
2015_2016_FY,region_central,CE,L2/L9,L9,21.405797101449274,30,0.0,22 1 2015-04-01_2016-3-31 LTBAvgDayFirstHearing April2015-March2016_FY.xlsx
2015_2016_FY,region_central,CE,L3,L3,23.919540229885058,30,0.0,22 1 2015-04-01_2016-3-31 LTBAvgDayFirstHearing April2015-March2016_FY.xlsx
2015_2016_FY,region_central,CE,L3/L9,L3,22.375,30,0.0,22 1 2015-04-01_2016-3-31 LTBAvgDayFirstHearing April2015-March2016_FY.xlsx
2015_2016_FY,region_central,CE,L3/L9,L9,22.375,30,0.0,22 1 2015-04-01_2016-3-31 LTBAvgDayFirstHearing April2015-March2016_FY.xlsx
2015_2016_FY,region_central,CE,L4,L4,29.877450980392158,30,0.0,22 1 2015-04-01_2016-3-31 LTBAvgDayFirstHearing April2015-March2016_FY.xlsx
2015_2016_FY,region_central,CE,L5,L5,330.39473684210526,30,0.0,22 1 2015-04-01_2016-3-31 LTBAvgDayFirstHearing April2015-March2016_FY.xlsx
2015_2016_FY,region_central,CE,L6,L6,23.0,30,0.0,22 1 2015-04-01_2016-3-31 LTBAvgDayFirstHearing April2015-March2016_FY.xlsx
2015_2016_FY,region_central,CE,L7,L7,37.0,30,0.0,22 1 2015-04-01_2016-3-31 LTBAvgDayFirstHearing April2015-March2016_FY.xlsx
2015_2016_FY,region_central,CE,L8,L8,21.333333333333332,30,0.0,22 1 2015-04-01_2016-3-31 LTBAvgDayFirstHearing April2015-March2016_FY.xlsx
2015_2016_FY,region_central,CE,L9,L9,23.99438202247191,25,0.0,22 1 2015-04-01_2016-3-31 LTBAvgDayFirstHearing April2015-March2016_FY.xlsx
2015_2016_FY,region_central,CE,T1,T1,26.839506172839506,30,0.0,22 1 2015-04-01_2016-3-31 LTBAvgDayFirstHearing April2015-March2016_FY.xlsx
2015_2016_FY,region_central,CE,T1/T2,T1,22.40740740740741,30,0.0,22 1 2015-04-01_2016-3-31 LTBAvgDayFirstHearing April2015-March2016_FY.xlsx
2015_2016_FY,region_central,CE,T1/T2,T2,22.40740740740741,30,0.0,22 1 2015-04-01_2016-3-31 LTBAvgDayFirstHearing April2015-March2016_FY.xlsx
2015_2016_FY,region_central,CE,T1/T2/T5/T6,T1,31.0,30,0.0,22 1 2015-04-01_2016-3-31 LTBAvgDayFirstHearing April2015-March2016_FY.xlsx
2015_2016_FY,region_central,CE,T1/T2/T5/T6,T2,31.0,30,0.0,22 1 2015-04-01_2016-3-31 LTBAvgDayFirstHearing April2015-March2016_FY.xlsx
2015_2016_FY,region_central,CE,T1/T2/T5/T6,T5,31.0,30,0.0,22 1 2015-04-01_2016-3-31 LTBAvgDayFirstHearing April2015-March2016_FY.xlsx
2015_2016_FY,region_central,CE,T1/T2/T5/T6,T6,31.0,30,0.0,22 1 2015-04-01_2016-3-31 LTBAvgDayFirstHearing April2015-March2016_FY.xlsx
2015_2016_FY,region_central,CE,T1/T2/T6,T1,25.1875,30,0.0,22 1 2015-04-01_2016-3-31 LTBAvgDayFirstHearing April2015-March2016_FY.xlsx
2015_2016_FY,region_central,CE,T1/T2/T6,T2,25.1875,30,0.0,22 1 2015-04-01_2016-3-31 LTBAvgDayFirstHearing April2015-March2016_FY.xlsx
2015_2016_FY,region_central,CE,T1/T2/T6,T6,25.1875,30,0.0,22 1 2015-04-01_2016-3-31 LTBAvgDayFirstHearing April2015-March2016_FY.xlsx
2015_2016_FY,region_central,CE,T1/T3/T6,T1,29.0,30,0.0,22 1 2015-04-01_2016-3-31 LTBAvgDayFirstHearing April2015-March2016_FY.xlsx
2015_2016_FY,region_central,CE,T1/T3/T6,T3,29.0,30,0.0,22 1 2015-04-01_2016-3-31 LTBAvgDayFirstHearing April2015-March2016_FY.xlsx
2015_2016_FY,region_central,CE,T1/T3/T6,T6,29.0,30,0.0,22 1 2015-04-01_2016-3-31 LTBAvgDayFirstHearing April2015-March2016_FY.xlsx
2015_2016_FY,region_central,CE,T1/T5,T1,18.0,30,0.0,22 1 2015-04-01_2016-3-31 LTBAvgDayFirstHearing April2015-March2016_FY.xlsx
2015_2016_FY,region_central,CE,T1/T5,T5,18.0,30,0.0,22 1 2015-04-01_2016-3-31 LTBAvgDayFirstHearing April2015-March2016_FY.xlsx
2015_2016_FY,region_central,CE,T1/T6,T1,24.125,30,0.0,22 1 2015-04-01_2016-3-31 LTBAvgDayFirstHearing April2015-March2016_FY.xlsx
2015_2016_FY,region_central,CE,T1/T6,T6,24.125,30,0.0,22 1 2015-04-01_2016-3-31 LTBAvgDayFirstHearing April2015-March2016_FY.xlsx
2015_2016_FY,region_central,CE,T2,T2,23.192468619246863,30,0.2092050209205021,22 1 2015-04-01_2016-3-31 LTBAvgDayFirstHearing April2015-March2016_FY.xlsx
2015_2016_FY,region_central,CE,T2/T3,T2,25.444444444444443,30,0.0,22 1 2015-04-01_2016-3-31 LTBAvgDayFirstHearing April2015-March2016_FY.xlsx
2015_2016_FY,region_central,CE,T2/T3,T3,25.444444444444443,30,0.0,22 1 2015-04-01_2016-3-31 LTBAvgDayFirstHearing April2015-March2016_FY.xlsx
2015_2016_FY,region_central,CE,T2/T3/T6,T2,24.8,30,0.0,22 1 2015-04-01_2016-3-31 LTBAvgDayFirstHearing April2015-March2016_FY.xlsx
2015_2016_FY,region_central,CE,T2/T3/T6,T3,24.8,30,0.0,22 1 2015-04-01_2016-3-31 LTBAvgDayFirstHearing April2015-March2016_FY.xlsx
2015_2016_FY,region_central,CE,T2/T3/T6,T6,24.8,30,0.0,22 1 2015-04-01_2016-3-31 LTBAvgDayFirstHearing April2015-March2016_FY.xlsx
2015_2016_FY,region_central,CE,T2/T5,T2,33.0,30,0.0,22 1 2015-04-01_2016-3-31 LTBAvgDayFirstHearing April2015-March2016_FY.xlsx
2015_2016_FY,region_central,CE,T2/T5,T5,33.0,30,0.0,22 1 2015-04-01_2016-3-31 LTBAvgDayFirstHearing April2015-March2016_FY.xlsx
2015_2016_FY,region_central,CE,T2/T5/T6,T2,24.5,30,0.0,22 1 2015-04-01_2016-3-31 LTBAvgDayFirstHearing April2015-March2016_FY.xlsx
2015_2016_FY,region_central,CE,T2/T5/T6,T5,24.5,30,0.0,22 1 2015-04-01_2016-3-31 LTBAvgDayFirstHearing April2015-March2016_FY.xlsx
2015_2016_FY,region_central,CE,T2/T5/T6,T6,24.5,30,0.0,22 1 2015-04-01_2016-3-31 LTBAvgDayFirstHearing April2015-March2016_FY.xlsx
2015_2016_FY,region_central,CE,T2/T6,T2,24.1171875,30,0.0,22 1 2015-04-01_2016-3-31 LTBAvgDayFirstHearing April2015-March2016_FY.xlsx
2015_2016_FY,region_central,CE,T2/T6,T6,24.1171875,30,0.0,22 1 2015-04-01_2016-3-31 LTBAvgDayFirstHearing April2015-March2016_FY.xlsx
2015_2016_FY,region_central,CE,T2/T6/T7,T2,63.0,30,0.0,22 1 2015-04-01_2016-3-31 LTBAvgDayFirstHearing April2015-March2016_FY.xlsx
2015_2016_FY,region_central,CE,T2/T6/T7,T6,63.0,30,0.0,22 1 2015-04-01_2016-3-31 LTBAvgDayFirstHearing April2015-March2016_FY.xlsx
2015_2016_FY,region_central,CE,T2/T6/T7,T7,63.0,30,0.0,22 1 2015-04-01_2016-3-31 LTBAvgDayFirstHearing April2015-March2016_FY.xlsx
2015_2016_FY,region_central,CE,T2/T7,T2,20.0,30,0.0,22 1 2015-04-01_2016-3-31 LTBAvgDayFirstHearing April2015-March2016_FY.xlsx
2015_2016_FY,region_central,CE,T2/T7,T7,20.0,30,0.0,22 1 2015-04-01_2016-3-31 LTBAvgDayFirstHearing April2015-March2016_FY.xlsx
2015_2016_FY,region_central,CE,T3,T3,18.75,30,0.0,22 1 2015-04-01_2016-3-31 LTBAvgDayFirstHearing April2015-March2016_FY.xlsx
2015_2016_FY,region_central,CE,T3/T6,T3,22.5,30,0.0,22 1 2015-04-01_2016-3-31 LTBAvgDayFirstHearing April2015-March2016_FY.xlsx
2015_2016_FY,region_central,CE,T3/T6,T6,22.5,30,0.0,22 1 2015-04-01_2016-3-31 LTBAvgDayFirstHearing April2015-March2016_FY.xlsx
2015_2016_FY,region_central,CE,T5,T5,28.055555555555557,30,0.0,22 1 2015-04-01_2016-3-31 LTBAvgDayFirstHearing April2015-March2016_FY.xlsx
2015_2016_FY,region_central,CE,T5/T6,T5,18.0,30,0.0,22 1 2015-04-01_2016-3-31 LTBAvgDayFirstHearing April2015-March2016_FY.xlsx
2015_2016_FY,region_central,CE,T5/T6,T6,18.0,30,0.0,22 1 2015-04-01_2016-3-31 LTBAvgDayFirstHearing April2015-March2016_FY.xlsx
2015_2016_FY,region_central,CE,T6,T6,24.45086705202312,30,0.0,22 1 2015-04-01_2016-3-31 LTBAvgDayFirstHearing April2015-March2016_FY.xlsx
2015_2016_FY,region_central,CE,T7,T7,23.5,30,0.0,22 1 2015-04-01_2016-3-31 LTBAvgDayFirstHearing April2015-March2016_FY.xlsx
2015_2016_FY,region_eastern,EA,A1,A1_L,27.22222222222222,30,0.0,22 1 2015-04-01_2016-3-31 LTBAvgDayFirstHearing April2015-March2016_FY.xlsx
2015_2016_FY,region_eastern,EA,A1,A1_T,34.0,30,0.0,22 1 2015-04-01_2016-3-31 LTBAvgDayFirstHearing April2015-March2016_FY.xlsx
2015_2016_FY,region_eastern,EA,A1/T1/T2,A1_T,29.0,30,0.0,22 1 2015-04-01_2016-3-31 LTBAvgDayFirstHearing April2015-March2016_FY.xlsx
2015_2016_FY,region_eastern,EA,A1/T1/T2,T1,29.0,30,0.0,22 1 2015-04-01_2016-3-31 LTBAvgDayFirstHearing April2015-March2016_FY.xlsx
2015_2016_FY,region_eastern,EA,A1/T1/T2,T2,29.0,30,0.0,22 1 2015-04-01_2016-3-31 LTBAvgDayFirstHearing April2015-March2016_FY.xlsx
2015_2016_FY,region_eastern,EA,A2,A2_L,18.25,30,0.0,22 1 2015-04-01_2016-3-31 LTBAvgDayFirstHearing April2015-March2016_FY.xlsx
2015_2016_FY,region_eastern,EA,A2,A2_T,23.0,30,0.0,22 1 2015-04-01_2016-3-31 LTBAvgDayFirstHearing April2015-March2016_FY.xlsx
2015_2016_FY,region_eastern,EA,A2/T1/T2,A2_T,22.0,30,0.0,22 1 2015-04-01_2016-3-31 LTBAvgDayFirstHearing April2015-March2016_FY.xlsx
2015_2016_FY,region_eastern,EA,A2/T1/T2,T1,22.0,30,0.0,22 1 2015-04-01_2016-3-31 LTBAvgDayFirstHearing April2015-March2016_FY.xlsx
2015_2016_FY,region_eastern,EA,A2/T1/T2,T2,22.0,30,0.0,22 1 2015-04-01_2016-3-31 LTBAvgDayFirstHearing April2015-March2016_FY.xlsx
2015_2016_FY,region_eastern,EA,A2/T2,A2_T,17.0,30,0.0,22 1 2015-04-01_2016-3-31 LTBAvgDayFirstHearing April2015-March2016_FY.xlsx
2015_2016_FY,region_eastern,EA,A2/T2,T2,17.0,30,0.0,22 1 2015-04-01_2016-3-31 LTBAvgDayFirstHearing April2015-March2016_FY.xlsx
2015_2016_FY,region_eastern,EA,A2/T2/T3/T6,A2_T,18.0,30,0.0,22 1 2015-04-01_2016-3-31 LTBAvgDayFirstHearing April2015-March2016_FY.xlsx
2015_2016_FY,region_eastern,EA,A2/T2/T3/T6,T2,18.0,30,0.0,22 1 2015-04-01_2016-3-31 LTBAvgDayFirstHearing April2015-March2016_FY.xlsx
2015_2016_FY,region_eastern,EA,A2/T2/T3/T6,T3,18.0,30,0.0,22 1 2015-04-01_2016-3-31 LTBAvgDayFirstHearing April2015-March2016_FY.xlsx
2015_2016_FY,region_eastern,EA,A2/T2/T3/T6,T6,18.0,30,0.0,22 1 2015-04-01_2016-3-31 LTBAvgDayFirstHearing April2015-March2016_FY.xlsx
2015_2016_FY,region_eastern,EA,A2/T6,A2_T,16.0,30,0.0,22 1 2015-04-01_2016-3-31 LTBAvgDayFirstHearing April2015-March2016_FY.xlsx
2015_2016_FY,region_eastern,EA,A2/T6,T6,16.0,30,0.0,22 1 2015-04-01_2016-3-31 LTBAvgDayFirstHearing April2015-March2016_FY.xlsx
2015_2016_FY,region_eastern,EA,A4,A4_L,93.875,30,0.0,22 1 2015-04-01_2016-3-31 LTBAvgDayFirstHearing April2015-March2016_FY.xlsx
2015_2016_FY,region_eastern,EA,L1,L1,21.419605612438378,25,0.1327265832385286,22 1 2015-04-01_2016-3-31 LTBAvgDayFirstHearing April2015-March2016_FY.xlsx
2015_2016_FY,region_eastern,EA,L1/L2,L1,22.90717299578059,30,0.4219409282700422,22 1 2015-04-01_2016-3-31 LTBAvgDayFirstHearing April2015-March2016_FY.xlsx
2015_2016_FY,region_eastern,EA,L1/L2,L2,22.90717299578059,30,0.4219409282700422,22 1 2015-04-01_2016-3-31 LTBAvgDayFirstHearing April2015-March2016_FY.xlsx
2015_2016_FY,region_eastern,EA,L1/L2/L8,L1,34.0,30,0.0,22 1 2015-04-01_2016-3-31 LTBAvgDayFirstHearing April2015-March2016_FY.xlsx
2015_2016_FY,region_eastern,EA,L1/L2/L8,L2,34.0,30,0.0,22 1 2015-04-01_2016-3-31 LTBAvgDayFirstHearing April2015-March2016_FY.xlsx
2015_2016_FY,region_eastern,EA,L1/L2/L8,L8,34.0,30,0.0,22 1 2015-04-01_2016-3-31 LTBAvgDayFirstHearing April2015-March2016_FY.xlsx
2015_2016_FY,region_eastern,EA,L1/L3,L1,13.2,30,0.0,22 1 2015-04-01_2016-3-31 LTBAvgDayFirstHearing April2015-March2016_FY.xlsx
2015_2016_FY,region_eastern,EA,L1/L3,L3,13.2,30,0.0,22 1 2015-04-01_2016-3-31 LTBAvgDayFirstHearing April2015-March2016_FY.xlsx
2015_2016_FY,region_eastern,EA,L1/L8,L1,22.0,30,0.0,22 1 2015-04-01_2016-3-31 LTBAvgDayFirstHearing April2015-March2016_FY.xlsx
2015_2016_FY,region_eastern,EA,L1/L8,L8,22.0,30,0.0,22 1 2015-04-01_2016-3-31 LTBAvgDayFirstHearing April2015-March2016_FY.xlsx
2015_2016_FY,region_eastern,EA,L2,L2,22.833517089305403,30,0.1102535832414553,22 1 2015-04-01_2016-3-31 LTBAvgDayFirstHearing April2015-March2016_FY.xlsx
2015_2016_FY,region_eastern,EA,L2/L3,L2,17.5,30,0.0,22 1 2015-04-01_2016-3-31 LTBAvgDayFirstHearing April2015-March2016_FY.xlsx
2015_2016_FY,region_eastern,EA,L2/L3,L3,17.5,30,0.0,22 1 2015-04-01_2016-3-31 LTBAvgDayFirstHearing April2015-March2016_FY.xlsx
2015_2016_FY,region_eastern,EA,L2/L3/L9,L2,25.0,30,0.0,22 1 2015-04-01_2016-3-31 LTBAvgDayFirstHearing April2015-March2016_FY.xlsx
2015_2016_FY,region_eastern,EA,L2/L3/L9,L3,25.0,30,0.0,22 1 2015-04-01_2016-3-31 LTBAvgDayFirstHearing April2015-March2016_FY.xlsx
2015_2016_FY,region_eastern,EA,L2/L3/L9,L9,25.0,30,0.0,22 1 2015-04-01_2016-3-31 LTBAvgDayFirstHearing April2015-March2016_FY.xlsx
2015_2016_FY,region_eastern,EA,L2/L9,L2,25.133333333333333,30,0.0,22 1 2015-04-01_2016-3-31 LTBAvgDayFirstHearing April2015-March2016_FY.xlsx
2015_2016_FY,region_eastern,EA,L2/L9,L9,25.133333333333333,30,0.0,22 1 2015-04-01_2016-3-31 LTBAvgDayFirstHearing April2015-March2016_FY.xlsx
2015_2016_FY,region_eastern,EA,L3,L3,37.89473684210526,30,0.0,22 1 2015-04-01_2016-3-31 LTBAvgDayFirstHearing April2015-March2016_FY.xlsx
2015_2016_FY,region_eastern,EA,L3/L9,L3,16.5,30,0.0,22 1 2015-04-01_2016-3-31 LTBAvgDayFirstHearing April2015-March2016_FY.xlsx
2015_2016_FY,region_eastern,EA,L3/L9,L9,16.5,30,0.0,22 1 2015-04-01_2016-3-31 LTBAvgDayFirstHearing April2015-March2016_FY.xlsx
2015_2016_FY,region_eastern,EA,L4,L4,33.82608695652174,30,0.0,22 1 2015-04-01_2016-3-31 LTBAvgDayFirstHearing April2015-March2016_FY.xlsx
2015_2016_FY,region_eastern,EA,L5,L5,238.8846153846154,30,0.0,22 1 2015-04-01_2016-3-31 LTBAvgDayFirstHearing April2015-March2016_FY.xlsx
2015_2016_FY,region_eastern,EA,L6,L6,23.833333333333332,30,0.0,22 1 2015-04-01_2016-3-31 LTBAvgDayFirstHearing April2015-March2016_FY.xlsx
2015_2016_FY,region_eastern,EA,L8,L8,16.5,30,0.0,22 1 2015-04-01_2016-3-31 LTBAvgDayFirstHearing April2015-March2016_FY.xlsx
2015_2016_FY,region_eastern,EA,L9,L9,21.81313131313131,25,0.0,22 1 2015-04-01_2016-3-31 LTBAvgDayFirstHearing April2015-March2016_FY.xlsx
2015_2016_FY,region_eastern,EA,T1,T1,26.419354838709676,30,0.0,22 1 2015-04-01_2016-3-31 LTBAvgDayFirstHearing April2015-March2016_FY.xlsx
2015_2016_FY,region_eastern,EA,T1/T2,T1,26.529411764705884,30,0.0,22 1 2015-04-01_2016-3-31 LTBAvgDayFirstHearing April2015-March2016_FY.xlsx
2015_2016_FY,region_eastern,EA,T1/T2,T2,26.529411764705884,30,0.0,22 1 2015-04-01_2016-3-31 LTBAvgDayFirstHearing April2015-March2016_FY.xlsx
2015_2016_FY,region_eastern,EA,T1/T2/T6,T1,27.0,30,0.0,22 1 2015-04-01_2016-3-31 LTBAvgDayFirstHearing April2015-March2016_FY.xlsx
2015_2016_FY,region_eastern,EA,T1/T2/T6,T2,27.0,30,0.0,22 1 2015-04-01_2016-3-31 LTBAvgDayFirstHearing April2015-March2016_FY.xlsx
2015_2016_FY,region_eastern,EA,T1/T2/T6,T6,27.0,30,0.0,22 1 2015-04-01_2016-3-31 LTBAvgDayFirstHearing April2015-March2016_FY.xlsx
2015_2016_FY,region_eastern,EA,T1/T5/T6,T1,26.0,30,0.0,22 1 2015-04-01_2016-3-31 LTBAvgDayFirstHearing April2015-March2016_FY.xlsx
2015_2016_FY,region_eastern,EA,T1/T5/T6,T5,26.0,30,0.0,22 1 2015-04-01_2016-3-31 LTBAvgDayFirstHearing April2015-March2016_FY.xlsx
2015_2016_FY,region_eastern,EA,T1/T5/T6,T6,26.0,30,0.0,22 1 2015-04-01_2016-3-31 LTBAvgDayFirstHearing April2015-March2016_FY.xlsx
2015_2016_FY,region_eastern,EA,T1/T6,T1,22.333333333333332,30,0.0,22 1 2015-04-01_2016-3-31 LTBAvgDayFirstHearing April2015-March2016_FY.xlsx
2015_2016_FY,region_eastern,EA,T1/T6,T6,22.333333333333332,30,0.0,22 1 2015-04-01_2016-3-31 LTBAvgDayFirstHearing April2015-March2016_FY.xlsx
2015_2016_FY,region_eastern,EA,T2,T2,24.86279069767442,30,0.0,22 1 2015-04-01_2016-3-31 LTBAvgDayFirstHearing April2015-March2016_FY.xlsx
2015_2016_FY,region_eastern,EA,T2/T3,T2,26.333333333333332,30,0.0,22 1 2015-04-01_2016-3-31 LTBAvgDayFirstHearing April2015-March2016_FY.xlsx
2015_2016_FY,region_eastern,EA,T2/T3,T3,26.333333333333332,30,0.0,22 1 2015-04-01_2016-3-31 LTBAvgDayFirstHearing April2015-March2016_FY.xlsx
2015_2016_FY,region_eastern,EA,T2/T3/T6,T2,22.0,30,0.0,22 1 2015-04-01_2016-3-31 LTBAvgDayFirstHearing April2015-March2016_FY.xlsx
2015_2016_FY,region_eastern,EA,T2/T3/T6,T3,22.0,30,0.0,22 1 2015-04-01_2016-3-31 LTBAvgDayFirstHearing April2015-March2016_FY.xlsx
2015_2016_FY,region_eastern,EA,T2/T3/T6,T6,22.0,30,0.0,22 1 2015-04-01_2016-3-31 LTBAvgDayFirstHearing April2015-March2016_FY.xlsx
2015_2016_FY,region_eastern,EA,T2/T4/T6,T2,18.0,30,0.0,22 1 2015-04-01_2016-3-31 LTBAvgDayFirstHearing April2015-March2016_FY.xlsx
2015_2016_FY,region_eastern,EA,T2/T4/T6,T4,18.0,30,0.0,22 1 2015-04-01_2016-3-31 LTBAvgDayFirstHearing April2015-March2016_FY.xlsx
2015_2016_FY,region_eastern,EA,T2/T4/T6,T6,18.0,30,0.0,22 1 2015-04-01_2016-3-31 LTBAvgDayFirstHearing April2015-March2016_FY.xlsx
2015_2016_FY,region_eastern,EA,T2/T5,T2,24.75,30,0.0,22 1 2015-04-01_2016-3-31 LTBAvgDayFirstHearing April2015-March2016_FY.xlsx
2015_2016_FY,region_eastern,EA,T2/T5,T5,24.75,30,0.0,22 1 2015-04-01_2016-3-31 LTBAvgDayFirstHearing April2015-March2016_FY.xlsx
2015_2016_FY,region_eastern,EA,T2/T5/T6,T2,29.0,30,0.0,22 1 2015-04-01_2016-3-31 LTBAvgDayFirstHearing April2015-March2016_FY.xlsx
2015_2016_FY,region_eastern,EA,T2/T5/T6,T5,29.0,30,0.0,22 1 2015-04-01_2016-3-31 LTBAvgDayFirstHearing April2015-March2016_FY.xlsx
2015_2016_FY,region_eastern,EA,T2/T5/T6,T6,29.0,30,0.0,22 1 2015-04-01_2016-3-31 LTBAvgDayFirstHearing April2015-March2016_FY.xlsx
2015_2016_FY,region_eastern,EA,T2/T6,T2,27.0,30,0.0,22 1 2015-04-01_2016-3-31 LTBAvgDayFirstHearing April2015-March2016_FY.xlsx
2015_2016_FY,region_eastern,EA,T2/T6,T6,27.0,30,0.0,22 1 2015-04-01_2016-3-31 LTBAvgDayFirstHearing April2015-March2016_FY.xlsx
2015_2016_FY,region_eastern,EA,T2/T7,T2,30.0,30,0.0,22 1 2015-04-01_2016-3-31 LTBAvgDayFirstHearing April2015-March2016_FY.xlsx
2015_2016_FY,region_eastern,EA,T2/T7,T7,30.0,30,0.0,22 1 2015-04-01_2016-3-31 LTBAvgDayFirstHearing April2015-March2016_FY.xlsx
2015_2016_FY,region_eastern,EA,T3,T3,22.0,30,0.0,22 1 2015-04-01_2016-3-31 LTBAvgDayFirstHearing April2015-March2016_FY.xlsx
2015_2016_FY,region_eastern,EA,T3/T6,T3,28.5,30,0.0,22 1 2015-04-01_2016-3-31 LTBAvgDayFirstHearing April2015-March2016_FY.xlsx
2015_2016_FY,region_eastern,EA,T3/T6,T6,28.5,30,0.0,22 1 2015-04-01_2016-3-31 LTBAvgDayFirstHearing April2015-March2016_FY.xlsx
2015_2016_FY,region_eastern,EA,T5,T5,26.25,30,0.0,22 1 2015-04-01_2016-3-31 LTBAvgDayFirstHearing April2015-March2016_FY.xlsx
2015_2016_FY,region_eastern,EA,T6,T6,25.04950495049505,30,0.0,22 1 2015-04-01_2016-3-31 LTBAvgDayFirstHearing April2015-March2016_FY.xlsx
2015_2016_FY,region_eastern,EA,T7,T7,43.5,30,0.0,22 1 2015-04-01_2016-3-31 LTBAvgDayFirstHearing April2015-March2016_FY.xlsx
2015_2016_FY,region_northern,NO,A1,A1_L,17.0,30,0.0,22 1 2015-04-01_2016-3-31 LTBAvgDayFirstHearing April2015-March2016_FY.xlsx
2015_2016_FY,region_northern,NO,A1,A1_T,13.0,30,0.0,22 1 2015-04-01_2016-3-31 LTBAvgDayFirstHearing April2015-March2016_FY.xlsx
2015_2016_FY,region_northern,NO,A2,A2_L,22.285714285714285,30,0.0,22 1 2015-04-01_2016-3-31 LTBAvgDayFirstHearing April2015-March2016_FY.xlsx
2015_2016_FY,region_northern,NO,A2,A2_T,30.333333333333332,30,0.0,22 1 2015-04-01_2016-3-31 LTBAvgDayFirstHearing April2015-March2016_FY.xlsx
2015_2016_FY,region_northern,NO,A2/L9,A2_L,26.0,30,0.0,22 1 2015-04-01_2016-3-31 LTBAvgDayFirstHearing April2015-March2016_FY.xlsx
2015_2016_FY,region_northern,NO,A2/L9,L9,26.0,30,0.0,22 1 2015-04-01_2016-3-31 LTBAvgDayFirstHearing April2015-March2016_FY.xlsx
2015_2016_FY,region_northern,NO,A2/T2/T6,A2_T,29.0,30,0.0,22 1 2015-04-01_2016-3-31 LTBAvgDayFirstHearing April2015-March2016_FY.xlsx
2015_2016_FY,region_northern,NO,A2/T2/T6,T2,29.0,30,0.0,22 1 2015-04-01_2016-3-31 LTBAvgDayFirstHearing April2015-March2016_FY.xlsx
2015_2016_FY,region_northern,NO,A2/T2/T6,T6,29.0,30,0.0,22 1 2015-04-01_2016-3-31 LTBAvgDayFirstHearing April2015-March2016_FY.xlsx
2015_2016_FY,region_northern,NO,A2/T3,A2_T,10.0,30,0.0,22 1 2015-04-01_2016-3-31 LTBAvgDayFirstHearing April2015-March2016_FY.xlsx
2015_2016_FY,region_northern,NO,A2/T3,T3,10.0,30,0.0,22 1 2015-04-01_2016-3-31 LTBAvgDayFirstHearing April2015-March2016_FY.xlsx
2015_2016_FY,region_northern,NO,A4,A4_L,108.5,30,0.0,22 1 2015-04-01_2016-3-31 LTBAvgDayFirstHearing April2015-March2016_FY.xlsx
2015_2016_FY,region_northern,NO,L1,L1,22.204963628583656,25,0.2567394094993581,22 1 2015-04-01_2016-3-31 LTBAvgDayFirstHearing April2015-March2016_FY.xlsx
2015_2016_FY,region_northern,NO,L1/L2,L1,20.248407643312103,30,0.0,22 1 2015-04-01_2016-3-31 LTBAvgDayFirstHearing April2015-March2016_FY.xlsx
2015_2016_FY,region_northern,NO,L1/L2,L2,20.248407643312103,30,0.0,22 1 2015-04-01_2016-3-31 LTBAvgDayFirstHearing April2015-March2016_FY.xlsx
2015_2016_FY,region_northern,NO,L1/L2/L8,L1,13.0,30,0.0,22 1 2015-04-01_2016-3-31 LTBAvgDayFirstHearing April2015-March2016_FY.xlsx
2015_2016_FY,region_northern,NO,L1/L2/L8,L2,13.0,30,0.0,22 1 2015-04-01_2016-3-31 LTBAvgDayFirstHearing April2015-March2016_FY.xlsx
2015_2016_FY,region_northern,NO,L1/L2/L8,L8,13.0,30,0.0,22 1 2015-04-01_2016-3-31 LTBAvgDayFirstHearing April2015-March2016_FY.xlsx
2015_2016_FY,region_northern,NO,L1/L2/L8/L9,L1,15.0,30,0.0,22 1 2015-04-01_2016-3-31 LTBAvgDayFirstHearing April2015-March2016_FY.xlsx
2015_2016_FY,region_northern,NO,L1/L2/L8/L9,L2,15.0,30,0.0,22 1 2015-04-01_2016-3-31 LTBAvgDayFirstHearing April2015-March2016_FY.xlsx
2015_2016_FY,region_northern,NO,L1/L2/L8/L9,L8,15.0,30,0.0,22 1 2015-04-01_2016-3-31 LTBAvgDayFirstHearing April2015-March2016_FY.xlsx
2015_2016_FY,region_northern,NO,L1/L2/L8/L9,L9,15.0,30,0.0,22 1 2015-04-01_2016-3-31 LTBAvgDayFirstHearing April2015-March2016_FY.xlsx
2015_2016_FY,region_northern,NO,L1/L3,L1,13.5,30,0.0,22 1 2015-04-01_2016-3-31 LTBAvgDayFirstHearing April2015-March2016_FY.xlsx
2015_2016_FY,region_northern,NO,L1/L3,L3,13.5,30,0.0,22 1 2015-04-01_2016-3-31 LTBAvgDayFirstHearing April2015-March2016_FY.xlsx
2015_2016_FY,region_northern,NO,L2,L2,22.379705400981997,30,0.0,22 1 2015-04-01_2016-3-31 LTBAvgDayFirstHearing April2015-March2016_FY.xlsx
2015_2016_FY,region_northern,NO,L2/L3,L2,14.5,30,0.0,22 1 2015-04-01_2016-3-31 LTBAvgDayFirstHearing April2015-March2016_FY.xlsx
2015_2016_FY,region_northern,NO,L2/L3,L3,14.5,30,0.0,22 1 2015-04-01_2016-3-31 LTBAvgDayFirstHearing April2015-March2016_FY.xlsx
2015_2016_FY,region_northern,NO,L2/L9,L2,16.0,30,0.0,22 1 2015-04-01_2016-3-31 LTBAvgDayFirstHearing April2015-March2016_FY.xlsx
2015_2016_FY,region_northern,NO,L2/L9,L9,16.0,30,0.0,22 1 2015-04-01_2016-3-31 LTBAvgDayFirstHearing April2015-March2016_FY.xlsx
2015_2016_FY,region_northern,NO,L3,L3,27.083333333333332,30,0.0,22 1 2015-04-01_2016-3-31 LTBAvgDayFirstHearing April2015-March2016_FY.xlsx
2015_2016_FY,region_northern,NO,L3/L9,L3,19.0,30,0.0,22 1 2015-04-01_2016-3-31 LTBAvgDayFirstHearing April2015-March2016_FY.xlsx
2015_2016_FY,region_northern,NO,L3/L9,L9,19.0,30,0.0,22 1 2015-04-01_2016-3-31 LTBAvgDayFirstHearing April2015-March2016_FY.xlsx
2015_2016_FY,region_northern,NO,L4,L4,29.373626373626372,30,0.0,22 1 2015-04-01_2016-3-31 LTBAvgDayFirstHearing April2015-March2016_FY.xlsx
2015_2016_FY,region_northern,NO,L5,L5,265.6666666666667,30,0.0,22 1 2015-04-01_2016-3-31 LTBAvgDayFirstHearing April2015-March2016_FY.xlsx
2015_2016_FY,region_northern,NO,L7,L7,89.66666666666667,30,0.0,22 1 2015-04-01_2016-3-31 LTBAvgDayFirstHearing April2015-March2016_FY.xlsx
2015_2016_FY,region_northern,NO,L9,L9,22.697674418604652,25,0.0,22 1 2015-04-01_2016-3-31 LTBAvgDayFirstHearing April2015-March2016_FY.xlsx
2015_2016_FY,region_northern,NO,T1,T1,23.040816326530614,30,0.0,22 1 2015-04-01_2016-3-31 LTBAvgDayFirstHearing April2015-March2016_FY.xlsx
2015_2016_FY,region_northern,NO,T1/T2,T1,19.6,30,0.0,22 1 2015-04-01_2016-3-31 LTBAvgDayFirstHearing April2015-March2016_FY.xlsx
2015_2016_FY,region_northern,NO,T1/T2,T2,19.6,30,0.0,22 1 2015-04-01_2016-3-31 LTBAvgDayFirstHearing April2015-March2016_FY.xlsx
2015_2016_FY,region_northern,NO,T1/T2/T3/T6,T1,52.0,30,0.0,22 1 2015-04-01_2016-3-31 LTBAvgDayFirstHearing April2015-March2016_FY.xlsx
2015_2016_FY,region_northern,NO,T1/T2/T3/T6,T2,52.0,30,0.0,22 1 2015-04-01_2016-3-31 LTBAvgDayFirstHearing April2015-March2016_FY.xlsx
2015_2016_FY,region_northern,NO,T1/T2/T3/T6,T3,52.0,30,0.0,22 1 2015-04-01_2016-3-31 LTBAvgDayFirstHearing April2015-March2016_FY.xlsx
2015_2016_FY,region_northern,NO,T1/T2/T3/T6,T6,52.0,30,0.0,22 1 2015-04-01_2016-3-31 LTBAvgDayFirstHearing April2015-March2016_FY.xlsx
2015_2016_FY,region_northern,NO,T1/T2/T5/T6,T1,30.0,30,0.0,22 1 2015-04-01_2016-3-31 LTBAvgDayFirstHearing April2015-March2016_FY.xlsx
2015_2016_FY,region_northern,NO,T1/T2/T5/T6,T2,30.0,30,0.0,22 1 2015-04-01_2016-3-31 LTBAvgDayFirstHearing April2015-March2016_FY.xlsx
2015_2016_FY,region_northern,NO,T1/T2/T5/T6,T5,30.0,30,0.0,22 1 2015-04-01_2016-3-31 LTBAvgDayFirstHearing April2015-March2016_FY.xlsx
2015_2016_FY,region_northern,NO,T1/T2/T5/T6,T6,30.0,30,0.0,22 1 2015-04-01_2016-3-31 LTBAvgDayFirstHearing April2015-March2016_FY.xlsx
2015_2016_FY,region_northern,NO,T1/T2/T6,T1,16.0,30,0.0,22 1 2015-04-01_2016-3-31 LTBAvgDayFirstHearing April2015-March2016_FY.xlsx
2015_2016_FY,region_northern,NO,T1/T2/T6,T2,16.0,30,0.0,22 1 2015-04-01_2016-3-31 LTBAvgDayFirstHearing April2015-March2016_FY.xlsx
2015_2016_FY,region_northern,NO,T1/T2/T6,T6,16.0,30,0.0,22 1 2015-04-01_2016-3-31 LTBAvgDayFirstHearing April2015-March2016_FY.xlsx
2015_2016_FY,region_northern,NO,T1/T5/T6,T1,12.5,30,0.0,22 1 2015-04-01_2016-3-31 LTBAvgDayFirstHearing April2015-March2016_FY.xlsx
2015_2016_FY,region_northern,NO,T1/T5/T6,T5,12.5,30,0.0,22 1 2015-04-01_2016-3-31 LTBAvgDayFirstHearing April2015-March2016_FY.xlsx
2015_2016_FY,region_northern,NO,T1/T5/T6,T6,12.5,30,0.0,22 1 2015-04-01_2016-3-31 LTBAvgDayFirstHearing April2015-March2016_FY.xlsx
2015_2016_FY,region_northern,NO,T1/T6,T1,19.8,30,0.0,22 1 2015-04-01_2016-3-31 LTBAvgDayFirstHearing April2015-March2016_FY.xlsx
2015_2016_FY,region_northern,NO,T1/T6,T6,19.8,30,0.0,22 1 2015-04-01_2016-3-31 LTBAvgDayFirstHearing April2015-March2016_FY.xlsx
2015_2016_FY,region_northern,NO,T2,T2,25.079601990049753,30,0.0,22 1 2015-04-01_2016-3-31 LTBAvgDayFirstHearing April2015-March2016_FY.xlsx
2015_2016_FY,region_northern,NO,T2/T3,T2,12.75,30,0.0,22 1 2015-04-01_2016-3-31 LTBAvgDayFirstHearing April2015-March2016_FY.xlsx
2015_2016_FY,region_northern,NO,T2/T3,T3,12.75,30,0.0,22 1 2015-04-01_2016-3-31 LTBAvgDayFirstHearing April2015-March2016_FY.xlsx
2015_2016_FY,region_northern,NO,T2/T3/T6,T2,36.333333333333336,30,0.0,22 1 2015-04-01_2016-3-31 LTBAvgDayFirstHearing April2015-March2016_FY.xlsx
2015_2016_FY,region_northern,NO,T2/T3/T6,T3,36.333333333333336,30,0.0,22 1 2015-04-01_2016-3-31 LTBAvgDayFirstHearing April2015-March2016_FY.xlsx
2015_2016_FY,region_northern,NO,T2/T3/T6,T6,36.333333333333336,30,0.0,22 1 2015-04-01_2016-3-31 LTBAvgDayFirstHearing April2015-March2016_FY.xlsx
2015_2016_FY,region_northern,NO,T2/T5/T6,T2,33.0,30,0.0,22 1 2015-04-01_2016-3-31 LTBAvgDayFirstHearing April2015-March2016_FY.xlsx
2015_2016_FY,region_northern,NO,T2/T5/T6,T5,33.0,30,0.0,22 1 2015-04-01_2016-3-31 LTBAvgDayFirstHearing April2015-March2016_FY.xlsx
2015_2016_FY,region_northern,NO,T2/T5/T6,T6,33.0,30,0.0,22 1 2015-04-01_2016-3-31 LTBAvgDayFirstHearing April2015-March2016_FY.xlsx
2015_2016_FY,region_northern,NO,T2/T6,T2,26.418181818181818,30,0.0,22 1 2015-04-01_2016-3-31 LTBAvgDayFirstHearing April2015-March2016_FY.xlsx
2015_2016_FY,region_northern,NO,T2/T6,T6,26.418181818181818,30,0.0,22 1 2015-04-01_2016-3-31 LTBAvgDayFirstHearing April2015-March2016_FY.xlsx
2015_2016_FY,region_northern,NO,T3,T3,8.0,30,0.0,22 1 2015-04-01_2016-3-31 LTBAvgDayFirstHearing April2015-March2016_FY.xlsx
2015_2016_FY,region_northern,NO,T3/T6,T3,22.333333333333332,30,0.0,22 1 2015-04-01_2016-3-31 LTBAvgDayFirstHearing April2015-March2016_FY.xlsx
2015_2016_FY,region_northern,NO,T3/T6,T6,22.333333333333332,30,0.0,22 1 2015-04-01_2016-3-31 LTBAvgDayFirstHearing April2015-March2016_FY.xlsx
2015_2016_FY,region_northern,NO,T5,T5,21.285714285714285,30,0.0,22 1 2015-04-01_2016-3-31 LTBAvgDayFirstHearing April2015-March2016_FY.xlsx
2015_2016_FY,region_northern,NO,T6,T6,25.75609756097561,30,0.0,22 1 2015-04-01_2016-3-31 LTBAvgDayFirstHearing April2015-March2016_FY.xlsx
2015_2016_FY,region_northern,NO,T7,T7,36.0,30,0.0,22 1 2015-04-01_2016-3-31 LTBAvgDayFirstHearing April2015-March2016_FY.xlsx
2015_2016_FY,region_southern,SO,A1,A1_L,22.875,30,0.0,22 1 2015-04-01_2016-3-31 LTBAvgDayFirstHearing April2015-March2016_FY.xlsx
2015_2016_FY,region_southern,SO,A1,A1_T,43.5,30,0.0,22 1 2015-04-01_2016-3-31 LTBAvgDayFirstHearing April2015-March2016_FY.xlsx
2015_2016_FY,region_southern,SO,A1/A2,A1_L,9.0,30,0.0,22 1 2015-04-01_2016-3-31 LTBAvgDayFirstHearing April2015-March2016_FY.xlsx
2015_2016_FY,region_southern,SO,A1/A2,A2_L,9.0,30,0.0,22 1 2015-04-01_2016-3-31 LTBAvgDayFirstHearing April2015-March2016_FY.xlsx
2015_2016_FY,region_southern,SO,A1/L1/L2,A1_L,24.0,30,0.0,22 1 2015-04-01_2016-3-31 LTBAvgDayFirstHearing April2015-March2016_FY.xlsx
2015_2016_FY,region_southern,SO,A1/L1/L2,L1,24.0,30,0.0,22 1 2015-04-01_2016-3-31 LTBAvgDayFirstHearing April2015-March2016_FY.xlsx
2015_2016_FY,region_southern,SO,A1/L1/L2,L2,24.0,30,0.0,22 1 2015-04-01_2016-3-31 LTBAvgDayFirstHearing April2015-March2016_FY.xlsx
2015_2016_FY,region_southern,SO,A1/T2,A1_T,49.0,30,0.0,22 1 2015-04-01_2016-3-31 LTBAvgDayFirstHearing April2015-March2016_FY.xlsx
2015_2016_FY,region_southern,SO,A1/T2,T2,49.0,30,0.0,22 1 2015-04-01_2016-3-31 LTBAvgDayFirstHearing April2015-March2016_FY.xlsx
2015_2016_FY,region_southern,SO,A2,A2_L,22.076923076923077,30,0.0,22 1 2015-04-01_2016-3-31 LTBAvgDayFirstHearing April2015-March2016_FY.xlsx
2015_2016_FY,region_southern,SO,A2,A2_T,29.5,30,0.0,22 1 2015-04-01_2016-3-31 LTBAvgDayFirstHearing April2015-March2016_FY.xlsx
2015_2016_FY,region_southern,SO,A2/L2/L9,A2_L,12.0,30,0.0,22 1 2015-04-01_2016-3-31 LTBAvgDayFirstHearing April2015-March2016_FY.xlsx
2015_2016_FY,region_southern,SO,A2/L2/L9,L2,12.0,30,0.0,22 1 2015-04-01_2016-3-31 LTBAvgDayFirstHearing April2015-March2016_FY.xlsx
2015_2016_FY,region_southern,SO,A2/L2/L9,L9,12.0,30,0.0,22 1 2015-04-01_2016-3-31 LTBAvgDayFirstHearing April2015-March2016_FY.xlsx
2015_2016_FY,region_southern,SO,A2/L3,A2_L,13.0,30,0.0,22 1 2015-04-01_2016-3-31 LTBAvgDayFirstHearing April2015-March2016_FY.xlsx
2015_2016_FY,region_southern,SO,A2/L3,L3,13.0,30,0.0,22 1 2015-04-01_2016-3-31 LTBAvgDayFirstHearing April2015-March2016_FY.xlsx
2015_2016_FY,region_southern,SO,A2/T2,A2_T,27.0,30,0.0,22 1 2015-04-01_2016-3-31 LTBAvgDayFirstHearing April2015-March2016_FY.xlsx
2015_2016_FY,region_southern,SO,A2/T2,T2,27.0,30,0.0,22 1 2015-04-01_2016-3-31 LTBAvgDayFirstHearing April2015-March2016_FY.xlsx
2015_2016_FY,region_southern,SO,L1,L1,21.493906064209273,25,0.1040428061831153,22 1 2015-04-01_2016-3-31 LTBAvgDayFirstHearing April2015-March2016_FY.xlsx
2015_2016_FY,region_southern,SO,L1/L2,L1,21.486997635933808,30,0.0,22 1 2015-04-01_2016-3-31 LTBAvgDayFirstHearing April2015-March2016_FY.xlsx
2015_2016_FY,region_southern,SO,L1/L2,L2,21.486997635933808,30,0.0,22 1 2015-04-01_2016-3-31 LTBAvgDayFirstHearing April2015-March2016_FY.xlsx
2015_2016_FY,region_southern,SO,L1/L2/L3,L1,17.5,30,0.0,22 1 2015-04-01_2016-3-31 LTBAvgDayFirstHearing April2015-March2016_FY.xlsx
2015_2016_FY,region_southern,SO,L1/L2/L3,L2,17.5,30,0.0,22 1 2015-04-01_2016-3-31 LTBAvgDayFirstHearing April2015-March2016_FY.xlsx
2015_2016_FY,region_southern,SO,L1/L2/L3,L3,17.5,30,0.0,22 1 2015-04-01_2016-3-31 LTBAvgDayFirstHearing April2015-March2016_FY.xlsx
2015_2016_FY,region_southern,SO,L1/L2/L8,L1,18.4,30,0.0,22 1 2015-04-01_2016-3-31 LTBAvgDayFirstHearing April2015-March2016_FY.xlsx
2015_2016_FY,region_southern,SO,L1/L2/L8,L2,18.4,30,0.0,22 1 2015-04-01_2016-3-31 LTBAvgDayFirstHearing April2015-March2016_FY.xlsx
2015_2016_FY,region_southern,SO,L1/L2/L8,L8,18.4,30,0.0,22 1 2015-04-01_2016-3-31 LTBAvgDayFirstHearing April2015-March2016_FY.xlsx
2015_2016_FY,region_southern,SO,L1/L3,L1,23.647058823529413,30,0.0,22 1 2015-04-01_2016-3-31 LTBAvgDayFirstHearing April2015-March2016_FY.xlsx
2015_2016_FY,region_southern,SO,L1/L3,L3,23.647058823529413,30,0.0,22 1 2015-04-01_2016-3-31 LTBAvgDayFirstHearing April2015-March2016_FY.xlsx
2015_2016_FY,region_southern,SO,L1/L3/L8,L1,14.0,30,0.0,22 1 2015-04-01_2016-3-31 LTBAvgDayFirstHearing April2015-March2016_FY.xlsx
2015_2016_FY,region_southern,SO,L1/L3/L8,L3,14.0,30,0.0,22 1 2015-04-01_2016-3-31 LTBAvgDayFirstHearing April2015-March2016_FY.xlsx
2015_2016_FY,region_southern,SO,L1/L3/L8,L8,14.0,30,0.0,22 1 2015-04-01_2016-3-31 LTBAvgDayFirstHearing April2015-March2016_FY.xlsx
2015_2016_FY,region_southern,SO,L1/L8,L1,12.5,30,0.0,22 1 2015-04-01_2016-3-31 LTBAvgDayFirstHearing April2015-March2016_FY.xlsx
2015_2016_FY,region_southern,SO,L1/L8,L8,12.5,30,0.0,22 1 2015-04-01_2016-3-31 LTBAvgDayFirstHearing April2015-March2016_FY.xlsx
2015_2016_FY,region_southern,SO,L2,L2,20.65687919463087,30,0.0838926174496644,22 1 2015-04-01_2016-3-31 LTBAvgDayFirstHearing April2015-March2016_FY.xlsx
2015_2016_FY,region_southern,SO,L2/L3,L2,22.5,30,0.0,22 1 2015-04-01_2016-3-31 LTBAvgDayFirstHearing April2015-March2016_FY.xlsx
2015_2016_FY,region_southern,SO,L2/L3,L3,22.5,30,0.0,22 1 2015-04-01_2016-3-31 LTBAvgDayFirstHearing April2015-March2016_FY.xlsx
2015_2016_FY,region_southern,SO,L2/L3/L9,L2,20.75,30,0.0,22 1 2015-04-01_2016-3-31 LTBAvgDayFirstHearing April2015-March2016_FY.xlsx
2015_2016_FY,region_southern,SO,L2/L3/L9,L3,20.75,30,0.0,22 1 2015-04-01_2016-3-31 LTBAvgDayFirstHearing April2015-March2016_FY.xlsx
2015_2016_FY,region_southern,SO,L2/L3/L9,L9,20.75,30,0.0,22 1 2015-04-01_2016-3-31 LTBAvgDayFirstHearing April2015-March2016_FY.xlsx
2015_2016_FY,region_southern,SO,L2/L8,L2,18.333333333333332,30,0.0,22 1 2015-04-01_2016-3-31 LTBAvgDayFirstHearing April2015-March2016_FY.xlsx
2015_2016_FY,region_southern,SO,L2/L8,L8,18.333333333333332,30,0.0,22 1 2015-04-01_2016-3-31 LTBAvgDayFirstHearing April2015-March2016_FY.xlsx
2015_2016_FY,region_southern,SO,L2/L9,L2,21.305882352941175,30,0.0,22 1 2015-04-01_2016-3-31 LTBAvgDayFirstHearing April2015-March2016_FY.xlsx
2015_2016_FY,region_southern,SO,L2/L9,L9,21.305882352941175,30,0.0,22 1 2015-04-01_2016-3-31 LTBAvgDayFirstHearing April2015-March2016_FY.xlsx
2015_2016_FY,region_southern,SO,L3,L3,24.68918918918919,30,0.0,22 1 2015-04-01_2016-3-31 LTBAvgDayFirstHearing April2015-March2016_FY.xlsx
2015_2016_FY,region_southern,SO,L3/L8/L9,L3,23.0,30,0.0,22 1 2015-04-01_2016-3-31 LTBAvgDayFirstHearing April2015-March2016_FY.xlsx
2015_2016_FY,region_southern,SO,L3/L8/L9,L8,23.0,30,0.0,22 1 2015-04-01_2016-3-31 LTBAvgDayFirstHearing April2015-March2016_FY.xlsx
2015_2016_FY,region_southern,SO,L3/L8/L9,L9,23.0,30,0.0,22 1 2015-04-01_2016-3-31 LTBAvgDayFirstHearing April2015-March2016_FY.xlsx
2015_2016_FY,region_southern,SO,L3/L9,L3,20.176470588235293,30,0.0,22 1 2015-04-01_2016-3-31 LTBAvgDayFirstHearing April2015-March2016_FY.xlsx
2015_2016_FY,region_southern,SO,L3/L9,L9,20.176470588235293,30,0.0,22 1 2015-04-01_2016-3-31 LTBAvgDayFirstHearing April2015-March2016_FY.xlsx
2015_2016_FY,region_southern,SO,L4,L4,29.46875,30,0.0,22 1 2015-04-01_2016-3-31 LTBAvgDayFirstHearing April2015-March2016_FY.xlsx
2015_2016_FY,region_southern,SO,L4/L9,L4,28.0,30,0.0,22 1 2015-04-01_2016-3-31 LTBAvgDayFirstHearing April2015-March2016_FY.xlsx
2015_2016_FY,region_southern,SO,L4/L9,L9,28.0,30,0.0,22 1 2015-04-01_2016-3-31 LTBAvgDayFirstHearing April2015-March2016_FY.xlsx
2015_2016_FY,region_southern,SO,L5,L5,297.3404255319149,30,0.0,22 1 2015-04-01_2016-3-31 LTBAvgDayFirstHearing April2015-March2016_FY.xlsx
2015_2016_FY,region_southern,SO,L6,L6,14.0,30,0.0,22 1 2015-04-01_2016-3-31 LTBAvgDayFirstHearing April2015-March2016_FY.xlsx
2015_2016_FY,region_southern,SO,L7,L7,34.0,30,0.0,22 1 2015-04-01_2016-3-31 LTBAvgDayFirstHearing April2015-March2016_FY.xlsx
2015_2016_FY,region_southern,SO,L8,L8,34.0,30,0.0,22 1 2015-04-01_2016-3-31 LTBAvgDayFirstHearing April2015-March2016_FY.xlsx
2015_2016_FY,region_southern,SO,L9,L9,21.331683168316832,25,0.4950495049504951,22 1 2015-04-01_2016-3-31 LTBAvgDayFirstHearing April2015-March2016_FY.xlsx
2015_2016_FY,region_southern,SO,T1,T1,24.47,30,0.0,22 1 2015-04-01_2016-3-31 LTBAvgDayFirstHearing April2015-March2016_FY.xlsx
2015_2016_FY,region_southern,SO,T1/T2,T1,25.636363636363637,30,0.0,22 1 2015-04-01_2016-3-31 LTBAvgDayFirstHearing April2015-March2016_FY.xlsx
2015_2016_FY,region_southern,SO,T1/T2,T2,25.636363636363637,30,0.0,22 1 2015-04-01_2016-3-31 LTBAvgDayFirstHearing April2015-March2016_FY.xlsx
2015_2016_FY,region_southern,SO,T1/T2/T3,T1,32.0,30,0.0,22 1 2015-04-01_2016-3-31 LTBAvgDayFirstHearing April2015-March2016_FY.xlsx
2015_2016_FY,region_southern,SO,T1/T2/T3,T2,32.0,30,0.0,22 1 2015-04-01_2016-3-31 LTBAvgDayFirstHearing April2015-March2016_FY.xlsx
2015_2016_FY,region_southern,SO,T1/T2/T3,T3,32.0,30,0.0,22 1 2015-04-01_2016-3-31 LTBAvgDayFirstHearing April2015-March2016_FY.xlsx
2015_2016_FY,region_southern,SO,T1/T2/T3/T6,T1,42.0,30,0.0,22 1 2015-04-01_2016-3-31 LTBAvgDayFirstHearing April2015-March2016_FY.xlsx
2015_2016_FY,region_southern,SO,T1/T2/T3/T6,T2,42.0,30,0.0,22 1 2015-04-01_2016-3-31 LTBAvgDayFirstHearing April2015-March2016_FY.xlsx
2015_2016_FY,region_southern,SO,T1/T2/T3/T6,T3,42.0,30,0.0,22 1 2015-04-01_2016-3-31 LTBAvgDayFirstHearing April2015-March2016_FY.xlsx
2015_2016_FY,region_southern,SO,T1/T2/T3/T6,T6,42.0,30,0.0,22 1 2015-04-01_2016-3-31 LTBAvgDayFirstHearing April2015-March2016_FY.xlsx
2015_2016_FY,region_southern,SO,T1/T2/T6,T1,27.75,30,0.0,22 1 2015-04-01_2016-3-31 LTBAvgDayFirstHearing April2015-March2016_FY.xlsx
2015_2016_FY,region_southern,SO,T1/T2/T6,T2,27.75,30,0.0,22 1 2015-04-01_2016-3-31 LTBAvgDayFirstHearing April2015-March2016_FY.xlsx
2015_2016_FY,region_southern,SO,T1/T2/T6,T6,27.75,30,0.0,22 1 2015-04-01_2016-3-31 LTBAvgDayFirstHearing April2015-March2016_FY.xlsx
2015_2016_FY,region_southern,SO,T1/T5,T1,27.0,30,0.0,22 1 2015-04-01_2016-3-31 LTBAvgDayFirstHearing April2015-March2016_FY.xlsx
2015_2016_FY,region_southern,SO,T1/T5,T5,27.0,30,0.0,22 1 2015-04-01_2016-3-31 LTBAvgDayFirstHearing April2015-March2016_FY.xlsx
2015_2016_FY,region_southern,SO,T1/T6,T1,25.75,30,0.0,22 1 2015-04-01_2016-3-31 LTBAvgDayFirstHearing April2015-March2016_FY.xlsx
2015_2016_FY,region_southern,SO,T1/T6,T6,25.75,30,0.0,22 1 2015-04-01_2016-3-31 LTBAvgDayFirstHearing April2015-March2016_FY.xlsx
2015_2016_FY,region_southern,SO,T2,T2,28.68577075098814,30,0.1976284584980237,22 1 2015-04-01_2016-3-31 LTBAvgDayFirstHearing April2015-March2016_FY.xlsx
2015_2016_FY,region_southern,SO,T2/T3,T2,20.857142857142858,30,0.0,22 1 2015-04-01_2016-3-31 LTBAvgDayFirstHearing April2015-March2016_FY.xlsx
2015_2016_FY,region_southern,SO,T2/T3,T3,20.857142857142858,30,0.0,22 1 2015-04-01_2016-3-31 LTBAvgDayFirstHearing April2015-March2016_FY.xlsx
2015_2016_FY,region_southern,SO,T2/T3/T6,T2,32.0,30,0.0,22 1 2015-04-01_2016-3-31 LTBAvgDayFirstHearing April2015-March2016_FY.xlsx
2015_2016_FY,region_southern,SO,T2/T3/T6,T3,32.0,30,0.0,22 1 2015-04-01_2016-3-31 LTBAvgDayFirstHearing April2015-March2016_FY.xlsx
2015_2016_FY,region_southern,SO,T2/T3/T6,T6,32.0,30,0.0,22 1 2015-04-01_2016-3-31 LTBAvgDayFirstHearing April2015-March2016_FY.xlsx
2015_2016_FY,region_southern,SO,T2/T6,T2,29.232394366197184,30,0.0,22 1 2015-04-01_2016-3-31 LTBAvgDayFirstHearing April2015-March2016_FY.xlsx
2015_2016_FY,region_southern,SO,T2/T6,T6,29.232394366197184,30,0.0,22 1 2015-04-01_2016-3-31 LTBAvgDayFirstHearing April2015-March2016_FY.xlsx
2015_2016_FY,region_southern,SO,T3,T3,19.2,30,0.0,22 1 2015-04-01_2016-3-31 LTBAvgDayFirstHearing April2015-March2016_FY.xlsx
2015_2016_FY,region_southern,SO,T4/T5,T4,26.0,30,0.0,22 1 2015-04-01_2016-3-31 LTBAvgDayFirstHearing April2015-March2016_FY.xlsx
2015_2016_FY,region_southern,SO,T4/T5,T5,26.0,30,0.0,22 1 2015-04-01_2016-3-31 LTBAvgDayFirstHearing April2015-March2016_FY.xlsx
2015_2016_FY,region_southern,SO,T5,T5,24.448275862068964,30,0.0,22 1 2015-04-01_2016-3-31 LTBAvgDayFirstHearing April2015-March2016_FY.xlsx
2015_2016_FY,region_southern,SO,T6,T6,31.877551020408163,30,0.0,22 1 2015-04-01_2016-3-31 LTBAvgDayFirstHearing April2015-March2016_FY.xlsx
2015_2016_FY,region_southern,SO,T7,T7,25.0,30,0.0,22 1 2015-04-01_2016-3-31 LTBAvgDayFirstHearing April2015-March2016_FY.xlsx
2015_2016_FY,region_southwestern,SW,A1,A1_L,21.5,30,0.0,22 1 2015-04-01_2016-3-31 LTBAvgDayFirstHearing April2015-March2016_FY.xlsx
2015_2016_FY,region_southwestern,SW,A1,A1_T,23.666666666666668,30,0.0,22 1 2015-04-01_2016-3-31 LTBAvgDayFirstHearing April2015-March2016_FY.xlsx
2015_2016_FY,region_southwestern,SW,A1/T2,A1_T,19.5,30,0.0,22 1 2015-04-01_2016-3-31 LTBAvgDayFirstHearing April2015-March2016_FY.xlsx
2015_2016_FY,region_southwestern,SW,A1/T2,T2,19.5,30,0.0,22 1 2015-04-01_2016-3-31 LTBAvgDayFirstHearing April2015-March2016_FY.xlsx
2015_2016_FY,region_southwestern,SW,A2,A2_L,21.846153846153847,30,0.0,22 1 2015-04-01_2016-3-31 LTBAvgDayFirstHearing April2015-March2016_FY.xlsx
2015_2016_FY,region_southwestern,SW,A2,A2_T,24.0,30,0.0,22 1 2015-04-01_2016-3-31 LTBAvgDayFirstHearing April2015-March2016_FY.xlsx
2015_2016_FY,region_southwestern,SW,A2/L2,A2_L,29.666666666666668,30,0.0,22 1 2015-04-01_2016-3-31 LTBAvgDayFirstHearing April2015-March2016_FY.xlsx
2015_2016_FY,region_southwestern,SW,A2/L2,L2,29.666666666666668,30,0.0,22 1 2015-04-01_2016-3-31 LTBAvgDayFirstHearing April2015-March2016_FY.xlsx
2015_2016_FY,region_southwestern,SW,A2/L2/L9,A2_L,39.0,30,0.0,22 1 2015-04-01_2016-3-31 LTBAvgDayFirstHearing April2015-March2016_FY.xlsx
2015_2016_FY,region_southwestern,SW,A2/L2/L9,L2,39.0,30,0.0,22 1 2015-04-01_2016-3-31 LTBAvgDayFirstHearing April2015-March2016_FY.xlsx
2015_2016_FY,region_southwestern,SW,A2/L2/L9,L9,39.0,30,0.0,22 1 2015-04-01_2016-3-31 LTBAvgDayFirstHearing April2015-March2016_FY.xlsx
2015_2016_FY,region_southwestern,SW,A2/L9,A2_L,21.0,30,0.0,22 1 2015-04-01_2016-3-31 LTBAvgDayFirstHearing April2015-March2016_FY.xlsx
2015_2016_FY,region_southwestern,SW,A2/L9,L9,21.0,30,0.0,22 1 2015-04-01_2016-3-31 LTBAvgDayFirstHearing April2015-March2016_FY.xlsx
2015_2016_FY,region_southwestern,SW,L1,L1,24.163705988724605,25,0.1063716625890863,22 1 2015-04-01_2016-3-31 LTBAvgDayFirstHearing April2015-March2016_FY.xlsx
2015_2016_FY,region_southwestern,SW,L1/L2,L1,23.08578431372549,30,0.4901960784313725,22 1 2015-04-01_2016-3-31 LTBAvgDayFirstHearing April2015-March2016_FY.xlsx
2015_2016_FY,region_southwestern,SW,L1/L2,L2,23.08578431372549,30,0.4901960784313725,22 1 2015-04-01_2016-3-31 LTBAvgDayFirstHearing April2015-March2016_FY.xlsx
2015_2016_FY,region_southwestern,SW,L1/L2/L3,L1,26.0,30,0.0,22 1 2015-04-01_2016-3-31 LTBAvgDayFirstHearing April2015-March2016_FY.xlsx
2015_2016_FY,region_southwestern,SW,L1/L2/L3,L2,26.0,30,0.0,22 1 2015-04-01_2016-3-31 LTBAvgDayFirstHearing April2015-March2016_FY.xlsx
2015_2016_FY,region_southwestern,SW,L1/L2/L3,L3,26.0,30,0.0,22 1 2015-04-01_2016-3-31 LTBAvgDayFirstHearing April2015-March2016_FY.xlsx
2015_2016_FY,region_southwestern,SW,L1/L2/L8,L1,19.25,30,0.0,22 1 2015-04-01_2016-3-31 LTBAvgDayFirstHearing April2015-March2016_FY.xlsx
2015_2016_FY,region_southwestern,SW,L1/L2/L8,L2,19.25,30,0.0,22 1 2015-04-01_2016-3-31 LTBAvgDayFirstHearing April2015-March2016_FY.xlsx
2015_2016_FY,region_southwestern,SW,L1/L2/L8,L8,19.25,30,0.0,22 1 2015-04-01_2016-3-31 LTBAvgDayFirstHearing April2015-March2016_FY.xlsx
2015_2016_FY,region_southwestern,SW,L1/L3,L1,20.266666666666666,30,0.0,22 1 2015-04-01_2016-3-31 LTBAvgDayFirstHearing April2015-March2016_FY.xlsx
2015_2016_FY,region_southwestern,SW,L1/L3,L3,20.266666666666666,30,0.0,22 1 2015-04-01_2016-3-31 LTBAvgDayFirstHearing April2015-March2016_FY.xlsx
2015_2016_FY,region_southwestern,SW,L1/L8,L1,26.5,30,0.0,22 1 2015-04-01_2016-3-31 LTBAvgDayFirstHearing April2015-March2016_FY.xlsx
2015_2016_FY,region_southwestern,SW,L1/L8,L8,26.5,30,0.0,22 1 2015-04-01_2016-3-31 LTBAvgDayFirstHearing April2015-March2016_FY.xlsx
2015_2016_FY,region_southwestern,SW,L1/L9,L1,21.0,25,0.0,22 1 2015-04-01_2016-3-31 LTBAvgDayFirstHearing April2015-March2016_FY.xlsx
2015_2016_FY,region_southwestern,SW,L1/L9,L9,21.0,25,0.0,22 1 2015-04-01_2016-3-31 LTBAvgDayFirstHearing April2015-March2016_FY.xlsx
2015_2016_FY,region_southwestern,SW,L2,L2,22.568978955572877,30,0.0,22 1 2015-04-01_2016-3-31 LTBAvgDayFirstHearing April2015-March2016_FY.xlsx
2015_2016_FY,region_southwestern,SW,L2/L3,L2,16.5,30,0.0,22 1 2015-04-01_2016-3-31 LTBAvgDayFirstHearing April2015-March2016_FY.xlsx
2015_2016_FY,region_southwestern,SW,L2/L3,L3,16.5,30,0.0,22 1 2015-04-01_2016-3-31 LTBAvgDayFirstHearing April2015-March2016_FY.xlsx
2015_2016_FY,region_southwestern,SW,L2/L3/L9,L2,15.0,30,0.0,22 1 2015-04-01_2016-3-31 LTBAvgDayFirstHearing April2015-March2016_FY.xlsx
2015_2016_FY,region_southwestern,SW,L2/L3/L9,L3,15.0,30,0.0,22 1 2015-04-01_2016-3-31 LTBAvgDayFirstHearing April2015-March2016_FY.xlsx
2015_2016_FY,region_southwestern,SW,L2/L3/L9,L9,15.0,30,0.0,22 1 2015-04-01_2016-3-31 LTBAvgDayFirstHearing April2015-March2016_FY.xlsx
2015_2016_FY,region_southwestern,SW,L2/L8,L2,26.0,30,0.0,22 1 2015-04-01_2016-3-31 LTBAvgDayFirstHearing April2015-March2016_FY.xlsx
2015_2016_FY,region_southwestern,SW,L2/L8,L8,26.0,30,0.0,22 1 2015-04-01_2016-3-31 LTBAvgDayFirstHearing April2015-March2016_FY.xlsx
2015_2016_FY,region_southwestern,SW,L2/L8/L9,L2,12.5,30,0.0,22 1 2015-04-01_2016-3-31 LTBAvgDayFirstHearing April2015-March2016_FY.xlsx
2015_2016_FY,region_southwestern,SW,L2/L8/L9,L8,12.5,30,0.0,22 1 2015-04-01_2016-3-31 LTBAvgDayFirstHearing April2015-March2016_FY.xlsx
2015_2016_FY,region_southwestern,SW,L2/L8/L9,L9,12.5,30,0.0,22 1 2015-04-01_2016-3-31 LTBAvgDayFirstHearing April2015-March2016_FY.xlsx
2015_2016_FY,region_southwestern,SW,L2/L9,L2,21.525,30,0.0,22 1 2015-04-01_2016-3-31 LTBAvgDayFirstHearing April2015-March2016_FY.xlsx
2015_2016_FY,region_southwestern,SW,L2/L9,L9,21.525,30,0.0,22 1 2015-04-01_2016-3-31 LTBAvgDayFirstHearing April2015-March2016_FY.xlsx
2015_2016_FY,region_southwestern,SW,L3,L3,23.926829268292682,30,0.0,22 1 2015-04-01_2016-3-31 LTBAvgDayFirstHearing April2015-March2016_FY.xlsx
2015_2016_FY,region_southwestern,SW,L3/L9,L3,22.3125,30,0.0,22 1 2015-04-01_2016-3-31 LTBAvgDayFirstHearing April2015-March2016_FY.xlsx
2015_2016_FY,region_southwestern,SW,L3/L9,L9,22.3125,30,0.0,22 1 2015-04-01_2016-3-31 LTBAvgDayFirstHearing April2015-March2016_FY.xlsx
2015_2016_FY,region_southwestern,SW,L4,L4,27.572916666666668,30,0.5208333333333333,22 1 2015-04-01_2016-3-31 LTBAvgDayFirstHearing April2015-March2016_FY.xlsx
2015_2016_FY,region_southwestern,SW,L5,L5,293.2105263157895,30,0.0,22 1 2015-04-01_2016-3-31 LTBAvgDayFirstHearing April2015-March2016_FY.xlsx
2015_2016_FY,region_southwestern,SW,L7,L7,41.0,30,0.0,22 1 2015-04-01_2016-3-31 LTBAvgDayFirstHearing April2015-March2016_FY.xlsx
2015_2016_FY,region_southwestern,SW,L8,L8,30.4,30,0.0,22 1 2015-04-01_2016-3-31 LTBAvgDayFirstHearing April2015-March2016_FY.xlsx
2015_2016_FY,region_southwestern,SW,L9,L9,25.021080368906457,25,0.0,22 1 2015-04-01_2016-3-31 LTBAvgDayFirstHearing April2015-March2016_FY.xlsx
2015_2016_FY,region_southwestern,SW,L9/T6,L9,24.0,30,0.0,22 1 2015-04-01_2016-3-31 LTBAvgDayFirstHearing April2015-March2016_FY.xlsx
2015_2016_FY,region_southwestern,SW,L9/T6,T6,24.0,30,0.0,22 1 2015-04-01_2016-3-31 LTBAvgDayFirstHearing April2015-March2016_FY.xlsx
2015_2016_FY,region_southwestern,SW,T1,T1,27.106666666666666,30,0.0,22 1 2015-04-01_2016-3-31 LTBAvgDayFirstHearing April2015-March2016_FY.xlsx
2015_2016_FY,region_southwestern,SW,T1/T2,T1,24.866666666666667,30,0.0,22 1 2015-04-01_2016-3-31 LTBAvgDayFirstHearing April2015-March2016_FY.xlsx
2015_2016_FY,region_southwestern,SW,T1/T2,T2,24.866666666666667,30,0.0,22 1 2015-04-01_2016-3-31 LTBAvgDayFirstHearing April2015-March2016_FY.xlsx
2015_2016_FY,region_southwestern,SW,T1/T2/T3/T6,T1,19.5,30,0.0,22 1 2015-04-01_2016-3-31 LTBAvgDayFirstHearing April2015-March2016_FY.xlsx
2015_2016_FY,region_southwestern,SW,T1/T2/T3/T6,T2,19.5,30,0.0,22 1 2015-04-01_2016-3-31 LTBAvgDayFirstHearing April2015-March2016_FY.xlsx
2015_2016_FY,region_southwestern,SW,T1/T2/T3/T6,T3,19.5,30,0.0,22 1 2015-04-01_2016-3-31 LTBAvgDayFirstHearing April2015-March2016_FY.xlsx
2015_2016_FY,region_southwestern,SW,T1/T2/T3/T6,T6,19.5,30,0.0,22 1 2015-04-01_2016-3-31 LTBAvgDayFirstHearing April2015-March2016_FY.xlsx
2015_2016_FY,region_southwestern,SW,T1/T2/T6,T1,23.75,30,0.0,22 1 2015-04-01_2016-3-31 LTBAvgDayFirstHearing April2015-March2016_FY.xlsx
2015_2016_FY,region_southwestern,SW,T1/T2/T6,T2,23.75,30,0.0,22 1 2015-04-01_2016-3-31 LTBAvgDayFirstHearing April2015-March2016_FY.xlsx
2015_2016_FY,region_southwestern,SW,T1/T2/T6,T6,23.75,30,0.0,22 1 2015-04-01_2016-3-31 LTBAvgDayFirstHearing April2015-March2016_FY.xlsx
2015_2016_FY,region_southwestern,SW,T1/T6,T1,33.125,30,0.0,22 1 2015-04-01_2016-3-31 LTBAvgDayFirstHearing April2015-March2016_FY.xlsx
2015_2016_FY,region_southwestern,SW,T1/T6,T6,33.125,30,0.0,22 1 2015-04-01_2016-3-31 LTBAvgDayFirstHearing April2015-March2016_FY.xlsx
2015_2016_FY,region_southwestern,SW,T2,T2,25.461215932914047,30,0.0,22 1 2015-04-01_2016-3-31 LTBAvgDayFirstHearing April2015-March2016_FY.xlsx
2015_2016_FY,region_southwestern,SW,T2/T3,T2,36.5,30,0.0,22 1 2015-04-01_2016-3-31 LTBAvgDayFirstHearing April2015-March2016_FY.xlsx
2015_2016_FY,region_southwestern,SW,T2/T3,T3,36.5,30,0.0,22 1 2015-04-01_2016-3-31 LTBAvgDayFirstHearing April2015-March2016_FY.xlsx
2015_2016_FY,region_southwestern,SW,T2/T3/T6,T2,24.0,30,0.0,22 1 2015-04-01_2016-3-31 LTBAvgDayFirstHearing April2015-March2016_FY.xlsx
2015_2016_FY,region_southwestern,SW,T2/T3/T6,T3,24.0,30,0.0,22 1 2015-04-01_2016-3-31 LTBAvgDayFirstHearing April2015-March2016_FY.xlsx
2015_2016_FY,region_southwestern,SW,T2/T3/T6,T6,24.0,30,0.0,22 1 2015-04-01_2016-3-31 LTBAvgDayFirstHearing April2015-March2016_FY.xlsx
2015_2016_FY,region_southwestern,SW,T2/T4,T2,32.0,30,0.0,22 1 2015-04-01_2016-3-31 LTBAvgDayFirstHearing April2015-March2016_FY.xlsx
2015_2016_FY,region_southwestern,SW,T2/T4,T4,32.0,30,0.0,22 1 2015-04-01_2016-3-31 LTBAvgDayFirstHearing April2015-March2016_FY.xlsx
2015_2016_FY,region_southwestern,SW,T2/T5,T2,34.0,30,0.0,22 1 2015-04-01_2016-3-31 LTBAvgDayFirstHearing April2015-March2016_FY.xlsx
2015_2016_FY,region_southwestern,SW,T2/T5,T5,34.0,30,0.0,22 1 2015-04-01_2016-3-31 LTBAvgDayFirstHearing April2015-March2016_FY.xlsx
2015_2016_FY,region_southwestern,SW,T2/T6,T2,27.53048780487805,30,0.6097560975609756,22 1 2015-04-01_2016-3-31 LTBAvgDayFirstHearing April2015-March2016_FY.xlsx
2015_2016_FY,region_southwestern,SW,T2/T6,T6,27.53048780487805,30,0.6097560975609756,22 1 2015-04-01_2016-3-31 LTBAvgDayFirstHearing April2015-March2016_FY.xlsx
2015_2016_FY,region_southwestern,SW,T3,T3,20.0,30,0.0,22 1 2015-04-01_2016-3-31 LTBAvgDayFirstHearing April2015-March2016_FY.xlsx
2015_2016_FY,region_southwestern,SW,T5,T5,26.88888888888889,30,0.0,22 1 2015-04-01_2016-3-31 LTBAvgDayFirstHearing April2015-March2016_FY.xlsx
2015_2016_FY,region_southwestern,SW,T6,T6,26.564285714285713,30,0.0,22 1 2015-04-01_2016-3-31 LTBAvgDayFirstHearing April2015-March2016_FY.xlsx
2015_2016_FY,region_torontoEast,TE,A1,A1_L,33.0,30,0.0,22 1 2015-04-01_2016-3-31 LTBAvgDayFirstHearing April2015-March2016_FY.xlsx
2015_2016_FY,region_torontoEast,TE,A1,A1_T,33.2,30,0.0,22 1 2015-04-01_2016-3-31 LTBAvgDayFirstHearing April2015-March2016_FY.xlsx
2015_2016_FY,region_torontoEast,TE,A1/L9,A1_L,43.0,30,0.0,22 1 2015-04-01_2016-3-31 LTBAvgDayFirstHearing April2015-March2016_FY.xlsx
2015_2016_FY,region_torontoEast,TE,A1/L9,L9,43.0,30,0.0,22 1 2015-04-01_2016-3-31 LTBAvgDayFirstHearing April2015-March2016_FY.xlsx
2015_2016_FY,region_torontoEast,TE,A1/T1/T2,A1_T,22.0,30,0.0,22 1 2015-04-01_2016-3-31 LTBAvgDayFirstHearing April2015-March2016_FY.xlsx
2015_2016_FY,region_torontoEast,TE,A1/T1/T2,T1,22.0,30,0.0,22 1 2015-04-01_2016-3-31 LTBAvgDayFirstHearing April2015-March2016_FY.xlsx
2015_2016_FY,region_torontoEast,TE,A1/T1/T2,T2,22.0,30,0.0,22 1 2015-04-01_2016-3-31 LTBAvgDayFirstHearing April2015-March2016_FY.xlsx
2015_2016_FY,region_torontoEast,TE,A1/T2,A1_T,22.5,30,0.0,22 1 2015-04-01_2016-3-31 LTBAvgDayFirstHearing April2015-March2016_FY.xlsx
2015_2016_FY,region_torontoEast,TE,A1/T2,T2,22.5,30,0.0,22 1 2015-04-01_2016-3-31 LTBAvgDayFirstHearing April2015-March2016_FY.xlsx
2015_2016_FY,region_torontoEast,TE,A2,A2_L,24.166666666666668,30,0.0,22 1 2015-04-01_2016-3-31 LTBAvgDayFirstHearing April2015-March2016_FY.xlsx
2015_2016_FY,region_torontoEast,TE,A2,A2_T,26.666666666666668,30,0.0,22 1 2015-04-01_2016-3-31 LTBAvgDayFirstHearing April2015-March2016_FY.xlsx
2015_2016_FY,region_torontoEast,TE,A2/L2,A2_L,20.0,30,0.0,22 1 2015-04-01_2016-3-31 LTBAvgDayFirstHearing April2015-March2016_FY.xlsx
2015_2016_FY,region_torontoEast,TE,A2/L2,L2,20.0,30,0.0,22 1 2015-04-01_2016-3-31 LTBAvgDayFirstHearing April2015-March2016_FY.xlsx
2015_2016_FY,region_torontoEast,TE,A2/L2/L3,A2_L,13.0,30,0.0,22 1 2015-04-01_2016-3-31 LTBAvgDayFirstHearing April2015-March2016_FY.xlsx
2015_2016_FY,region_torontoEast,TE,A2/L2/L3,L2,13.0,30,0.0,22 1 2015-04-01_2016-3-31 LTBAvgDayFirstHearing April2015-March2016_FY.xlsx
2015_2016_FY,region_torontoEast,TE,A2/L2/L3,L3,13.0,30,0.0,22 1 2015-04-01_2016-3-31 LTBAvgDayFirstHearing April2015-March2016_FY.xlsx
2015_2016_FY,region_torontoEast,TE,A2/T1,A2_T,27.5,30,0.0,22 1 2015-04-01_2016-3-31 LTBAvgDayFirstHearing April2015-March2016_FY.xlsx
2015_2016_FY,region_torontoEast,TE,A2/T1,T1,27.5,30,0.0,22 1 2015-04-01_2016-3-31 LTBAvgDayFirstHearing April2015-March2016_FY.xlsx
2015_2016_FY,region_torontoEast,TE,A2/T2,A2_T,28.0,30,0.0,22 1 2015-04-01_2016-3-31 LTBAvgDayFirstHearing April2015-March2016_FY.xlsx
2015_2016_FY,region_torontoEast,TE,A2/T2,T2,28.0,30,0.0,22 1 2015-04-01_2016-3-31 LTBAvgDayFirstHearing April2015-March2016_FY.xlsx
2015_2016_FY,region_torontoEast,TE,A4,A4_L,110.57142857142857,30,0.0,22 1 2015-04-01_2016-3-31 LTBAvgDayFirstHearing April2015-March2016_FY.xlsx
2015_2016_FY,region_torontoEast,TE,L1,L1,24.958366565640453,25,0.1276120593396076,22 1 2015-04-01_2016-3-31 LTBAvgDayFirstHearing April2015-March2016_FY.xlsx
2015_2016_FY,region_torontoEast,TE,L1/L2,L1,23.789565217391303,30,0.0,22 1 2015-04-01_2016-3-31 LTBAvgDayFirstHearing April2015-March2016_FY.xlsx
2015_2016_FY,region_torontoEast,TE,L1/L2,L2,23.789565217391303,30,0.0,22 1 2015-04-01_2016-3-31 LTBAvgDayFirstHearing April2015-March2016_FY.xlsx
2015_2016_FY,region_torontoEast,TE,L1/L2/L3,L1,20.0,30,0.0,22 1 2015-04-01_2016-3-31 LTBAvgDayFirstHearing April2015-March2016_FY.xlsx
2015_2016_FY,region_torontoEast,TE,L1/L2/L3,L2,20.0,30,0.0,22 1 2015-04-01_2016-3-31 LTBAvgDayFirstHearing April2015-March2016_FY.xlsx
2015_2016_FY,region_torontoEast,TE,L1/L2/L3,L3,20.0,30,0.0,22 1 2015-04-01_2016-3-31 LTBAvgDayFirstHearing April2015-March2016_FY.xlsx
2015_2016_FY,region_torontoEast,TE,L1/L2/L8,L1,17.75,30,0.0,22 1 2015-04-01_2016-3-31 LTBAvgDayFirstHearing April2015-March2016_FY.xlsx
2015_2016_FY,region_torontoEast,TE,L1/L2/L8,L2,17.75,30,0.0,22 1 2015-04-01_2016-3-31 LTBAvgDayFirstHearing April2015-March2016_FY.xlsx
2015_2016_FY,region_torontoEast,TE,L1/L2/L8,L8,17.75,30,0.0,22 1 2015-04-01_2016-3-31 LTBAvgDayFirstHearing April2015-March2016_FY.xlsx
2015_2016_FY,region_torontoEast,TE,L1/L2/L9,L1,19.0,30,0.0,22 1 2015-04-01_2016-3-31 LTBAvgDayFirstHearing April2015-March2016_FY.xlsx
2015_2016_FY,region_torontoEast,TE,L1/L2/L9,L2,19.0,30,0.0,22 1 2015-04-01_2016-3-31 LTBAvgDayFirstHearing April2015-March2016_FY.xlsx
2015_2016_FY,region_torontoEast,TE,L1/L2/L9,L9,19.0,30,0.0,22 1 2015-04-01_2016-3-31 LTBAvgDayFirstHearing April2015-March2016_FY.xlsx
2015_2016_FY,region_torontoEast,TE,L1/L3,L1,19.85,30,0.0,22 1 2015-04-01_2016-3-31 LTBAvgDayFirstHearing April2015-March2016_FY.xlsx
2015_2016_FY,region_torontoEast,TE,L1/L3,L3,19.85,30,0.0,22 1 2015-04-01_2016-3-31 LTBAvgDayFirstHearing April2015-March2016_FY.xlsx
2015_2016_FY,region_torontoEast,TE,L1/L8,L1,25.8,30,0.0,22 1 2015-04-01_2016-3-31 LTBAvgDayFirstHearing April2015-March2016_FY.xlsx
2015_2016_FY,region_torontoEast,TE,L1/L8,L8,25.8,30,0.0,22 1 2015-04-01_2016-3-31 LTBAvgDayFirstHearing April2015-March2016_FY.xlsx
2015_2016_FY,region_torontoEast,TE,L1/L9,L1,16.0,25,0.0,22 1 2015-04-01_2016-3-31 LTBAvgDayFirstHearing April2015-March2016_FY.xlsx
2015_2016_FY,region_torontoEast,TE,L1/L9,L9,16.0,25,0.0,22 1 2015-04-01_2016-3-31 LTBAvgDayFirstHearing April2015-March2016_FY.xlsx
2015_2016_FY,region_torontoEast,TE,L2,L2,24.083650190114067,30,0.0,22 1 2015-04-01_2016-3-31 LTBAvgDayFirstHearing April2015-March2016_FY.xlsx
2015_2016_FY,region_torontoEast,TE,L2/L3,L2,21.0,30,0.0,22 1 2015-04-01_2016-3-31 LTBAvgDayFirstHearing April2015-March2016_FY.xlsx
2015_2016_FY,region_torontoEast,TE,L2/L3,L3,21.0,30,0.0,22 1 2015-04-01_2016-3-31 LTBAvgDayFirstHearing April2015-March2016_FY.xlsx
2015_2016_FY,region_torontoEast,TE,L2/L3/L8/L9,L2,13.0,30,0.0,22 1 2015-04-01_2016-3-31 LTBAvgDayFirstHearing April2015-March2016_FY.xlsx
2015_2016_FY,region_torontoEast,TE,L2/L3/L8/L9,L3,13.0,30,0.0,22 1 2015-04-01_2016-3-31 LTBAvgDayFirstHearing April2015-March2016_FY.xlsx
2015_2016_FY,region_torontoEast,TE,L2/L3/L8/L9,L8,13.0,30,0.0,22 1 2015-04-01_2016-3-31 LTBAvgDayFirstHearing April2015-March2016_FY.xlsx
2015_2016_FY,region_torontoEast,TE,L2/L3/L8/L9,L9,13.0,30,0.0,22 1 2015-04-01_2016-3-31 LTBAvgDayFirstHearing April2015-March2016_FY.xlsx
2015_2016_FY,region_torontoEast,TE,L2/L3/L9,L2,15.0,30,0.0,22 1 2015-04-01_2016-3-31 LTBAvgDayFirstHearing April2015-March2016_FY.xlsx
2015_2016_FY,region_torontoEast,TE,L2/L3/L9,L3,15.0,30,0.0,22 1 2015-04-01_2016-3-31 LTBAvgDayFirstHearing April2015-March2016_FY.xlsx
2015_2016_FY,region_torontoEast,TE,L2/L3/L9,L9,15.0,30,0.0,22 1 2015-04-01_2016-3-31 LTBAvgDayFirstHearing April2015-March2016_FY.xlsx
2015_2016_FY,region_torontoEast,TE,L2/L8,L2,20.5,30,0.0,22 1 2015-04-01_2016-3-31 LTBAvgDayFirstHearing April2015-March2016_FY.xlsx
2015_2016_FY,region_torontoEast,TE,L2/L8,L8,20.5,30,0.0,22 1 2015-04-01_2016-3-31 LTBAvgDayFirstHearing April2015-March2016_FY.xlsx
2015_2016_FY,region_torontoEast,TE,L2/L9,L2,21.08,30,0.0,22 1 2015-04-01_2016-3-31 LTBAvgDayFirstHearing April2015-March2016_FY.xlsx
2015_2016_FY,region_torontoEast,TE,L2/L9,L9,21.08,30,0.0,22 1 2015-04-01_2016-3-31 LTBAvgDayFirstHearing April2015-March2016_FY.xlsx
2015_2016_FY,region_torontoEast,TE,L3,L3,27.03846153846154,30,0.0,22 1 2015-04-01_2016-3-31 LTBAvgDayFirstHearing April2015-March2016_FY.xlsx
2015_2016_FY,region_torontoEast,TE,L3/L8,L3,18.0,30,0.0,22 1 2015-04-01_2016-3-31 LTBAvgDayFirstHearing April2015-March2016_FY.xlsx
2015_2016_FY,region_torontoEast,TE,L3/L8,L8,18.0,30,0.0,22 1 2015-04-01_2016-3-31 LTBAvgDayFirstHearing April2015-March2016_FY.xlsx
2015_2016_FY,region_torontoEast,TE,L3/L9,L3,19.352941176470587,30,0.0,22 1 2015-04-01_2016-3-31 LTBAvgDayFirstHearing April2015-March2016_FY.xlsx
2015_2016_FY,region_torontoEast,TE,L3/L9,L9,19.352941176470587,30,0.0,22 1 2015-04-01_2016-3-31 LTBAvgDayFirstHearing April2015-March2016_FY.xlsx
2015_2016_FY,region_torontoEast,TE,L4,L4,34.8041237113402,30,0.2577319587628866,22 1 2015-04-01_2016-3-31 LTBAvgDayFirstHearing April2015-March2016_FY.xlsx
2015_2016_FY,region_torontoEast,TE,L5,L5,313.1904761904762,30,0.0,22 1 2015-04-01_2016-3-31 LTBAvgDayFirstHearing April2015-March2016_FY.xlsx
2015_2016_FY,region_torontoEast,TE,L6,L6,31.833333333333332,30,0.0,22 1 2015-04-01_2016-3-31 LTBAvgDayFirstHearing April2015-March2016_FY.xlsx
2015_2016_FY,region_torontoEast,TE,L8,L8,17.714285714285715,30,0.0,22 1 2015-04-01_2016-3-31 LTBAvgDayFirstHearing April2015-March2016_FY.xlsx
2015_2016_FY,region_torontoEast,TE,L9,L9,26.413333333333334,25,0.0,22 1 2015-04-01_2016-3-31 LTBAvgDayFirstHearing April2015-March2016_FY.xlsx
2015_2016_FY,region_torontoEast,TE,T1,T1,27.571428571428573,30,0.0,22 1 2015-04-01_2016-3-31 LTBAvgDayFirstHearing April2015-March2016_FY.xlsx
2015_2016_FY,region_torontoEast,TE,T1/T2,T1,27.51851851851852,30,0.0,22 1 2015-04-01_2016-3-31 LTBAvgDayFirstHearing April2015-March2016_FY.xlsx
2015_2016_FY,region_torontoEast,TE,T1/T2,T2,27.51851851851852,30,0.0,22 1 2015-04-01_2016-3-31 LTBAvgDayFirstHearing April2015-March2016_FY.xlsx
2015_2016_FY,region_torontoEast,TE,T1/T2/T3,T1,46.0,30,0.0,22 1 2015-04-01_2016-3-31 LTBAvgDayFirstHearing April2015-March2016_FY.xlsx
2015_2016_FY,region_torontoEast,TE,T1/T2/T3,T2,46.0,30,0.0,22 1 2015-04-01_2016-3-31 LTBAvgDayFirstHearing April2015-March2016_FY.xlsx
2015_2016_FY,region_torontoEast,TE,T1/T2/T3,T3,46.0,30,0.0,22 1 2015-04-01_2016-3-31 LTBAvgDayFirstHearing April2015-March2016_FY.xlsx
2015_2016_FY,region_torontoEast,TE,T1/T2/T3/T5/T6,T1,23.0,30,0.0,22 1 2015-04-01_2016-3-31 LTBAvgDayFirstHearing April2015-March2016_FY.xlsx
2015_2016_FY,region_torontoEast,TE,T1/T2/T3/T5/T6,T2,23.0,30,0.0,22 1 2015-04-01_2016-3-31 LTBAvgDayFirstHearing April2015-March2016_FY.xlsx
2015_2016_FY,region_torontoEast,TE,T1/T2/T3/T5/T6,T3,23.0,30,0.0,22 1 2015-04-01_2016-3-31 LTBAvgDayFirstHearing April2015-March2016_FY.xlsx
2015_2016_FY,region_torontoEast,TE,T1/T2/T3/T5/T6,T5,23.0,30,0.0,22 1 2015-04-01_2016-3-31 LTBAvgDayFirstHearing April2015-March2016_FY.xlsx
2015_2016_FY,region_torontoEast,TE,T1/T2/T3/T5/T6,T6,23.0,30,0.0,22 1 2015-04-01_2016-3-31 LTBAvgDayFirstHearing April2015-March2016_FY.xlsx
2015_2016_FY,region_torontoEast,TE,T1/T2/T3/T6,T1,18.5,30,0.0,22 1 2015-04-01_2016-3-31 LTBAvgDayFirstHearing April2015-March2016_FY.xlsx
2015_2016_FY,region_torontoEast,TE,T1/T2/T3/T6,T2,18.5,30,0.0,22 1 2015-04-01_2016-3-31 LTBAvgDayFirstHearing April2015-March2016_FY.xlsx
2015_2016_FY,region_torontoEast,TE,T1/T2/T3/T6,T3,18.5,30,0.0,22 1 2015-04-01_2016-3-31 LTBAvgDayFirstHearing April2015-March2016_FY.xlsx
2015_2016_FY,region_torontoEast,TE,T1/T2/T3/T6,T6,18.5,30,0.0,22 1 2015-04-01_2016-3-31 LTBAvgDayFirstHearing April2015-March2016_FY.xlsx
2015_2016_FY,region_torontoEast,TE,T1/T2/T5,T1,21.0,30,0.0,22 1 2015-04-01_2016-3-31 LTBAvgDayFirstHearing April2015-March2016_FY.xlsx
2015_2016_FY,region_torontoEast,TE,T1/T2/T5,T2,21.0,30,0.0,22 1 2015-04-01_2016-3-31 LTBAvgDayFirstHearing April2015-March2016_FY.xlsx
2015_2016_FY,region_torontoEast,TE,T1/T2/T5,T5,21.0,30,0.0,22 1 2015-04-01_2016-3-31 LTBAvgDayFirstHearing April2015-March2016_FY.xlsx
2015_2016_FY,region_torontoEast,TE,T1/T2/T6,T1,31.642857142857142,30,0.0,22 1 2015-04-01_2016-3-31 LTBAvgDayFirstHearing April2015-March2016_FY.xlsx
2015_2016_FY,region_torontoEast,TE,T1/T2/T6,T2,31.642857142857142,30,0.0,22 1 2015-04-01_2016-3-31 LTBAvgDayFirstHearing April2015-March2016_FY.xlsx
2015_2016_FY,region_torontoEast,TE,T1/T2/T6,T6,31.642857142857142,30,0.0,22 1 2015-04-01_2016-3-31 LTBAvgDayFirstHearing April2015-March2016_FY.xlsx
2015_2016_FY,region_torontoEast,TE,T1/T3,T1,23.0,30,0.0,22 1 2015-04-01_2016-3-31 LTBAvgDayFirstHearing April2015-March2016_FY.xlsx
2015_2016_FY,region_torontoEast,TE,T1/T3,T3,23.0,30,0.0,22 1 2015-04-01_2016-3-31 LTBAvgDayFirstHearing April2015-March2016_FY.xlsx
2015_2016_FY,region_torontoEast,TE,T1/T5,T1,28.0,30,0.0,22 1 2015-04-01_2016-3-31 LTBAvgDayFirstHearing April2015-March2016_FY.xlsx
2015_2016_FY,region_torontoEast,TE,T1/T5,T5,28.0,30,0.0,22 1 2015-04-01_2016-3-31 LTBAvgDayFirstHearing April2015-March2016_FY.xlsx
2015_2016_FY,region_torontoEast,TE,T1/T6,T1,31.428571428571427,30,0.0,22 1 2015-04-01_2016-3-31 LTBAvgDayFirstHearing April2015-March2016_FY.xlsx
2015_2016_FY,region_torontoEast,TE,T1/T6,T6,31.428571428571427,30,0.0,22 1 2015-04-01_2016-3-31 LTBAvgDayFirstHearing April2015-March2016_FY.xlsx
2015_2016_FY,region_torontoEast,TE,T2,T2,30.253668763102727,30,0.0,22 1 2015-04-01_2016-3-31 LTBAvgDayFirstHearing April2015-March2016_FY.xlsx
2015_2016_FY,region_torontoEast,TE,T2/T3,T2,29.3,30,0.0,22 1 2015-04-01_2016-3-31 LTBAvgDayFirstHearing April2015-March2016_FY.xlsx
2015_2016_FY,region_torontoEast,TE,T2/T3,T3,29.3,30,0.0,22 1 2015-04-01_2016-3-31 LTBAvgDayFirstHearing April2015-March2016_FY.xlsx
2015_2016_FY,region_torontoEast,TE,T2/T3/T6,T2,29.1,30,0.0,22 1 2015-04-01_2016-3-31 LTBAvgDayFirstHearing April2015-March2016_FY.xlsx
2015_2016_FY,region_torontoEast,TE,T2/T3/T6,T3,29.1,30,0.0,22 1 2015-04-01_2016-3-31 LTBAvgDayFirstHearing April2015-March2016_FY.xlsx
2015_2016_FY,region_torontoEast,TE,T2/T3/T6,T6,29.1,30,0.0,22 1 2015-04-01_2016-3-31 LTBAvgDayFirstHearing April2015-March2016_FY.xlsx
2015_2016_FY,region_torontoEast,TE,T2/T5,T2,37.25,30,0.0,22 1 2015-04-01_2016-3-31 LTBAvgDayFirstHearing April2015-March2016_FY.xlsx
2015_2016_FY,region_torontoEast,TE,T2/T5,T5,37.25,30,0.0,22 1 2015-04-01_2016-3-31 LTBAvgDayFirstHearing April2015-March2016_FY.xlsx
2015_2016_FY,region_torontoEast,TE,T2/T5/T6,T2,20.0,30,0.0,22 1 2015-04-01_2016-3-31 LTBAvgDayFirstHearing April2015-March2016_FY.xlsx
2015_2016_FY,region_torontoEast,TE,T2/T5/T6,T5,20.0,30,0.0,22 1 2015-04-01_2016-3-31 LTBAvgDayFirstHearing April2015-March2016_FY.xlsx
2015_2016_FY,region_torontoEast,TE,T2/T5/T6,T6,20.0,30,0.0,22 1 2015-04-01_2016-3-31 LTBAvgDayFirstHearing April2015-March2016_FY.xlsx
2015_2016_FY,region_torontoEast,TE,T2/T6,T2,29.65034965034965,30,0.0,22 1 2015-04-01_2016-3-31 LTBAvgDayFirstHearing April2015-March2016_FY.xlsx
2015_2016_FY,region_torontoEast,TE,T2/T6,T6,29.65034965034965,30,0.0,22 1 2015-04-01_2016-3-31 LTBAvgDayFirstHearing April2015-March2016_FY.xlsx
2015_2016_FY,region_torontoEast,TE,T3,T3,27.333333333333332,30,0.0,22 1 2015-04-01_2016-3-31 LTBAvgDayFirstHearing April2015-March2016_FY.xlsx
2015_2016_FY,region_torontoEast,TE,T5,T5,57.22222222222222,30,0.0,22 1 2015-04-01_2016-3-31 LTBAvgDayFirstHearing April2015-March2016_FY.xlsx
2015_2016_FY,region_torontoEast,TE,T5/T6,T5,14.0,30,0.0,22 1 2015-04-01_2016-3-31 LTBAvgDayFirstHearing April2015-March2016_FY.xlsx
2015_2016_FY,region_torontoEast,TE,T5/T6,T6,14.0,30,0.0,22 1 2015-04-01_2016-3-31 LTBAvgDayFirstHearing April2015-March2016_FY.xlsx
2015_2016_FY,region_torontoEast,TE,T6,T6,31.93617021276596,30,0.0,22 1 2015-04-01_2016-3-31 LTBAvgDayFirstHearing April2015-March2016_FY.xlsx
2015_2016_FY,region_torontoEast,TE,T7,T7,28.0,30,0.0,22 1 2015-04-01_2016-3-31 LTBAvgDayFirstHearing April2015-March2016_FY.xlsx
2015_2016_FY,region_torontoNorth,TN,A1,A1_L,19.923076923076923,30,0.0,22 1 2015-04-01_2016-3-31 LTBAvgDayFirstHearing April2015-March2016_FY.xlsx
2015_2016_FY,region_torontoNorth,TN,A1,A1_T,15.666666666666666,30,16.666666666666664,22 1 2015-04-01_2016-3-31 LTBAvgDayFirstHearing April2015-March2016_FY.xlsx
2015_2016_FY,region_torontoNorth,TN,A1/L1/L2,A1_L,24.0,30,0.0,22 1 2015-04-01_2016-3-31 LTBAvgDayFirstHearing April2015-March2016_FY.xlsx
2015_2016_FY,region_torontoNorth,TN,A1/L1/L2,L1,24.0,30,0.0,22 1 2015-04-01_2016-3-31 LTBAvgDayFirstHearing April2015-March2016_FY.xlsx
2015_2016_FY,region_torontoNorth,TN,A1/L1/L2,L2,24.0,30,0.0,22 1 2015-04-01_2016-3-31 LTBAvgDayFirstHearing April2015-March2016_FY.xlsx
2015_2016_FY,region_torontoNorth,TN,A1/T1,A1_T,15.0,30,0.0,22 1 2015-04-01_2016-3-31 LTBAvgDayFirstHearing April2015-March2016_FY.xlsx
2015_2016_FY,region_torontoNorth,TN,A1/T1,T1,15.0,30,0.0,22 1 2015-04-01_2016-3-31 LTBAvgDayFirstHearing April2015-March2016_FY.xlsx
2015_2016_FY,region_torontoNorth,TN,A1/T2,A1_L,13.0,30,0.0,22 1 2015-04-01_2016-3-31 LTBAvgDayFirstHearing April2015-March2016_FY.xlsx
2015_2016_FY,region_torontoNorth,TN,A1/T2,A1_T,23.0,30,0.0,22 1 2015-04-01_2016-3-31 LTBAvgDayFirstHearing April2015-March2016_FY.xlsx
2015_2016_FY,region_torontoNorth,TN,A1/T2,T2,13.0,30,0.0,22 1 2015-04-01_2016-3-31 LTBAvgDayFirstHearing April2015-March2016_FY.xlsx
2015_2016_FY,region_torontoNorth,TN,A1/T2,T2,23.0,30,0.0,22 1 2015-04-01_2016-3-31 LTBAvgDayFirstHearing April2015-March2016_FY.xlsx
2015_2016_FY,region_torontoNorth,TN,A1/T2/T6,A1_T,17.0,30,0.0,22 1 2015-04-01_2016-3-31 LTBAvgDayFirstHearing April2015-March2016_FY.xlsx
2015_2016_FY,region_torontoNorth,TN,A1/T2/T6,T2,17.0,30,0.0,22 1 2015-04-01_2016-3-31 LTBAvgDayFirstHearing April2015-March2016_FY.xlsx
2015_2016_FY,region_torontoNorth,TN,A1/T2/T6,T6,17.0,30,0.0,22 1 2015-04-01_2016-3-31 LTBAvgDayFirstHearing April2015-March2016_FY.xlsx
2015_2016_FY,region_torontoNorth,TN,A2,A2_L,21.4375,30,0.0,22 1 2015-04-01_2016-3-31 LTBAvgDayFirstHearing April2015-March2016_FY.xlsx
2015_2016_FY,region_torontoNorth,TN,A2,A2_T,21.76923076923077,30,0.0,22 1 2015-04-01_2016-3-31 LTBAvgDayFirstHearing April2015-March2016_FY.xlsx
2015_2016_FY,region_torontoNorth,TN,A2/L1,A2_L,20.25,30,0.0,22 1 2015-04-01_2016-3-31 LTBAvgDayFirstHearing April2015-March2016_FY.xlsx
2015_2016_FY,region_torontoNorth,TN,A2/L1,L1,20.25,30,0.0,22 1 2015-04-01_2016-3-31 LTBAvgDayFirstHearing April2015-March2016_FY.xlsx
2015_2016_FY,region_torontoNorth,TN,A2/L1/L2,A2_L,11.0,30,0.0,22 1 2015-04-01_2016-3-31 LTBAvgDayFirstHearing April2015-March2016_FY.xlsx
2015_2016_FY,region_torontoNorth,TN,A2/L1/L2,L1,11.0,30,0.0,22 1 2015-04-01_2016-3-31 LTBAvgDayFirstHearing April2015-March2016_FY.xlsx
2015_2016_FY,region_torontoNorth,TN,A2/L1/L2,L2,11.0,30,0.0,22 1 2015-04-01_2016-3-31 LTBAvgDayFirstHearing April2015-March2016_FY.xlsx
2015_2016_FY,region_torontoNorth,TN,A2/L2,A2_L,23.0,30,0.0,22 1 2015-04-01_2016-3-31 LTBAvgDayFirstHearing April2015-March2016_FY.xlsx
2015_2016_FY,region_torontoNorth,TN,A2/L2,L2,23.0,30,0.0,22 1 2015-04-01_2016-3-31 LTBAvgDayFirstHearing April2015-March2016_FY.xlsx
2015_2016_FY,region_torontoNorth,TN,A2/L3/L9,A2_L,27.0,30,0.0,22 1 2015-04-01_2016-3-31 LTBAvgDayFirstHearing April2015-March2016_FY.xlsx
2015_2016_FY,region_torontoNorth,TN,A2/L3/L9,L3,27.0,30,0.0,22 1 2015-04-01_2016-3-31 LTBAvgDayFirstHearing April2015-March2016_FY.xlsx
2015_2016_FY,region_torontoNorth,TN,A2/L3/L9,L9,27.0,30,0.0,22 1 2015-04-01_2016-3-31 LTBAvgDayFirstHearing April2015-March2016_FY.xlsx
2015_2016_FY,region_torontoNorth,TN,A2/L8,A2_L,18.0,30,0.0,22 1 2015-04-01_2016-3-31 LTBAvgDayFirstHearing April2015-March2016_FY.xlsx
2015_2016_FY,region_torontoNorth,TN,A2/L8,L8,18.0,30,0.0,22 1 2015-04-01_2016-3-31 LTBAvgDayFirstHearing April2015-March2016_FY.xlsx
2015_2016_FY,region_torontoNorth,TN,A2/L9,A2_L,9.0,30,0.0,22 1 2015-04-01_2016-3-31 LTBAvgDayFirstHearing April2015-March2016_FY.xlsx
2015_2016_FY,region_torontoNorth,TN,A2/L9,L9,9.0,30,0.0,22 1 2015-04-01_2016-3-31 LTBAvgDayFirstHearing April2015-March2016_FY.xlsx
2015_2016_FY,region_torontoNorth,TN,A2/T1,A2_T,21.75,30,0.0,22 1 2015-04-01_2016-3-31 LTBAvgDayFirstHearing April2015-March2016_FY.xlsx
2015_2016_FY,region_torontoNorth,TN,A2/T1,T1,21.75,30,0.0,22 1 2015-04-01_2016-3-31 LTBAvgDayFirstHearing April2015-March2016_FY.xlsx
2015_2016_FY,region_torontoNorth,TN,A2/T2,A2_T,20.5,30,0.0,22 1 2015-04-01_2016-3-31 LTBAvgDayFirstHearing April2015-March2016_FY.xlsx
2015_2016_FY,region_torontoNorth,TN,A2/T2,T2,20.5,30,0.0,22 1 2015-04-01_2016-3-31 LTBAvgDayFirstHearing April2015-March2016_FY.xlsx
2015_2016_FY,region_torontoNorth,TN,A4,A4_L,80.11111111111111,30,0.0,22 1 2015-04-01_2016-3-31 LTBAvgDayFirstHearing April2015-March2016_FY.xlsx
2015_2016_FY,region_torontoNorth,TN,L1,L1,21.10210335701351,25,0.0557180665830896,22 1 2015-04-01_2016-3-31 LTBAvgDayFirstHearing April2015-March2016_FY.xlsx
2015_2016_FY,region_torontoNorth,TN,L1/L2,L1,21.236087689713322,30,0.1686340640809443,22 1 2015-04-01_2016-3-31 LTBAvgDayFirstHearing April2015-March2016_FY.xlsx
2015_2016_FY,region_torontoNorth,TN,L1/L2,L2,21.236087689713322,30,0.1686340640809443,22 1 2015-04-01_2016-3-31 LTBAvgDayFirstHearing April2015-March2016_FY.xlsx
2015_2016_FY,region_torontoNorth,TN,L1/L2/L3,L1,16.5,30,0.0,22 1 2015-04-01_2016-3-31 LTBAvgDayFirstHearing April2015-March2016_FY.xlsx
2015_2016_FY,region_torontoNorth,TN,L1/L2/L3,L2,16.5,30,0.0,22 1 2015-04-01_2016-3-31 LTBAvgDayFirstHearing April2015-March2016_FY.xlsx
2015_2016_FY,region_torontoNorth,TN,L1/L2/L3,L3,16.5,30,0.0,22 1 2015-04-01_2016-3-31 LTBAvgDayFirstHearing April2015-March2016_FY.xlsx
2015_2016_FY,region_torontoNorth,TN,L1/L2/L8,L1,15.5,30,0.0,22 1 2015-04-01_2016-3-31 LTBAvgDayFirstHearing April2015-March2016_FY.xlsx
2015_2016_FY,region_torontoNorth,TN,L1/L2/L8,L2,15.5,30,0.0,22 1 2015-04-01_2016-3-31 LTBAvgDayFirstHearing April2015-March2016_FY.xlsx
2015_2016_FY,region_torontoNorth,TN,L1/L2/L8,L8,15.5,30,0.0,22 1 2015-04-01_2016-3-31 LTBAvgDayFirstHearing April2015-March2016_FY.xlsx
2015_2016_FY,region_torontoNorth,TN,L1/L3,L1,17.88888888888889,30,0.0,22 1 2015-04-01_2016-3-31 LTBAvgDayFirstHearing April2015-March2016_FY.xlsx
2015_2016_FY,region_torontoNorth,TN,L1/L3,L3,17.88888888888889,30,0.0,22 1 2015-04-01_2016-3-31 LTBAvgDayFirstHearing April2015-March2016_FY.xlsx
2015_2016_FY,region_torontoNorth,TN,L1/L8,L1,21.0,30,0.0,22 1 2015-04-01_2016-3-31 LTBAvgDayFirstHearing April2015-March2016_FY.xlsx
2015_2016_FY,region_torontoNorth,TN,L1/L8,L8,21.0,30,0.0,22 1 2015-04-01_2016-3-31 LTBAvgDayFirstHearing April2015-March2016_FY.xlsx
2015_2016_FY,region_torontoNorth,TN,L2,L2,20.011524822695037,30,0.0,22 1 2015-04-01_2016-3-31 LTBAvgDayFirstHearing April2015-March2016_FY.xlsx
2015_2016_FY,region_torontoNorth,TN,L2/L3,L2,13.4,30,0.0,22 1 2015-04-01_2016-3-31 LTBAvgDayFirstHearing April2015-March2016_FY.xlsx
2015_2016_FY,region_torontoNorth,TN,L2/L3,L3,13.4,30,0.0,22 1 2015-04-01_2016-3-31 LTBAvgDayFirstHearing April2015-March2016_FY.xlsx
2015_2016_FY,region_torontoNorth,TN,L2/L3/L9,L2,12.5,30,0.0,22 1 2015-04-01_2016-3-31 LTBAvgDayFirstHearing April2015-March2016_FY.xlsx
2015_2016_FY,region_torontoNorth,TN,L2/L3/L9,L3,12.5,30,0.0,22 1 2015-04-01_2016-3-31 LTBAvgDayFirstHearing April2015-March2016_FY.xlsx
2015_2016_FY,region_torontoNorth,TN,L2/L3/L9,L9,12.5,30,0.0,22 1 2015-04-01_2016-3-31 LTBAvgDayFirstHearing April2015-March2016_FY.xlsx
2015_2016_FY,region_torontoNorth,TN,L2/L8,L2,20.333333333333332,30,0.0,22 1 2015-04-01_2016-3-31 LTBAvgDayFirstHearing April2015-March2016_FY.xlsx
2015_2016_FY,region_torontoNorth,TN,L2/L8,L8,20.333333333333332,30,0.0,22 1 2015-04-01_2016-3-31 LTBAvgDayFirstHearing April2015-March2016_FY.xlsx
2015_2016_FY,region_torontoNorth,TN,L2/L9,L2,19.06024096385542,30,0.0,22 1 2015-04-01_2016-3-31 LTBAvgDayFirstHearing April2015-March2016_FY.xlsx
2015_2016_FY,region_torontoNorth,TN,L2/L9,L9,19.06024096385542,30,0.0,22 1 2015-04-01_2016-3-31 LTBAvgDayFirstHearing April2015-March2016_FY.xlsx
2015_2016_FY,region_torontoNorth,TN,L3,L3,20.677419354838708,30,0.0,22 1 2015-04-01_2016-3-31 LTBAvgDayFirstHearing April2015-March2016_FY.xlsx
2015_2016_FY,region_torontoNorth,TN,L3/L9,L3,17.454545454545453,30,0.0,22 1 2015-04-01_2016-3-31 LTBAvgDayFirstHearing April2015-March2016_FY.xlsx
2015_2016_FY,region_torontoNorth,TN,L3/L9,L9,17.454545454545453,30,0.0,22 1 2015-04-01_2016-3-31 LTBAvgDayFirstHearing April2015-March2016_FY.xlsx
2015_2016_FY,region_torontoNorth,TN,L4,L4,29.021844660194176,30,0.0,22 1 2015-04-01_2016-3-31 LTBAvgDayFirstHearing April2015-March2016_FY.xlsx
2015_2016_FY,region_torontoNorth,TN,L5,L5,298.92424242424244,30,0.0,22 1 2015-04-01_2016-3-31 LTBAvgDayFirstHearing April2015-March2016_FY.xlsx
2015_2016_FY,region_torontoNorth,TN,L6,L6,29.0,30,0.0,22 1 2015-04-01_2016-3-31 LTBAvgDayFirstHearing April2015-March2016_FY.xlsx
2015_2016_FY,region_torontoNorth,TN,L8,L8,18.5,30,0.0,22 1 2015-04-01_2016-3-31 LTBAvgDayFirstHearing April2015-March2016_FY.xlsx
2015_2016_FY,region_torontoNorth,TN,L9,L9,18.98802395209581,25,0.0,22 1 2015-04-01_2016-3-31 LTBAvgDayFirstHearing April2015-March2016_FY.xlsx
2015_2016_FY,region_torontoNorth,TN,T1,T1,20.020833333333332,30,0.0,22 1 2015-04-01_2016-3-31 LTBAvgDayFirstHearing April2015-March2016_FY.xlsx
2015_2016_FY,region_torontoNorth,TN,T1/T2,T1,19.416666666666668,30,0.0,22 1 2015-04-01_2016-3-31 LTBAvgDayFirstHearing April2015-March2016_FY.xlsx
2015_2016_FY,region_torontoNorth,TN,T1/T2,T2,19.416666666666668,30,0.0,22 1 2015-04-01_2016-3-31 LTBAvgDayFirstHearing April2015-March2016_FY.xlsx
2015_2016_FY,region_torontoNorth,TN,T1/T2/T3,T1,19.5,30,0.0,22 1 2015-04-01_2016-3-31 LTBAvgDayFirstHearing April2015-March2016_FY.xlsx
2015_2016_FY,region_torontoNorth,TN,T1/T2/T3,T2,19.5,30,0.0,22 1 2015-04-01_2016-3-31 LTBAvgDayFirstHearing April2015-March2016_FY.xlsx
2015_2016_FY,region_torontoNorth,TN,T1/T2/T3,T3,19.5,30,0.0,22 1 2015-04-01_2016-3-31 LTBAvgDayFirstHearing April2015-March2016_FY.xlsx
2015_2016_FY,region_torontoNorth,TN,T1/T2/T3/T6,T1,6.0,30,0.0,22 1 2015-04-01_2016-3-31 LTBAvgDayFirstHearing April2015-March2016_FY.xlsx
2015_2016_FY,region_torontoNorth,TN,T1/T2/T3/T6,T2,6.0,30,0.0,22 1 2015-04-01_2016-3-31 LTBAvgDayFirstHearing April2015-March2016_FY.xlsx
2015_2016_FY,region_torontoNorth,TN,T1/T2/T3/T6,T3,6.0,30,0.0,22 1 2015-04-01_2016-3-31 LTBAvgDayFirstHearing April2015-March2016_FY.xlsx
2015_2016_FY,region_torontoNorth,TN,T1/T2/T3/T6,T6,6.0,30,0.0,22 1 2015-04-01_2016-3-31 LTBAvgDayFirstHearing April2015-March2016_FY.xlsx
2015_2016_FY,region_torontoNorth,TN,T1/T2/T5/T6,T1,19.0,30,0.0,22 1 2015-04-01_2016-3-31 LTBAvgDayFirstHearing April2015-March2016_FY.xlsx
2015_2016_FY,region_torontoNorth,TN,T1/T2/T5/T6,T2,19.0,30,0.0,22 1 2015-04-01_2016-3-31 LTBAvgDayFirstHearing April2015-March2016_FY.xlsx
2015_2016_FY,region_torontoNorth,TN,T1/T2/T5/T6,T5,19.0,30,0.0,22 1 2015-04-01_2016-3-31 LTBAvgDayFirstHearing April2015-March2016_FY.xlsx
2015_2016_FY,region_torontoNorth,TN,T1/T2/T5/T6,T6,19.0,30,0.0,22 1 2015-04-01_2016-3-31 LTBAvgDayFirstHearing April2015-March2016_FY.xlsx
2015_2016_FY,region_torontoNorth,TN,T1/T2/T6,T1,22.214285714285715,30,0.0,22 1 2015-04-01_2016-3-31 LTBAvgDayFirstHearing April2015-March2016_FY.xlsx
2015_2016_FY,region_torontoNorth,TN,T1/T2/T6,T2,22.214285714285715,30,0.0,22 1 2015-04-01_2016-3-31 LTBAvgDayFirstHearing April2015-March2016_FY.xlsx
2015_2016_FY,region_torontoNorth,TN,T1/T2/T6,T6,22.214285714285715,30,0.0,22 1 2015-04-01_2016-3-31 LTBAvgDayFirstHearing April2015-March2016_FY.xlsx
2015_2016_FY,region_torontoNorth,TN,T1/T3,T1,23.5,30,0.0,22 1 2015-04-01_2016-3-31 LTBAvgDayFirstHearing April2015-March2016_FY.xlsx
2015_2016_FY,region_torontoNorth,TN,T1/T3,T3,23.5,30,0.0,22 1 2015-04-01_2016-3-31 LTBAvgDayFirstHearing April2015-March2016_FY.xlsx
2015_2016_FY,region_torontoNorth,TN,T1/T5,T1,33.0,30,0.0,22 1 2015-04-01_2016-3-31 LTBAvgDayFirstHearing April2015-March2016_FY.xlsx
2015_2016_FY,region_torontoNorth,TN,T1/T5,T5,33.0,30,0.0,22 1 2015-04-01_2016-3-31 LTBAvgDayFirstHearing April2015-March2016_FY.xlsx
2015_2016_FY,region_torontoNorth,TN,T1/T6,T1,18.88888888888889,30,0.0,22 1 2015-04-01_2016-3-31 LTBAvgDayFirstHearing April2015-March2016_FY.xlsx
2015_2016_FY,region_torontoNorth,TN,T1/T6,T6,18.88888888888889,30,0.0,22 1 2015-04-01_2016-3-31 LTBAvgDayFirstHearing April2015-March2016_FY.xlsx
2015_2016_FY,region_torontoNorth,TN,T2,T2,19.58129175946548,30,0.22271714922049,22 1 2015-04-01_2016-3-31 LTBAvgDayFirstHearing April2015-March2016_FY.xlsx
2015_2016_FY,region_torontoNorth,TN,T2/T3,T2,17.4,30,0.0,22 1 2015-04-01_2016-3-31 LTBAvgDayFirstHearing April2015-March2016_FY.xlsx
2015_2016_FY,region_torontoNorth,TN,T2/T3,T3,17.4,30,0.0,22 1 2015-04-01_2016-3-31 LTBAvgDayFirstHearing April2015-March2016_FY.xlsx
2015_2016_FY,region_torontoNorth,TN,T2/T3/T5,T2,27.0,30,0.0,22 1 2015-04-01_2016-3-31 LTBAvgDayFirstHearing April2015-March2016_FY.xlsx
2015_2016_FY,region_torontoNorth,TN,T2/T3/T5,T3,27.0,30,0.0,22 1 2015-04-01_2016-3-31 LTBAvgDayFirstHearing April2015-March2016_FY.xlsx
2015_2016_FY,region_torontoNorth,TN,T2/T3/T5,T5,27.0,30,0.0,22 1 2015-04-01_2016-3-31 LTBAvgDayFirstHearing April2015-March2016_FY.xlsx
2015_2016_FY,region_torontoNorth,TN,T2/T3/T6,T2,19.5,30,0.0,22 1 2015-04-01_2016-3-31 LTBAvgDayFirstHearing April2015-March2016_FY.xlsx
2015_2016_FY,region_torontoNorth,TN,T2/T3/T6,T3,19.5,30,0.0,22 1 2015-04-01_2016-3-31 LTBAvgDayFirstHearing April2015-March2016_FY.xlsx
2015_2016_FY,region_torontoNorth,TN,T2/T3/T6,T6,19.5,30,0.0,22 1 2015-04-01_2016-3-31 LTBAvgDayFirstHearing April2015-March2016_FY.xlsx
2015_2016_FY,region_torontoNorth,TN,T2/T5,T2,24.0,30,0.0,22 1 2015-04-01_2016-3-31 LTBAvgDayFirstHearing April2015-March2016_FY.xlsx
2015_2016_FY,region_torontoNorth,TN,T2/T5,T5,24.0,30,0.0,22 1 2015-04-01_2016-3-31 LTBAvgDayFirstHearing April2015-March2016_FY.xlsx
2015_2016_FY,region_torontoNorth,TN,T2/T6,T2,21.189393939393938,30,0.0,22 1 2015-04-01_2016-3-31 LTBAvgDayFirstHearing April2015-March2016_FY.xlsx
2015_2016_FY,region_torontoNorth,TN,T2/T6,T6,21.189393939393938,30,0.0,22 1 2015-04-01_2016-3-31 LTBAvgDayFirstHearing April2015-March2016_FY.xlsx
2015_2016_FY,region_torontoNorth,TN,T3,T3,26.0,30,0.0,22 1 2015-04-01_2016-3-31 LTBAvgDayFirstHearing April2015-March2016_FY.xlsx
2015_2016_FY,region_torontoNorth,TN,T3/T6,T3,19.0,30,0.0,22 1 2015-04-01_2016-3-31 LTBAvgDayFirstHearing April2015-March2016_FY.xlsx
2015_2016_FY,region_torontoNorth,TN,T3/T6,T6,19.0,30,0.0,22 1 2015-04-01_2016-3-31 LTBAvgDayFirstHearing April2015-March2016_FY.xlsx
2015_2016_FY,region_torontoNorth,TN,T5,T5,23.727272727272727,30,0.0,22 1 2015-04-01_2016-3-31 LTBAvgDayFirstHearing April2015-March2016_FY.xlsx
2015_2016_FY,region_torontoNorth,TN,T6,T6,20.213483146067414,30,0.0,22 1 2015-04-01_2016-3-31 LTBAvgDayFirstHearing April2015-March2016_FY.xlsx
2015_2016_FY,region_torontoNorth,TN,T7,T7,18.0,30,0.0,22 1 2015-04-01_2016-3-31 LTBAvgDayFirstHearing April2015-March2016_FY.xlsx
2015_2016_FY,region_torontoSouth,TS,A1,A1_L,26.142857142857142,30,0.0,22 1 2015-04-01_2016-3-31 LTBAvgDayFirstHearing April2015-March2016_FY.xlsx
2015_2016_FY,region_torontoSouth,TS,A1,A1_T,74.94736842105263,30,0.0,22 1 2015-04-01_2016-3-31 LTBAvgDayFirstHearing April2015-March2016_FY.xlsx
2015_2016_FY,region_torontoSouth,TS,A1/T2,A1_T,22.0,30,0.0,22 1 2015-04-01_2016-3-31 LTBAvgDayFirstHearing April2015-March2016_FY.xlsx
2015_2016_FY,region_torontoSouth,TS,A1/T2,T2,22.0,30,0.0,22 1 2015-04-01_2016-3-31 LTBAvgDayFirstHearing April2015-March2016_FY.xlsx
2015_2016_FY,region_torontoSouth,TS,A2,A2_L,25.313725490196077,30,0.0,22 1 2015-04-01_2016-3-31 LTBAvgDayFirstHearing April2015-March2016_FY.xlsx
2015_2016_FY,region_torontoSouth,TS,A2,A2_T,24.19047619047619,30,0.0,22 1 2015-04-01_2016-3-31 LTBAvgDayFirstHearing April2015-March2016_FY.xlsx
2015_2016_FY,region_torontoSouth,TS,A2/L2,A2_L,24.333333333333332,30,0.0,22 1 2015-04-01_2016-3-31 LTBAvgDayFirstHearing April2015-March2016_FY.xlsx
2015_2016_FY,region_torontoSouth,TS,A2/L2,L2,24.333333333333332,30,0.0,22 1 2015-04-01_2016-3-31 LTBAvgDayFirstHearing April2015-March2016_FY.xlsx
2015_2016_FY,region_torontoSouth,TS,A2/L8,A2_L,60.0,30,0.0,22 1 2015-04-01_2016-3-31 LTBAvgDayFirstHearing April2015-March2016_FY.xlsx
2015_2016_FY,region_torontoSouth,TS,A2/L8,L8,60.0,30,0.0,22 1 2015-04-01_2016-3-31 LTBAvgDayFirstHearing April2015-March2016_FY.xlsx
2015_2016_FY,region_torontoSouth,TS,A2/T1,A2_T,22.0,30,0.0,22 1 2015-04-01_2016-3-31 LTBAvgDayFirstHearing April2015-March2016_FY.xlsx
2015_2016_FY,region_torontoSouth,TS,A2/T1,T1,22.0,30,0.0,22 1 2015-04-01_2016-3-31 LTBAvgDayFirstHearing April2015-March2016_FY.xlsx
2015_2016_FY,region_torontoSouth,TS,A2/T1/T2/T6,A2_T,34.0,30,0.0,22 1 2015-04-01_2016-3-31 LTBAvgDayFirstHearing April2015-March2016_FY.xlsx
2015_2016_FY,region_torontoSouth,TS,A2/T1/T2/T6,T1,34.0,30,0.0,22 1 2015-04-01_2016-3-31 LTBAvgDayFirstHearing April2015-March2016_FY.xlsx
2015_2016_FY,region_torontoSouth,TS,A2/T1/T2/T6,T2,34.0,30,0.0,22 1 2015-04-01_2016-3-31 LTBAvgDayFirstHearing April2015-March2016_FY.xlsx
2015_2016_FY,region_torontoSouth,TS,A2/T1/T2/T6,T6,34.0,30,0.0,22 1 2015-04-01_2016-3-31 LTBAvgDayFirstHearing April2015-March2016_FY.xlsx
2015_2016_FY,region_torontoSouth,TS,A2/T2,A2_T,28.75,30,0.0,22 1 2015-04-01_2016-3-31 LTBAvgDayFirstHearing April2015-March2016_FY.xlsx
2015_2016_FY,region_torontoSouth,TS,A2/T2,T2,28.75,30,0.0,22 1 2015-04-01_2016-3-31 LTBAvgDayFirstHearing April2015-March2016_FY.xlsx
2015_2016_FY,region_torontoSouth,TS,A2/T2/T6,A2_T,22.0,30,0.0,22 1 2015-04-01_2016-3-31 LTBAvgDayFirstHearing April2015-March2016_FY.xlsx
2015_2016_FY,region_torontoSouth,TS,A2/T2/T6,T2,22.0,30,0.0,22 1 2015-04-01_2016-3-31 LTBAvgDayFirstHearing April2015-March2016_FY.xlsx
2015_2016_FY,region_torontoSouth,TS,A2/T2/T6,T6,22.0,30,0.0,22 1 2015-04-01_2016-3-31 LTBAvgDayFirstHearing April2015-March2016_FY.xlsx
2015_2016_FY,region_torontoSouth,TS,A4,A4_L,148.10526315789474,30,0.0,22 1 2015-04-01_2016-3-31 LTBAvgDayFirstHearing April2015-March2016_FY.xlsx
2015_2016_FY,region_torontoSouth,TS,L1,L1,23.57998345740281,25,0.0661703887510339,22 1 2015-04-01_2016-3-31 LTBAvgDayFirstHearing April2015-March2016_FY.xlsx
2015_2016_FY,region_torontoSouth,TS,L1/L2,L1,26.798342541436465,30,0.0,22 1 2015-04-01_2016-3-31 LTBAvgDayFirstHearing April2015-March2016_FY.xlsx
2015_2016_FY,region_torontoSouth,TS,L1/L2,L2,26.798342541436465,30,0.0,22 1 2015-04-01_2016-3-31 LTBAvgDayFirstHearing April2015-March2016_FY.xlsx
2015_2016_FY,region_torontoSouth,TS,L1/L2/L3,L1,26.333333333333332,30,0.0,22 1 2015-04-01_2016-3-31 LTBAvgDayFirstHearing April2015-March2016_FY.xlsx
2015_2016_FY,region_torontoSouth,TS,L1/L2/L3,L2,26.333333333333332,30,0.0,22 1 2015-04-01_2016-3-31 LTBAvgDayFirstHearing April2015-March2016_FY.xlsx
2015_2016_FY,region_torontoSouth,TS,L1/L2/L3,L3,26.333333333333332,30,0.0,22 1 2015-04-01_2016-3-31 LTBAvgDayFirstHearing April2015-March2016_FY.xlsx
2015_2016_FY,region_torontoSouth,TS,L1/L2/L8,L1,14.0,30,0.0,22 1 2015-04-01_2016-3-31 LTBAvgDayFirstHearing April2015-March2016_FY.xlsx
2015_2016_FY,region_torontoSouth,TS,L1/L2/L8,L2,14.0,30,0.0,22 1 2015-04-01_2016-3-31 LTBAvgDayFirstHearing April2015-March2016_FY.xlsx
2015_2016_FY,region_torontoSouth,TS,L1/L2/L8,L8,14.0,30,0.0,22 1 2015-04-01_2016-3-31 LTBAvgDayFirstHearing April2015-March2016_FY.xlsx
2015_2016_FY,region_torontoSouth,TS,L1/L3,L1,26.0,30,0.0,22 1 2015-04-01_2016-3-31 LTBAvgDayFirstHearing April2015-March2016_FY.xlsx
2015_2016_FY,region_torontoSouth,TS,L1/L3,L3,26.0,30,0.0,22 1 2015-04-01_2016-3-31 LTBAvgDayFirstHearing April2015-March2016_FY.xlsx
2015_2016_FY,region_torontoSouth,TS,L1/L8,L1,20.666666666666668,30,0.0,22 1 2015-04-01_2016-3-31 LTBAvgDayFirstHearing April2015-March2016_FY.xlsx
2015_2016_FY,region_torontoSouth,TS,L1/L8,L8,20.666666666666668,30,0.0,22 1 2015-04-01_2016-3-31 LTBAvgDayFirstHearing April2015-March2016_FY.xlsx
2015_2016_FY,region_torontoSouth,TS,L2,L2,26.486206896551725,30,0.0,22 1 2015-04-01_2016-3-31 LTBAvgDayFirstHearing April2015-March2016_FY.xlsx
2015_2016_FY,region_torontoSouth,TS,L2/L3/L9,L2,22.0,30,0.0,22 1 2015-04-01_2016-3-31 LTBAvgDayFirstHearing April2015-March2016_FY.xlsx
2015_2016_FY,region_torontoSouth,TS,L2/L3/L9,L3,22.0,30,0.0,22 1 2015-04-01_2016-3-31 LTBAvgDayFirstHearing April2015-March2016_FY.xlsx
2015_2016_FY,region_torontoSouth,TS,L2/L3/L9,L9,22.0,30,0.0,22 1 2015-04-01_2016-3-31 LTBAvgDayFirstHearing April2015-March2016_FY.xlsx
2015_2016_FY,region_torontoSouth,TS,L2/L9,L2,26.854166666666668,30,0.0,22 1 2015-04-01_2016-3-31 LTBAvgDayFirstHearing April2015-March2016_FY.xlsx
2015_2016_FY,region_torontoSouth,TS,L2/L9,L9,26.854166666666668,30,0.0,22 1 2015-04-01_2016-3-31 LTBAvgDayFirstHearing April2015-March2016_FY.xlsx
2015_2016_FY,region_torontoSouth,TS,L3,L3,26.602941176470587,30,0.0,22 1 2015-04-01_2016-3-31 LTBAvgDayFirstHearing April2015-March2016_FY.xlsx
2015_2016_FY,region_torontoSouth,TS,L3/L9,L3,22.176470588235293,30,0.0,22 1 2015-04-01_2016-3-31 LTBAvgDayFirstHearing April2015-March2016_FY.xlsx
2015_2016_FY,region_torontoSouth,TS,L3/L9,L9,22.176470588235293,30,0.0,22 1 2015-04-01_2016-3-31 LTBAvgDayFirstHearing April2015-March2016_FY.xlsx
2015_2016_FY,region_torontoSouth,TS,L4,L4,29.74404761904762,30,0.0,22 1 2015-04-01_2016-3-31 LTBAvgDayFirstHearing April2015-March2016_FY.xlsx
2015_2016_FY,region_torontoSouth,TS,L5,L5,284.7402597402597,30,0.0,22 1 2015-04-01_2016-3-31 LTBAvgDayFirstHearing April2015-March2016_FY.xlsx
2015_2016_FY,region_torontoSouth,TS,L8,L8,24.666666666666668,30,0.0,22 1 2015-04-01_2016-3-31 LTBAvgDayFirstHearing April2015-March2016_FY.xlsx
2015_2016_FY,region_torontoSouth,TS,L9,L9,22.02097902097902,25,0.0,22 1 2015-04-01_2016-3-31 LTBAvgDayFirstHearing April2015-March2016_FY.xlsx
2015_2016_FY,region_torontoSouth,TS,T1,T1,27.10655737704918,30,0.0,22 1 2015-04-01_2016-3-31 LTBAvgDayFirstHearing April2015-March2016_FY.xlsx
2015_2016_FY,region_torontoSouth,TS,T1/T2,T1,25.96,30,0.0,22 1 2015-04-01_2016-3-31 LTBAvgDayFirstHearing April2015-March2016_FY.xlsx
2015_2016_FY,region_torontoSouth,TS,T1/T2,T2,25.96,30,0.0,22 1 2015-04-01_2016-3-31 LTBAvgDayFirstHearing April2015-March2016_FY.xlsx
2015_2016_FY,region_torontoSouth,TS,T1/T2/T3,T1,29.0,30,0.0,22 1 2015-04-01_2016-3-31 LTBAvgDayFirstHearing April2015-March2016_FY.xlsx
2015_2016_FY,region_torontoSouth,TS,T1/T2/T3,T2,29.0,30,0.0,22 1 2015-04-01_2016-3-31 LTBAvgDayFirstHearing April2015-March2016_FY.xlsx
2015_2016_FY,region_torontoSouth,TS,T1/T2/T3,T3,29.0,30,0.0,22 1 2015-04-01_2016-3-31 LTBAvgDayFirstHearing April2015-March2016_FY.xlsx
2015_2016_FY,region_torontoSouth,TS,T1/T2/T6,T1,24.55,30,0.0,22 1 2015-04-01_2016-3-31 LTBAvgDayFirstHearing April2015-March2016_FY.xlsx
2015_2016_FY,region_torontoSouth,TS,T1/T2/T6,T2,24.55,30,0.0,22 1 2015-04-01_2016-3-31 LTBAvgDayFirstHearing April2015-March2016_FY.xlsx
2015_2016_FY,region_torontoSouth,TS,T1/T2/T6,T6,24.55,30,0.0,22 1 2015-04-01_2016-3-31 LTBAvgDayFirstHearing April2015-March2016_FY.xlsx
2015_2016_FY,region_torontoSouth,TS,T1/T5,T1,28.5,30,0.0,22 1 2015-04-01_2016-3-31 LTBAvgDayFirstHearing April2015-March2016_FY.xlsx
2015_2016_FY,region_torontoSouth,TS,T1/T5,T5,28.5,30,0.0,22 1 2015-04-01_2016-3-31 LTBAvgDayFirstHearing April2015-March2016_FY.xlsx
2015_2016_FY,region_torontoSouth,TS,T1/T6,T1,20.857142857142858,30,0.0,22 1 2015-04-01_2016-3-31 LTBAvgDayFirstHearing April2015-March2016_FY.xlsx
2015_2016_FY,region_torontoSouth,TS,T1/T6,T6,20.857142857142858,30,0.0,22 1 2015-04-01_2016-3-31 LTBAvgDayFirstHearing April2015-March2016_FY.xlsx
2015_2016_FY,region_torontoSouth,TS,T1/T7,T1,12.0,30,0.0,22 1 2015-04-01_2016-3-31 LTBAvgDayFirstHearing April2015-March2016_FY.xlsx
2015_2016_FY,region_torontoSouth,TS,T1/T7,T7,12.0,30,0.0,22 1 2015-04-01_2016-3-31 LTBAvgDayFirstHearing April2015-March2016_FY.xlsx
2015_2016_FY,region_torontoSouth,TS,T2,T2,25.705614567526556,30,0.0,22 1 2015-04-01_2016-3-31 LTBAvgDayFirstHearing April2015-March2016_FY.xlsx
2015_2016_FY,region_torontoSouth,TS,T2/T3,T2,21.666666666666668,30,0.0,22 1 2015-04-01_2016-3-31 LTBAvgDayFirstHearing April2015-March2016_FY.xlsx
2015_2016_FY,region_torontoSouth,TS,T2/T3,T3,21.666666666666668,30,0.0,22 1 2015-04-01_2016-3-31 LTBAvgDayFirstHearing April2015-March2016_FY.xlsx
2015_2016_FY,region_torontoSouth,TS,T2/T3/T6,T2,22.166666666666668,30,0.0,22 1 2015-04-01_2016-3-31 LTBAvgDayFirstHearing April2015-March2016_FY.xlsx
2015_2016_FY,region_torontoSouth,TS,T2/T3/T6,T3,22.166666666666668,30,0.0,22 1 2015-04-01_2016-3-31 LTBAvgDayFirstHearing April2015-March2016_FY.xlsx
2015_2016_FY,region_torontoSouth,TS,T2/T3/T6,T6,22.166666666666668,30,0.0,22 1 2015-04-01_2016-3-31 LTBAvgDayFirstHearing April2015-March2016_FY.xlsx
2015_2016_FY,region_torontoSouth,TS,T2/T5,T2,32.666666666666664,30,0.0,22 1 2015-04-01_2016-3-31 LTBAvgDayFirstHearing April2015-March2016_FY.xlsx
2015_2016_FY,region_torontoSouth,TS,T2/T5,T5,32.666666666666664,30,0.0,22 1 2015-04-01_2016-3-31 LTBAvgDayFirstHearing April2015-March2016_FY.xlsx
2015_2016_FY,region_torontoSouth,TS,T2/T5/T6,T2,15.0,30,0.0,22 1 2015-04-01_2016-3-31 LTBAvgDayFirstHearing April2015-March2016_FY.xlsx
2015_2016_FY,region_torontoSouth,TS,T2/T5/T6,T5,15.0,30,0.0,22 1 2015-04-01_2016-3-31 LTBAvgDayFirstHearing April2015-March2016_FY.xlsx
2015_2016_FY,region_torontoSouth,TS,T2/T5/T6,T6,15.0,30,0.0,22 1 2015-04-01_2016-3-31 LTBAvgDayFirstHearing April2015-March2016_FY.xlsx
2015_2016_FY,region_torontoSouth,TS,T2/T6,T2,25.6125,30,0.0,22 1 2015-04-01_2016-3-31 LTBAvgDayFirstHearing April2015-March2016_FY.xlsx
2015_2016_FY,region_torontoSouth,TS,T2/T6,T6,25.6125,30,0.0,22 1 2015-04-01_2016-3-31 LTBAvgDayFirstHearing April2015-March2016_FY.xlsx
2015_2016_FY,region_torontoSouth,TS,T3,T3,25.473684210526315,30,0.0,22 1 2015-04-01_2016-3-31 LTBAvgDayFirstHearing April2015-March2016_FY.xlsx
2015_2016_FY,region_torontoSouth,TS,T3/T6,T3,32.5,30,0.0,22 1 2015-04-01_2016-3-31 LTBAvgDayFirstHearing April2015-March2016_FY.xlsx
2015_2016_FY,region_torontoSouth,TS,T3/T6,T6,32.5,30,0.0,22 1 2015-04-01_2016-3-31 LTBAvgDayFirstHearing April2015-March2016_FY.xlsx
2015_2016_FY,region_torontoSouth,TS,T5,T5,26.46808510638298,30,0.0,22 1 2015-04-01_2016-3-31 LTBAvgDayFirstHearing April2015-March2016_FY.xlsx
2015_2016_FY,region_torontoSouth,TS,T6,T6,24.073469387755104,30,0.0,22 1 2015-04-01_2016-3-31 LTBAvgDayFirstHearing April2015-March2016_FY.xlsx
2015_2016_FY,region_torontoSouth,TS,T7,T7,28.0,30,0.0,22 1 2015-04-01_2016-3-31 LTBAvgDayFirstHearing April2015-March2016_FY.xlsx
