report_id,period_label,report_type,series_id,app_combo,avg_days,source_file
2015_2016_FY,2015-16 FY,FY,A1_L,A1,5.638297872340425,24 1 2015-04-01_2016-03-31 LTBAvgDayHearingOrder April2015-March2016_FY.xlsx
2015_2016_FY,2015-16 FY,FY,A1_L/A2_L,A1/A2,2.5,24 1 2015-04-01_2016-03-31 LTBAvgDayHearingOrder April2015-March2016_FY.xlsx
2015_2016_FY,2015-16 FY,FY,A1_L/L1/L2,A1/L1/L2,4.0,24 1 2015-04-01_2016-03-31 LTBAvgDayHearingOrder April2015-March2016_FY.xlsx
2015_2016_FY,2015-16 FY,FY,A1_L/L2,A1/L2,2.0,24 1 2015-04-01_2016-03-31 LTBAvgDayHearingOrder April2015-March2016_FY.xlsx
2015_2016_FY,2015-16 FY,FY,A2_L,A2,15.797297297297296,24 1 2015-04-01_2016-03-31 LTBAvgDayHearingOrder April2015-March2016_FY.xlsx
2015_2016_FY,2015-16 FY,FY,A2_L/L1,A2/L1,7.142857142857143,24 1 2015-04-01_2016-03-31 LTBAvgDayHearingOrder April2015-March2016_FY.xlsx
2015_2016_FY,2015-16 FY,FY,A2_L/L1/L2,A2/L1/L2,3.0,24 1 2015-04-01_2016-03-31 LTBAvgDayHearingOrder April2015-March2016_FY.xlsx
2015_2016_FY,2015-16 FY,FY,A2_L/L2,A2/L2,10.8,24 1 2015-04-01_2016-03-31 LTBAvgDayHearingOrder April2015-March2016_FY.xlsx
2015_2016_FY,2015-16 FY,FY,A2_L/L2/L3,A2/L2/L3,2.0,24 1 2015-04-01_2016-03-31 LTBAvgDayHearingOrder April2015-March2016_FY.xlsx
2015_2016_FY,2015-16 FY,FY,A2_L/L2/L9,A2/L2/L9,6.0,24 1 2015-04-01_2016-03-31 LTBAvgDayHearingOrder April2015-March2016_FY.xlsx
2015_2016_FY,2015-16 FY,FY,A2_L/L3,A2/L3,3.0,24 1 2015-04-01_2016-03-31 LTBAvgDayHearingOrder April2015-March2016_FY.xlsx
2015_2016_FY,2015-16 FY,FY,A2_L/L3/L9,A2/L3/L9,1.0,24 1 2015-04-01_2016-03-31 LTBAvgDayHearingOrder April2015-March2016_FY.xlsx
2015_2016_FY,2015-16 FY,FY,A2_L/L9,A2/L9,2.0,24 1 2015-04-01_2016-03-31 LTBAvgDayHearingOrder April2015-March2016_FY.xlsx
2015_2016_FY,2015-16 FY,FY,A4_L,A4,36.198412698412696,24 1 2015-04-01_2016-03-31 LTBAvgDayHearingOrder April2015-March2016_FY.xlsx
2015_2016_FY,2015-16 FY,FY,L1,L1,3.535184085510689,24 1 2015-04-01_2016-03-31 LTBAvgDayHearingOrder April2015-March2016_FY.xlsx
2015_2016_FY,2015-16 FY,FY,L1/L2,L1/L2,4.740772168010182,24 1 2015-04-01_2016-03-31 LTBAvgDayHearingOrder April2015-March2016_FY.xlsx
2015_2016_FY,2015-16 FY,FY,L1/L2/L3,L1/L2/L3,5.318181818181818,24 1 2015-04-01_2016-03-31 LTBAvgDayHearingOrder April2015-March2016_FY.xlsx
2015_2016_FY,2015-16 FY,FY,L1/L2/L8,L1/L2/L8,6.043478260869565,24 1 2015-04-01_2016-03-31 LTBAvgDayHearingOrder April2015-March2016_FY.xlsx
2015_2016_FY,2015-16 FY,FY,L1/L2/L8/L9,L1/L2/L8/L9,1.0,24 1 2015-04-01_2016-03-31 LTBAvgDayHearingOrder April2015-March2016_FY.xlsx
2015_2016_FY,2015-16 FY,FY,L1/L2/L9,L1/L2/L9,6.0,24 1 2015-04-01_2016-03-31 LTBAvgDayHearingOrder April2015-March2016_FY.xlsx
2015_2016_FY,2015-16 FY,FY,L1/L3,L1/L3,4.338461538461538,24 1 2015-04-01_2016-03-31 LTBAvgDayHearingOrder April2015-March2016_FY.xlsx
2015_2016_FY,2015-16 FY,FY,L1/L3/L8,L1/L3/L8,11.0,24 1 2015-04-01_2016-03-31 LTBAvgDayHearingOrder April2015-March2016_FY.xlsx
2015_2016_FY,2015-16 FY,FY,L1/L8,L1/L8,2.3333333333333335,24 1 2015-04-01_2016-03-31 LTBAvgDayHearingOrder April2015-March2016_FY.xlsx
2015_2016_FY,2015-16 FY,FY,L1/L9,L1/L9,2.0,24 1 2015-04-01_2016-03-31 LTBAvgDayHearingOrder April2015-March2016_FY.xlsx
2015_2016_FY,2015-16 FY,FY,L1/T2/T6,L1/T2/T6,1.0,24 1 2015-04-01_2016-03-31 LTBAvgDayHearingOrder April2015-March2016_FY.xlsx
2015_2016_FY,2015-16 FY,FY,L2,L2,5.1467381260395495,24 1 2015-04-01_2016-03-31 LTBAvgDayHearingOrder April2015-March2016_FY.xlsx
2015_2016_FY,2015-16 FY,FY,L2/L3,L2/L3,4.0,24 1 2015-04-01_2016-03-31 LTBAvgDayHearingOrder April2015-March2016_FY.xlsx
2015_2016_FY,2015-16 FY,FY,L2/L3/L8/L9,L2/L3/L8/L9,2.0,24 1 2015-04-01_2016-03-31 LTBAvgDayHearingOrder April2015-March2016_FY.xlsx
2015_2016_FY,2015-16 FY,FY,L2/L3/L9,L2/L3/L9,6.2727272727272725,24 1 2015-04-01_2016-03-31 LTBAvgDayHearingOrder April2015-March2016_FY.xlsx
2015_2016_FY,2015-16 FY,FY,L2/L8,L2/L8,3.0,24 1 2015-04-01_2016-03-31 LTBAvgDayHearingOrder April2015-March2016_FY.xlsx
2015_2016_FY,2015-16 FY,FY,L2/L8/L9,L2/L8/L9,5.666666666666667,24 1 2015-04-01_2016-03-31 LTBAvgDayHearingOrder April2015-March2016_FY.xlsx
2015_2016_FY,2015-16 FY,FY,L2/L9,L2/L9,5.355828220858895,24 1 2015-04-01_2016-03-31 LTBAvgDayHearingOrder April2015-March2016_FY.xlsx
2015_2016_FY,2015-16 FY,FY,L3,L3,4.028880866425993,24 1 2015-04-01_2016-03-31 LTBAvgDayHearingOrder April2015-March2016_FY.xlsx
2015_2016_FY,2015-16 FY,FY,L3/L8,L3/L8,7.0,24 1 2015-04-01_2016-03-31 LTBAvgDayHearingOrder April2015-March2016_FY.xlsx
2015_2016_FY,2015-16 FY,FY,L3/L9,L3/L9,4.354838709677419,24 1 2015-04-01_2016-03-31 LTBAvgDayHearingOrder April2015-March2016_FY.xlsx
2015_2016_FY,2015-16 FY,FY,L4,L4,4.865757358219669,24 1 2015-04-01_2016-03-31 LTBAvgDayHearingOrder April2015-March2016_FY.xlsx
2015_2016_FY,2015-16 FY,FY,L4/L9,L4/L9,1.0,24 1 2015-04-01_2016-03-31 LTBAvgDayHearingOrder April2015-March2016_FY.xlsx
2015_2016_FY,2015-16 FY,FY,L5,L5,25.096858638743456,24 1 2015-04-01_2016-03-31 LTBAvgDayHearingOrder April2015-March2016_FY.xlsx
2015_2016_FY,2015-16 FY,FY,L6,L6,7.111111111111111,24 1 2015-04-01_2016-03-31 LTBAvgDayHearingOrder April2015-March2016_FY.xlsx
2015_2016_FY,2015-16 FY,FY,L8,L8,2.857142857142857,24 1 2015-04-01_2016-03-31 LTBAvgDayHearingOrder April2015-March2016_FY.xlsx
2015_2016_FY,2015-16 FY,FY,L9,L9,3.9055727554179565,24 1 2015-04-01_2016-03-31 LTBAvgDayHearingOrder April2015-March2016_FY.xlsx
2015_2016_FY,2015-16 FY,FY,A1_T,A1,15.26923076923077,24 1 2015-04-01_2016-03-31 LTBAvgDayHearingOrder April2015-March2016_FY.xlsx
2015_2016_FY,2015-16 FY,FY,A1_T/T1,A1/T1,2.0,24 1 2015-04-01_2016-03-31 LTBAvgDayHearingOrder April2015-March2016_FY.xlsx
2015_2016_FY,2015-16 FY,FY,A1_T/T1/T5,A1/T1/T5,2.0,24 1 2015-04-01_2016-03-31 LTBAvgDayHearingOrder April2015-March2016_FY.xlsx
2015_2016_FY,2015-16 FY,FY,A1_T/T2,A1/T2,21.0,24 1 2015-04-01_2016-03-31 LTBAvgDayHearingOrder April2015-March2016_FY.xlsx
2015_2016_FY,2015-16 FY,FY,A1_T/T2/T3/T6,A1/T2/T3/T6,42.0,24 1 2015-04-01_2016-03-31 LTBAvgDayHearingOrder April2015-March2016_FY.xlsx
2015_2016_FY,2015-16 FY,FY,A2_T,A2,11.69047619047619,24 1 2015-04-01_2016-03-31 LTBAvgDayHearingOrder April2015-March2016_FY.xlsx
2015_2016_FY,2015-16 FY,FY,A2_T/T1,A2/T1,9.6,24 1 2015-04-01_2016-03-31 LTBAvgDayHearingOrder April2015-March2016_FY.xlsx
2015_2016_FY,2015-16 FY,FY,A2_T/T2,A2/T2,18.0,24 1 2015-04-01_2016-03-31 LTBAvgDayHearingOrder April2015-March2016_FY.xlsx
2015_2016_FY,2015-16 FY,FY,A2_T/T2/T3/T6,A2/T2/T3/T6,43.0,24 1 2015-04-01_2016-03-31 LTBAvgDayHearingOrder April2015-March2016_FY.xlsx
2015_2016_FY,2015-16 FY,FY,A2_T/T2/T6,A2/T2/T6,6.0,24 1 2015-04-01_2016-03-31 LTBAvgDayHearingOrder April2015-March2016_FY.xlsx
2015_2016_FY,2015-16 FY,FY,A2_T/T3,A2/T3,1.0,24 1 2015-04-01_2016-03-31 LTBAvgDayHearingOrder April2015-March2016_FY.xlsx
2015_2016_FY,2015-16 FY,FY,A2_T/T6,A2/T6,14.0,24 1 2015-04-01_2016-03-31 LTBAvgDayHearingOrder April2015-March2016_FY.xlsx
2015_2016_FY,2015-16 FY,FY,L9/T6,L9/T6,11.0,24 1 2015-04-01_2016-03-31 LTBAvgDayHearingOrder April2015-March2016_FY.xlsx
2015_2016_FY,2015-16 FY,FY,T1,T1,7.7975308641975305,24 1 2015-04-01_2016-03-31 LTBAvgDayHearingOrder April2015-March2016_FY.xlsx
2015_2016_FY,2015-16 FY,FY,T1/T2,T1/T2,7.387096774193548,24 1 2015-04-01_2016-03-31 LTBAvgDayHearingOrder April2015-March2016_FY.xlsx
2015_2016_FY,2015-16 FY,FY,T1/T2/T3,T1/T2/T3,5.666666666666667,24 1 2015-04-01_2016-03-31 LTBAvgDayHearingOrder April2015-March2016_FY.xlsx
2015_2016_FY,2015-16 FY,FY,T1/T2/T3/T5/T6,T1/T2/T3/T5/T6,4.0,24 1 2015-04-01_2016-03-31 LTBAvgDayHearingOrder April2015-March2016_FY.xlsx
2015_2016_FY,2015-16 FY,FY,T1/T2/T3/T6,T1/T2/T3/T6,17.818181818181817,24 1 2015-04-01_2016-03-31 LTBAvgDayHearingOrder April2015-March2016_FY.xlsx
2015_2016_FY,2015-16 FY,FY,T1/T2/T5,T1/T2/T5,3.0,24 1 2015-04-01_2016-03-31 LTBAvgDayHearingOrder April2015-March2016_FY.xlsx
2015_2016_FY,2015-16 FY,FY,T1/T2/T5/T6,T1/T2/T5/T6,11.666666666666666,24 1 2015-04-01_2016-03-31 LTBAvgDayHearingOrder April2015-March2016_FY.xlsx
2015_2016_FY,2015-16 FY,FY,T1/T2/T6,T1/T2/T6,15.666666666666666,24 1 2015-04-01_2016-03-31 LTBAvgDayHearingOrder April2015-March2016_FY.xlsx
2015_2016_FY,2015-16 FY,FY,T1/T2/T6/T7,T1/T2/T6/T7,12.0,24 1 2015-04-01_2016-03-31 LTBAvgDayHearingOrder April2015-March2016_FY.xlsx
2015_2016_FY,2015-16 FY,FY,T1/T3,T1/T3,7.0,24 1 2015-04-01_2016-03-31 LTBAvgDayHearingOrder April2015-March2016_FY.xlsx
2015_2016_FY,2015-16 FY,FY,T1/T3/T6,T1/T3/T6,14.0,24 1 2015-04-01_2016-03-31 LTBAvgDayHearingOrder April2015-March2016_FY.xlsx
2015_2016_FY,2015-16 FY,FY,T1/T5,T1/T5,8.0,24 1 2015-04-01_2016-03-31 LTBAvgDayHearingOrder April2015-March2016_FY.xlsx
2015_2016_FY,2015-16 FY,FY,T1/T5/T6,T1/T5/T6,1.5,24 1 2015-04-01_2016-03-31 LTBAvgDayHearingOrder April2015-March2016_FY.xlsx
2015_2016_FY,2015-16 FY,FY,T1/T6,T1/T6,15.41025641025641,24 1 2015-04-01_2016-03-31 LTBAvgDayHearingOrder April2015-March2016_FY.xlsx
2015_2016_FY,2015-16 FY,FY,T2,T2,10.996789727126806,24 1 2015-04-01_2016-03-31 LTBAvgDayHearingOrder April2015-March2016_FY.xlsx
2015_2016_FY,2015-16 FY,FY,T2/T3,T2/T3,8.67741935483871,24 1 2015-04-01_2016-03-31 LTBAvgDayHearingOrder April2015-March2016_FY.xlsx
2015_2016_FY,2015-16 FY,FY,T2/T3/T5/T6,T2/T3/T5/T6,6.0,24 1 2015-04-01_2016-03-31 LTBAvgDayHearingOrder April2015-March2016_FY.xlsx
2015_2016_FY,2015-16 FY,FY,T2/T3/T6,T2/T3/T6,10.92,24 1 2015-04-01_2016-03-31 LTBAvgDayHearingOrder April2015-March2016_FY.xlsx
2015_2016_FY,2015-16 FY,FY,T2/T4/T6,T2/T4/T6,1.0,24 1 2015-04-01_2016-03-31 LTBAvgDayHearingOrder April2015-March2016_FY.xlsx
2015_2016_FY,2015-16 FY,FY,T2/T5,T2/T5,8.75,24 1 2015-04-01_2016-03-31 LTBAvgDayHearingOrder April2015-March2016_FY.xlsx
2015_2016_FY,2015-16 FY,FY,T2/T5/T6,T2/T5/T6,17.5,24 1 2015-04-01_2016-03-31 LTBAvgDayHearingOrder April2015-March2016_FY.xlsx
2015_2016_FY,2015-16 FY,FY,T2/T6,T2/T6,12.633484162895927,24 1 2015-04-01_2016-03-31 LTBAvgDayHearingOrder April2015-March2016_FY.xlsx
2015_2016_FY,2015-16 FY,FY,T2/T6/T7,T2/T6/T7,23.0,24 1 2015-04-01_2016-03-31 LTBAvgDayHearingOrder April2015-March2016_FY.xlsx
2015_2016_FY,2015-16 FY,FY,T2/T7,T2/T7,2.0,24 1 2015-04-01_2016-03-31 LTBAvgDayHearingOrder April2015-March2016_FY.xlsx
2015_2016_FY,2015-16 FY,FY,T3,T3,13.642857142857142,24 1 2015-04-01_2016-03-31 LTBAvgDayHearingOrder April2015-March2016_FY.xlsx
2015_2016_FY,2015-16 FY,FY,T3/T5,T3/T5,2.0,24 1 2015-04-01_2016-03-31 LTBAvgDayHearingOrder April2015-March2016_FY.xlsx
2015_2016_FY,2015-16 FY,FY,T3/T5/T6,T3/T5/T6,7.0,24 1 2015-04-01_2016-03-31 LTBAvgDayHearingOrder April2015-March2016_FY.xlsx
2015_2016_FY,2015-16 FY,FY,T3/T6,T3/T6,2.6666666666666665,24 1 2015-04-01_2016-03-31 LTBAvgDayHearingOrder April2015-March2016_FY.xlsx
2015_2016_FY,2015-16 FY,FY,T4/T5,T4/T5,1.0,24 1 2015-04-01_2016-03-31 LTBAvgDayHearingOrder April2015-March2016_FY.xlsx
2015_2016_FY,2015-16 FY,FY,T5,T5,11.043478260869565,24 1 2015-04-01_2016-03-31 LTBAvgDayHearingOrder April2015-March2016_FY.xlsx
2015_2016_FY,2015-16 FY,FY,T5/T6,T5/T6,10.0,24 1 2015-04-01_2016-03-31 LTBAvgDayHearingOrder April2015-March2016_FY.xlsx
2015_2016_FY,2015-16 FY,FY,T6,T6,11.813868613138686,24 1 2015-04-01_2016-03-31 LTBAvgDayHearingOrder April2015-March2016_FY.xlsx
2015_2016_FY,2015-16 FY,FY,T7,T7,25.7,24 1 2015-04-01_2016-03-31 LTBAvgDayHearingOrder April2015-March2016_FY.xlsx
2016_2017_Q1,2016-17 Q1,Q,A1_L,A1,6.090909090909091,24 2 2016-04-01_2016-06-30 LTBAvgDayHearingOrder April2016-June2016.xlsx
2016_2017_Q1,2016-17 Q1,Q,A2_L,A2,5.666666666666667,24 2 2016-04-01_2016-06-30 LTBAvgDayHearingOrder April2016-June2016.xlsx
2016_2017_Q1,2016-17 Q1,Q,A2_L/L1,A2/L1,4.0,24 2 2016-04-01_2016-06-30 LTBAvgDayHearingOrder April2016-June2016.xlsx
2016_2017_Q1,2016-17 Q1,Q,A2_L/L2,A2/L2,2.0,24 2 2016-04-01_2016-06-30 LTBAvgDayHearingOrder April2016-June2016.xlsx
2016_2017_Q1,2016-17 Q1,Q,A2_L/L8,A2/L8,3.0,24 2 2016-04-01_2016-06-30 LTBAvgDayHearingOrder April2016-June2016.xlsx
2016_2017_Q1,2016-17 Q1,Q,A4_L,A4,21.72222222222222,24 2 2016-04-01_2016-06-30 LTBAvgDayHearingOrder April2016-June2016.xlsx
2016_2017_Q1,2016-17 Q1,Q,L1,L1,3.641764284006694,24 2 2016-04-01_2016-06-30 LTBAvgDayHearingOrder April2016-June2016.xlsx
2016_2017_Q1,2016-17 Q1,Q,L1/L2,L1/L2,5.524590163934426,24 2 2016-04-01_2016-06-30 LTBAvgDayHearingOrder April2016-June2016.xlsx
2016_2017_Q1,2016-17 Q1,Q,L1/L2/L3,L1/L2/L3,2.75,24 2 2016-04-01_2016-06-30 LTBAvgDayHearingOrder April2016-June2016.xlsx
2016_2017_Q1,2016-17 Q1,Q,L1/L2/L8,L1/L2/L8,17.666666666666668,24 2 2016-04-01_2016-06-30 LTBAvgDayHearingOrder April2016-June2016.xlsx
2016_2017_Q1,2016-17 Q1,Q,L1/L2/L9,L1/L2/L9,15.0,24 2 2016-04-01_2016-06-30 LTBAvgDayHearingOrder April2016-June2016.xlsx
2016_2017_Q1,2016-17 Q1,Q,L1/L3,L1/L3,3.2142857142857144,24 2 2016-04-01_2016-06-30 LTBAvgDayHearingOrder April2016-June2016.xlsx
2016_2017_Q1,2016-17 Q1,Q,L1/L8,L1/L8,7.0,24 2 2016-04-01_2016-06-30 LTBAvgDayHearingOrder April2016-June2016.xlsx
2016_2017_Q1,2016-17 Q1,Q,L2,L2,6.0923803101820635,24 2 2016-04-01_2016-06-30 LTBAvgDayHearingOrder April2016-June2016.xlsx
2016_2017_Q1,2016-17 Q1,Q,L2/L3,L2/L3,5.25,24 2 2016-04-01_2016-06-30 LTBAvgDayHearingOrder April2016-June2016.xlsx
2016_2017_Q1,2016-17 Q1,Q,L2/L3/L9,L2/L3/L9,3.6666666666666665,24 2 2016-04-01_2016-06-30 LTBAvgDayHearingOrder April2016-June2016.xlsx
2016_2017_Q1,2016-17 Q1,Q,L2/L8,L2/L8,14.0,24 2 2016-04-01_2016-06-30 LTBAvgDayHearingOrder April2016-June2016.xlsx
2016_2017_Q1,2016-17 Q1,Q,L2/L9,L2/L9,5.984848484848484,24 2 2016-04-01_2016-06-30 LTBAvgDayHearingOrder April2016-June2016.xlsx
2016_2017_Q1,2016-17 Q1,Q,L3,L3,5.8765432098765435,24 2 2016-04-01_2016-06-30 LTBAvgDayHearingOrder April2016-June2016.xlsx
2016_2017_Q1,2016-17 Q1,Q,L3/L9,L3/L9,5.25,24 2 2016-04-01_2016-06-30 LTBAvgDayHearingOrder April2016-June2016.xlsx
2016_2017_Q1,2016-17 Q1,Q,L4,L4,5.878718535469107,24 2 2016-04-01_2016-06-30 LTBAvgDayHearingOrder April2016-June2016.xlsx
2016_2017_Q1,2016-17 Q1,Q,L5,L5,30.07547169811321,24 2 2016-04-01_2016-06-30 LTBAvgDayHearingOrder April2016-June2016.xlsx
2016_2017_Q1,2016-17 Q1,Q,L6,L6,13.0,24 2 2016-04-01_2016-06-30 LTBAvgDayHearingOrder April2016-June2016.xlsx
2016_2017_Q1,2016-17 Q1,Q,L8,L8,15.75,24 2 2016-04-01_2016-06-30 LTBAvgDayHearingOrder April2016-June2016.xlsx
2016_2017_Q1,2016-17 Q1,Q,L9,L9,5.65034965034965,24 2 2016-04-01_2016-06-30 LTBAvgDayHearingOrder April2016-June2016.xlsx
2016_2017_Q1,2016-17 Q1,Q,A1_T,A1,55.6,24 2 2016-04-01_2016-06-30 LTBAvgDayHearingOrder April2016-June2016.xlsx
2016_2017_Q1,2016-17 Q1,Q,A1_T/T1/T2,A1/T1/T2,1.0,24 2 2016-04-01_2016-06-30 LTBAvgDayHearingOrder April2016-June2016.xlsx
2016_2017_Q1,2016-17 Q1,Q,A1_T/T2,A1/T2,3.5,24 2 2016-04-01_2016-06-30 LTBAvgDayHearingOrder April2016-June2016.xlsx
2016_2017_Q1,2016-17 Q1,Q,A2_T,A2,15.25,24 2 2016-04-01_2016-06-30 LTBAvgDayHearingOrder April2016-June2016.xlsx
2016_2017_Q1,2016-17 Q1,Q,A2_T/T1,A2/T1,3.6666666666666665,24 2 2016-04-01_2016-06-30 LTBAvgDayHearingOrder April2016-June2016.xlsx
2016_2017_Q1,2016-17 Q1,Q,A2_T/T2,A2/T2,36.5,24 2 2016-04-01_2016-06-30 LTBAvgDayHearingOrder April2016-June2016.xlsx
2016_2017_Q1,2016-17 Q1,Q,T1,T1,12.652631578947368,24 2 2016-04-01_2016-06-30 LTBAvgDayHearingOrder April2016-June2016.xlsx
2016_2017_Q1,2016-17 Q1,Q,T1/T2,T1/T2,13.517241379310345,24 2 2016-04-01_2016-06-30 LTBAvgDayHearingOrder April2016-June2016.xlsx
2016_2017_Q1,2016-17 Q1,Q,T1/T2/T3/T6,T1/T2/T3/T6,23.333333333333332,24 2 2016-04-01_2016-06-30 LTBAvgDayHearingOrder April2016-June2016.xlsx
2016_2017_Q1,2016-17 Q1,Q,T1/T2/T5/T6,T1/T2/T5/T6,26.0,24 2 2016-04-01_2016-06-30 LTBAvgDayHearingOrder April2016-June2016.xlsx
2016_2017_Q1,2016-17 Q1,Q,T1/T2/T6,T1/T2/T6,23.5,24 2 2016-04-01_2016-06-30 LTBAvgDayHearingOrder April2016-June2016.xlsx
2016_2017_Q1,2016-17 Q1,Q,T1/T3,T1/T3,2.0,24 2 2016-04-01_2016-06-30 LTBAvgDayHearingOrder April2016-June2016.xlsx
2016_2017_Q1,2016-17 Q1,Q,T1/T5,T1/T5,6.5,24 2 2016-04-01_2016-06-30 LTBAvgDayHearingOrder April2016-June2016.xlsx
2016_2017_Q1,2016-17 Q1,Q,T1/T6,T1/T6,6.25,24 2 2016-04-01_2016-06-30 LTBAvgDayHearingOrder April2016-June2016.xlsx
2016_2017_Q1,2016-17 Q1,Q,T2,T2,12.66123188405797,24 2 2016-04-01_2016-06-30 LTBAvgDayHearingOrder April2016-June2016.xlsx
2016_2017_Q1,2016-17 Q1,Q,T2/T3,T2/T3,7.0,24 2 2016-04-01_2016-06-30 LTBAvgDayHearingOrder April2016-June2016.xlsx
2016_2017_Q1,2016-17 Q1,Q,T2/T3/T6,T2/T3/T6,29.5,24 2 2016-04-01_2016-06-30 LTBAvgDayHearingOrder April2016-June2016.xlsx
2016_2017_Q1,2016-17 Q1,Q,T2/T5,T2/T5,6.0,24 2 2016-04-01_2016-06-30 LTBAvgDayHearingOrder April2016-June2016.xlsx
2016_2017_Q1,2016-17 Q1,Q,T2/T5/T6,T2/T5/T6,3.0,24 2 2016-04-01_2016-06-30 LTBAvgDayHearingOrder April2016-June2016.xlsx
2016_2017_Q1,2016-17 Q1,Q,T2/T6,T2/T6,15.112781954887218,24 2 2016-04-01_2016-06-30 LTBAvgDayHearingOrder April2016-June2016.xlsx
2016_2017_Q1,2016-17 Q1,Q,T3,T3,17.4,24 2 2016-04-01_2016-06-30 LTBAvgDayHearingOrder April2016-June2016.xlsx
2016_2017_Q1,2016-17 Q1,Q,T3/T6,T3/T6,3.5,24 2 2016-04-01_2016-06-30 LTBAvgDayHearingOrder April2016-June2016.xlsx
2016_2017_Q1,2016-17 Q1,Q,T5,T5,6.368421052631579,24 2 2016-04-01_2016-06-30 LTBAvgDayHearingOrder April2016-June2016.xlsx
2016_2017_Q1,2016-17 Q1,Q,T6,T6,15.142156862745098,24 2 2016-04-01_2016-06-30 LTBAvgDayHearingOrder April2016-June2016.xlsx
2016_2017_Q2,2016-17 Q2,Q,A1_L,A1,20.76923076923077,24 3 2016-07-01_2016-09-30 LTBAvgDayHearingOrder July2016-Sept2016.xlsx
2016_2017_Q2,2016-17 Q2,Q,A1_L/A2_L,A1/A2,4.333333333333333,24 3 2016-07-01_2016-09-30 LTBAvgDayHearingOrder July2016-Sept2016.xlsx
2016_2017_Q2,2016-17 Q2,Q,A1_L/A2_L/L2,A1/A2/L2,4.0,24 3 2016-07-01_2016-09-30 LTBAvgDayHearingOrder July2016-Sept2016.xlsx
2016_2017_Q2,2016-17 Q2,Q,A2_L,A2,6.288888888888889,24 3 2016-07-01_2016-09-30 LTBAvgDayHearingOrder July2016-Sept2016.xlsx
2016_2017_Q2,2016-17 Q2,Q,A2_L/L1,A2/L1,3.0,24 3 2016-07-01_2016-09-30 LTBAvgDayHearingOrder July2016-Sept2016.xlsx
2016_2017_Q2,2016-17 Q2,Q,A2_L/L2,A2/L2,2.5,24 3 2016-07-01_2016-09-30 LTBAvgDayHearingOrder July2016-Sept2016.xlsx
2016_2017_Q2,2016-17 Q2,Q,A4_L,A4,19.4,24 3 2016-07-01_2016-09-30 LTBAvgDayHearingOrder July2016-Sept2016.xlsx
2016_2017_Q2,2016-17 Q2,Q,L1,L1,3.8894748910800274,24 3 2016-07-01_2016-09-30 LTBAvgDayHearingOrder July2016-Sept2016.xlsx
2016_2017_Q2,2016-17 Q2,Q,L1/L2,L1/L2,4.4777448071216615,24 3 2016-07-01_2016-09-30 LTBAvgDayHearingOrder July2016-Sept2016.xlsx
2016_2017_Q2,2016-17 Q2,Q,L1/L2/L3,L1/L2/L3,3.1666666666666665,24 3 2016-07-01_2016-09-30 LTBAvgDayHearingOrder July2016-Sept2016.xlsx
2016_2017_Q2,2016-17 Q2,Q,L1/L2/L8,L1/L2/L8,3.8,24 3 2016-07-01_2016-09-30 LTBAvgDayHearingOrder July2016-Sept2016.xlsx
2016_2017_Q2,2016-17 Q2,Q,L1/L3,L1/L3,6.0588235294117645,24 3 2016-07-01_2016-09-30 LTBAvgDayHearingOrder July2016-Sept2016.xlsx
2016_2017_Q2,2016-17 Q2,Q,L1/L3/L8,L1/L3/L8,1.0,24 3 2016-07-01_2016-09-30 LTBAvgDayHearingOrder July2016-Sept2016.xlsx
2016_2017_Q2,2016-17 Q2,Q,L1/L8,L1/L8,2.0,24 3 2016-07-01_2016-09-30 LTBAvgDayHearingOrder July2016-Sept2016.xlsx
2016_2017_Q2,2016-17 Q2,Q,L2,L2,6.766902768834514,24 3 2016-07-01_2016-09-30 LTBAvgDayHearingOrder July2016-Sept2016.xlsx
2016_2017_Q2,2016-17 Q2,Q,L2/L3,L2/L3,5.777777777777778,24 3 2016-07-01_2016-09-30 LTBAvgDayHearingOrder July2016-Sept2016.xlsx
2016_2017_Q2,2016-17 Q2,Q,L2/L3/L9,L2/L3/L9,8.5,24 3 2016-07-01_2016-09-30 LTBAvgDayHearingOrder July2016-Sept2016.xlsx
2016_2017_Q2,2016-17 Q2,Q,L2/L8,L2/L8,7.0,24 3 2016-07-01_2016-09-30 LTBAvgDayHearingOrder July2016-Sept2016.xlsx
2016_2017_Q2,2016-17 Q2,Q,L2/L9,L2/L9,6.0675675675675675,24 3 2016-07-01_2016-09-30 LTBAvgDayHearingOrder July2016-Sept2016.xlsx
2016_2017_Q2,2016-17 Q2,Q,L3,L3,4.205128205128205,24 3 2016-07-01_2016-09-30 LTBAvgDayHearingOrder July2016-Sept2016.xlsx
2016_2017_Q2,2016-17 Q2,Q,L3/L9,L3/L9,2.8947368421052633,24 3 2016-07-01_2016-09-30 LTBAvgDayHearingOrder July2016-Sept2016.xlsx
2016_2017_Q2,2016-17 Q2,Q,L4,L4,5.211065573770492,24 3 2016-07-01_2016-09-30 LTBAvgDayHearingOrder July2016-Sept2016.xlsx
2016_2017_Q2,2016-17 Q2,Q,L5,L5,26.9125,24 3 2016-07-01_2016-09-30 LTBAvgDayHearingOrder July2016-Sept2016.xlsx
2016_2017_Q2,2016-17 Q2,Q,L8,L8,3.5,24 3 2016-07-01_2016-09-30 LTBAvgDayHearingOrder July2016-Sept2016.xlsx
2016_2017_Q2,2016-17 Q2,Q,L9,L9,4.75,24 3 2016-07-01_2016-09-30 LTBAvgDayHearingOrder July2016-Sept2016.xlsx
2016_2017_Q2,2016-17 Q2,Q,A1_T,A1,3.3333333333333335,24 3 2016-07-01_2016-09-30 LTBAvgDayHearingOrder July2016-Sept2016.xlsx
2016_2017_Q2,2016-17 Q2,Q,A1_T/T2,A1/T2,5.0,24 3 2016-07-01_2016-09-30 LTBAvgDayHearingOrder July2016-Sept2016.xlsx
2016_2017_Q2,2016-17 Q2,Q,A1_T/T2/T3,A1/T2/T3,2.0,24 3 2016-07-01_2016-09-30 LTBAvgDayHearingOrder July2016-Sept2016.xlsx
2016_2017_Q2,2016-17 Q2,Q,A2_T,A2,15.833333333333334,24 3 2016-07-01_2016-09-30 LTBAvgDayHearingOrder July2016-Sept2016.xlsx
2016_2017_Q2,2016-17 Q2,Q,A2_T/T1/T2,A2/T1/T2,39.666666666666664,24 3 2016-07-01_2016-09-30 LTBAvgDayHearingOrder July2016-Sept2016.xlsx
2016_2017_Q2,2016-17 Q2,Q,A2_T/T2/T3/T6,A2/T2/T3/T6,49.0,24 3 2016-07-01_2016-09-30 LTBAvgDayHearingOrder July2016-Sept2016.xlsx
2016_2017_Q2,2016-17 Q2,Q,T1,T1,7.722222222222222,24 3 2016-07-01_2016-09-30 LTBAvgDayHearingOrder July2016-Sept2016.xlsx
2016_2017_Q2,2016-17 Q2,Q,T1/T2,T1/T2,11.9,24 3 2016-07-01_2016-09-30 LTBAvgDayHearingOrder July2016-Sept2016.xlsx
2016_2017_Q2,2016-17 Q2,Q,T1/T2/T3,T1/T2/T3,2.0,24 3 2016-07-01_2016-09-30 LTBAvgDayHearingOrder July2016-Sept2016.xlsx
2016_2017_Q2,2016-17 Q2,Q,T1/T2/T5,T1/T2/T5,1.5,24 3 2016-07-01_2016-09-30 LTBAvgDayHearingOrder July2016-Sept2016.xlsx
2016_2017_Q2,2016-17 Q2,Q,T1/T2/T6,T1/T2/T6,11.75,24 3 2016-07-01_2016-09-30 LTBAvgDayHearingOrder July2016-Sept2016.xlsx
2016_2017_Q2,2016-17 Q2,Q,T1/T3/T6,T1/T3/T6,37.0,24 3 2016-07-01_2016-09-30 LTBAvgDayHearingOrder July2016-Sept2016.xlsx
2016_2017_Q2,2016-17 Q2,Q,T1/T6,T1/T6,3.5,24 3 2016-07-01_2016-09-30 LTBAvgDayHearingOrder July2016-Sept2016.xlsx
2016_2017_Q2,2016-17 Q2,Q,T2,T2,13.464419475655431,24 3 2016-07-01_2016-09-30 LTBAvgDayHearingOrder July2016-Sept2016.xlsx
2016_2017_Q2,2016-17 Q2,Q,T2/T3,T2/T3,4.5,24 3 2016-07-01_2016-09-30 LTBAvgDayHearingOrder July2016-Sept2016.xlsx
2016_2017_Q2,2016-17 Q2,Q,T2/T3/T5,T2/T3/T5,103.0,24 3 2016-07-01_2016-09-30 LTBAvgDayHearingOrder July2016-Sept2016.xlsx
2016_2017_Q2,2016-17 Q2,Q,T2/T3/T6,T2/T3/T6,7.666666666666667,24 3 2016-07-01_2016-09-30 LTBAvgDayHearingOrder July2016-Sept2016.xlsx
2016_2017_Q2,2016-17 Q2,Q,T2/T5,T2/T5,2.0,24 3 2016-07-01_2016-09-30 LTBAvgDayHearingOrder July2016-Sept2016.xlsx
2016_2017_Q2,2016-17 Q2,Q,T2/T5/T6,T2/T5/T6,1.0,24 3 2016-07-01_2016-09-30 LTBAvgDayHearingOrder July2016-Sept2016.xlsx
2016_2017_Q2,2016-17 Q2,Q,T2/T6,T2/T6,24.48905109489051,24 3 2016-07-01_2016-09-30 LTBAvgDayHearingOrder July2016-Sept2016.xlsx
2016_2017_Q2,2016-17 Q2,Q,T3,T3,20.6,24 3 2016-07-01_2016-09-30 LTBAvgDayHearingOrder July2016-Sept2016.xlsx
2016_2017_Q2,2016-17 Q2,Q,T3/T6,T3/T6,4.5,24 3 2016-07-01_2016-09-30 LTBAvgDayHearingOrder July2016-Sept2016.xlsx
2016_2017_Q2,2016-17 Q2,Q,T5,T5,10.447368421052632,24 3 2016-07-01_2016-09-30 LTBAvgDayHearingOrder July2016-Sept2016.xlsx
2016_2017_Q2,2016-17 Q2,Q,T5/T6,T5/T6,5.0,24 3 2016-07-01_2016-09-30 LTBAvgDayHearingOrder July2016-Sept2016.xlsx
2016_2017_Q2,2016-17 Q2,Q,T6,T6,14.088235294117647,24 3 2016-07-01_2016-09-30 LTBAvgDayHearingOrder July2016-Sept2016.xlsx
2016_2017_Q2,2016-17 Q2,Q,T7,T7,12.5,24 3 2016-07-01_2016-09-30 LTBAvgDayHearingOrder July2016-Sept2016.xlsx
2016_2017_Q3,2016-17 Q3,Q,A1_L,A1,7.72,24 4 2016-10-01_2016-12-31 LTBAvgDayHearingOrder Oct2016-Dec2016.xlsx
2016_2017_Q3,2016-17 Q3,Q,A1_L/L9,A1/L9,10.0,24 4 2016-10-01_2016-12-31 LTBAvgDayHearingOrder Oct2016-Dec2016.xlsx
2016_2017_Q3,2016-17 Q3,Q,A2_L,A2,9.564102564102564,24 4 2016-10-01_2016-12-31 LTBAvgDayHearingOrder Oct2016-Dec2016.xlsx
2016_2017_Q3,2016-17 Q3,Q,A2_L/L1,A2/L1,5.0,24 4 2016-10-01_2016-12-31 LTBAvgDayHearingOrder Oct2016-Dec2016.xlsx
2016_2017_Q3,2016-17 Q3,Q,A2_L/L2,A2/L2,4.0,24 4 2016-10-01_2016-12-31 LTBAvgDayHearingOrder Oct2016-Dec2016.xlsx
2016_2017_Q3,2016-17 Q3,Q,A2_L/L3,A2/L3,1.0,24 4 2016-10-01_2016-12-31 LTBAvgDayHearingOrder Oct2016-Dec2016.xlsx
2016_2017_Q3,2016-17 Q3,Q,A4_L,A4,22.142857142857142,24 4 2016-10-01_2016-12-31 LTBAvgDayHearingOrder Oct2016-Dec2016.xlsx
2016_2017_Q3,2016-17 Q3,Q,L1,L1,4.335558678847505,24 4 2016-10-01_2016-12-31 LTBAvgDayHearingOrder Oct2016-Dec2016.xlsx
2016_2017_Q3,2016-17 Q3,Q,L1/L2,L1/L2,5.189969604863222,24 4 2016-10-01_2016-12-31 LTBAvgDayHearingOrder Oct2016-Dec2016.xlsx
2016_2017_Q3,2016-17 Q3,Q,L1/L2/L3,L1/L2/L3,5.428571428571429,24 4 2016-10-01_2016-12-31 LTBAvgDayHearingOrder Oct2016-Dec2016.xlsx
2016_2017_Q3,2016-17 Q3,Q,L1/L2/L8,L1/L2/L8,6.714285714285714,24 4 2016-10-01_2016-12-31 LTBAvgDayHearingOrder Oct2016-Dec2016.xlsx
2016_2017_Q3,2016-17 Q3,Q,L1/L2/L9,L1/L2/L9,5.0,24 4 2016-10-01_2016-12-31 LTBAvgDayHearingOrder Oct2016-Dec2016.xlsx
2016_2017_Q3,2016-17 Q3,Q,L1/L3,L1/L3,4.476190476190476,24 4 2016-10-01_2016-12-31 LTBAvgDayHearingOrder Oct2016-Dec2016.xlsx
2016_2017_Q3,2016-17 Q3,Q,L1/L8,L1/L8,10.8,24 4 2016-10-01_2016-12-31 LTBAvgDayHearingOrder Oct2016-Dec2016.xlsx
2016_2017_Q3,2016-17 Q3,Q,L2,L2,5.809085328422345,24 4 2016-10-01_2016-12-31 LTBAvgDayHearingOrder Oct2016-Dec2016.xlsx
2016_2017_Q3,2016-17 Q3,Q,L2/L3,L2/L3,3.5,24 4 2016-10-01_2016-12-31 LTBAvgDayHearingOrder Oct2016-Dec2016.xlsx
2016_2017_Q3,2016-17 Q3,Q,L2/L3/L9,L2/L3/L9,4.0,24 4 2016-10-01_2016-12-31 LTBAvgDayHearingOrder Oct2016-Dec2016.xlsx
2016_2017_Q3,2016-17 Q3,Q,L2/L8,L2/L8,4.666666666666667,24 4 2016-10-01_2016-12-31 LTBAvgDayHearingOrder Oct2016-Dec2016.xlsx
2016_2017_Q3,2016-17 Q3,Q,L2/L9,L2/L9,5.054945054945055,24 4 2016-10-01_2016-12-31 LTBAvgDayHearingOrder Oct2016-Dec2016.xlsx
2016_2017_Q3,2016-17 Q3,Q,L3,L3,5.880434782608695,24 4 2016-10-01_2016-12-31 LTBAvgDayHearingOrder Oct2016-Dec2016.xlsx
2016_2017_Q3,2016-17 Q3,Q,L3/L9,L3/L9,5.5,24 4 2016-10-01_2016-12-31 LTBAvgDayHearingOrder Oct2016-Dec2016.xlsx
2016_2017_Q3,2016-17 Q3,Q,L4,L4,5.337837837837838,24 4 2016-10-01_2016-12-31 LTBAvgDayHearingOrder Oct2016-Dec2016.xlsx
2016_2017_Q3,2016-17 Q3,Q,L5,L5,22.2,24 4 2016-10-01_2016-12-31 LTBAvgDayHearingOrder Oct2016-Dec2016.xlsx
2016_2017_Q3,2016-17 Q3,Q,L6,L6,1.0,24 4 2016-10-01_2016-12-31 LTBAvgDayHearingOrder Oct2016-Dec2016.xlsx
2016_2017_Q3,2016-17 Q3,Q,L8,L8,6.142857142857143,24 4 2016-10-01_2016-12-31 LTBAvgDayHearingOrder Oct2016-Dec2016.xlsx
2016_2017_Q3,2016-17 Q3,Q,L8/L9,L8/L9,2.0,24 4 2016-10-01_2016-12-31 LTBAvgDayHearingOrder Oct2016-Dec2016.xlsx
2016_2017_Q3,2016-17 Q3,Q,L9,L9,5.7,24 4 2016-10-01_2016-12-31 LTBAvgDayHearingOrder Oct2016-Dec2016.xlsx
2016_2017_Q3,2016-17 Q3,Q,A1_T,A1,12.625,24 4 2016-10-01_2016-12-31 LTBAvgDayHearingOrder Oct2016-Dec2016.xlsx
2016_2017_Q3,2016-17 Q3,Q,A1_T/A2_T,A1/A2,3.0,24 4 2016-10-01_2016-12-31 LTBAvgDayHearingOrder Oct2016-Dec2016.xlsx
2016_2017_Q3,2016-17 Q3,Q,A1_T/T1,A1/T1,14.0,24 4 2016-10-01_2016-12-31 LTBAvgDayHearingOrder Oct2016-Dec2016.xlsx
2016_2017_Q3,2016-17 Q3,Q,A1_T/T2/T6,A1/T2/T6,1.0,24 4 2016-10-01_2016-12-31 LTBAvgDayHearingOrder Oct2016-Dec2016.xlsx
2016_2017_Q3,2016-17 Q3,Q,A2_T,A2,5.714285714285714,24 4 2016-10-01_2016-12-31 LTBAvgDayHearingOrder Oct2016-Dec2016.xlsx
2016_2017_Q3,2016-17 Q3,Q,T1,T1,6.636363636363637,24 4 2016-10-01_2016-12-31 LTBAvgDayHearingOrder Oct2016-Dec2016.xlsx
2016_2017_Q3,2016-17 Q3,Q,T1/T2,T1/T2,15.91891891891892,24 4 2016-10-01_2016-12-31 LTBAvgDayHearingOrder Oct2016-Dec2016.xlsx
2016_2017_Q3,2016-17 Q3,Q,T1/T2/T3,T1/T2/T3,38.0,24 4 2016-10-01_2016-12-31 LTBAvgDayHearingOrder Oct2016-Dec2016.xlsx
2016_2017_Q3,2016-17 Q3,Q,T1/T2/T3/T6,T1/T2/T3/T6,27.5,24 4 2016-10-01_2016-12-31 LTBAvgDayHearingOrder Oct2016-Dec2016.xlsx
2016_2017_Q3,2016-17 Q3,Q,T1/T2/T6,T1/T2/T6,11.764705882352942,24 4 2016-10-01_2016-12-31 LTBAvgDayHearingOrder Oct2016-Dec2016.xlsx
2016_2017_Q3,2016-17 Q3,Q,T1/T3,T1/T3,12.5,24 4 2016-10-01_2016-12-31 LTBAvgDayHearingOrder Oct2016-Dec2016.xlsx
2016_2017_Q3,2016-17 Q3,Q,T1/T3/T6,T1/T3/T6,9.0,24 4 2016-10-01_2016-12-31 LTBAvgDayHearingOrder Oct2016-Dec2016.xlsx
2016_2017_Q3,2016-17 Q3,Q,T1/T5,T1/T5,32.0,24 4 2016-10-01_2016-12-31 LTBAvgDayHearingOrder Oct2016-Dec2016.xlsx
2016_2017_Q3,2016-17 Q3,Q,T1/T5/T6,T1/T5/T6,12.0,24 4 2016-10-01_2016-12-31 LTBAvgDayHearingOrder Oct2016-Dec2016.xlsx
2016_2017_Q3,2016-17 Q3,Q,T1/T6,T1/T6,5.875,24 4 2016-10-01_2016-12-31 LTBAvgDayHearingOrder Oct2016-Dec2016.xlsx
2016_2017_Q3,2016-17 Q3,Q,T2,T2,11.022727272727273,24 4 2016-10-01_2016-12-31 LTBAvgDayHearingOrder Oct2016-Dec2016.xlsx
2016_2017_Q3,2016-17 Q3,Q,T2/T3,T2/T3,6.0,24 4 2016-10-01_2016-12-31 LTBAvgDayHearingOrder Oct2016-Dec2016.xlsx
2016_2017_Q3,2016-17 Q3,Q,T2/T3/T6,T2/T3/T6,9.714285714285714,24 4 2016-10-01_2016-12-31 LTBAvgDayHearingOrder Oct2016-Dec2016.xlsx
2016_2017_Q3,2016-17 Q3,Q,T2/T5,T2/T5,9.2,24 4 2016-10-01_2016-12-31 LTBAvgDayHearingOrder Oct2016-Dec2016.xlsx
2016_2017_Q3,2016-17 Q3,Q,T2/T5/T6,T2/T5/T6,9.0,24 4 2016-10-01_2016-12-31 LTBAvgDayHearingOrder Oct2016-Dec2016.xlsx
2016_2017_Q3,2016-17 Q3,Q,T2/T6,T2/T6,19.51912568306011,24 4 2016-10-01_2016-12-31 LTBAvgDayHearingOrder Oct2016-Dec2016.xlsx
2016_2017_Q3,2016-17 Q3,Q,T2/T6/T7,T2/T6/T7,10.0,24 4 2016-10-01_2016-12-31 LTBAvgDayHearingOrder Oct2016-Dec2016.xlsx
2016_2017_Q3,2016-17 Q3,Q,T2/T7,T2/T7,15.0,24 4 2016-10-01_2016-12-31 LTBAvgDayHearingOrder Oct2016-Dec2016.xlsx
2016_2017_Q3,2016-17 Q3,Q,T3,T3,6.0,24 4 2016-10-01_2016-12-31 LTBAvgDayHearingOrder Oct2016-Dec2016.xlsx
2016_2017_Q3,2016-17 Q3,Q,T3/T6,T3/T6,1.0,24 4 2016-10-01_2016-12-31 LTBAvgDayHearingOrder Oct2016-Dec2016.xlsx
2016_2017_Q3,2016-17 Q3,Q,T4,T4,1.0,24 4 2016-10-01_2016-12-31 LTBAvgDayHearingOrder Oct2016-Dec2016.xlsx
2016_2017_Q3,2016-17 Q3,Q,T5,T5,11.61111111111111,24 4 2016-10-01_2016-12-31 LTBAvgDayHearingOrder Oct2016-Dec2016.xlsx
2016_2017_Q3,2016-17 Q3,Q,T5/T6,T5/T6,6.0,24 4 2016-10-01_2016-12-31 LTBAvgDayHearingOrder Oct2016-Dec2016.xlsx
2016_2017_Q3,2016-17 Q3,Q,T6,T6,10.925581395348837,24 4 2016-10-01_2016-12-31 LTBAvgDayHearingOrder Oct2016-Dec2016.xlsx
2016_2017_Q3,2016-17 Q3,Q,T6/T7,T6/T7,68.0,24 4 2016-10-01_2016-12-31 LTBAvgDayHearingOrder Oct2016-Dec2016.xlsx
2017_2018_Q1,2017-18 Q1,Q,A1_L,A1,3.4782608695652173,24 5 2017-04-01_2017-06-30 LTBAvgDayHearingOrder Q1 2017-18.xlsx
2017_2018_Q1,2017-18 Q1,Q,A1_L/A2_L/L2,A1/A2/L2,1.0,24 5 2017-04-01_2017-06-30 LTBAvgDayHearingOrder Q1 2017-18.xlsx
2017_2018_Q1,2017-18 Q1,Q,A1_L/L1,A1/L1,4.0,24 5 2017-04-01_2017-06-30 LTBAvgDayHearingOrder Q1 2017-18.xlsx
2017_2018_Q1,2017-18 Q1,Q,A1_L/L2,A1/L2,1.6666666666666667,24 5 2017-04-01_2017-06-30 LTBAvgDayHearingOrder Q1 2017-18.xlsx
2017_2018_Q1,2017-18 Q1,Q,A2_L,A2,4.787234042553192,24 5 2017-04-01_2017-06-30 LTBAvgDayHearingOrder Q1 2017-18.xlsx
2017_2018_Q1,2017-18 Q1,Q,A2_L/L1,A2/L1,9.666666666666666,24 5 2017-04-01_2017-06-30 LTBAvgDayHearingOrder Q1 2017-18.xlsx
2017_2018_Q1,2017-18 Q1,Q,A2_L/L2,A2/L2,3.5,24 5 2017-04-01_2017-06-30 LTBAvgDayHearingOrder Q1 2017-18.xlsx
2017_2018_Q1,2017-18 Q1,Q,A2_L/L2/L3,A2/L2/L3,1.0,24 5 2017-04-01_2017-06-30 LTBAvgDayHearingOrder Q1 2017-18.xlsx
2017_2018_Q1,2017-18 Q1,Q,A2_L/L2/L9,A2/L2/L9,27.0,24 5 2017-04-01_2017-06-30 LTBAvgDayHearingOrder Q1 2017-18.xlsx
2017_2018_Q1,2017-18 Q1,Q,A2_L/L3,A2/L3,20.0,24 5 2017-04-01_2017-06-30 LTBAvgDayHearingOrder Q1 2017-18.xlsx
2017_2018_Q1,2017-18 Q1,Q,A4_L,A4,16.8,24 5 2017-04-01_2017-06-30 LTBAvgDayHearingOrder Q1 2017-18.xlsx
2017_2018_Q1,2017-18 Q1,Q,L1,L1,3.4234234234234235,24 5 2017-04-01_2017-06-30 LTBAvgDayHearingOrder Q1 2017-18.xlsx
2017_2018_Q1,2017-18 Q1,Q,L1/L2,L1/L2,4.830056179775281,24 5 2017-04-01_2017-06-30 LTBAvgDayHearingOrder Q1 2017-18.xlsx
2017_2018_Q1,2017-18 Q1,Q,L1/L2/L3,L1/L2/L3,1.6666666666666667,24 5 2017-04-01_2017-06-30 LTBAvgDayHearingOrder Q1 2017-18.xlsx
2017_2018_Q1,2017-18 Q1,Q,L1/L2/L8,L1/L2/L8,9.0,24 5 2017-04-01_2017-06-30 LTBAvgDayHearingOrder Q1 2017-18.xlsx
2017_2018_Q1,2017-18 Q1,Q,L1/L2/L9,L1/L2/L9,3.0,24 5 2017-04-01_2017-06-30 LTBAvgDayHearingOrder Q1 2017-18.xlsx
2017_2018_Q1,2017-18 Q1,Q,L1/L3,L1/L3,2.9166666666666665,24 5 2017-04-01_2017-06-30 LTBAvgDayHearingOrder Q1 2017-18.xlsx
2017_2018_Q1,2017-18 Q1,Q,L1/L8,L1/L8,4.0,24 5 2017-04-01_2017-06-30 LTBAvgDayHearingOrder Q1 2017-18.xlsx
2017_2018_Q1,2017-18 Q1,Q,L2,L2,5.388531883341572,24 5 2017-04-01_2017-06-30 LTBAvgDayHearingOrder Q1 2017-18.xlsx
2017_2018_Q1,2017-18 Q1,Q,L2/L3,L2/L3,5.5,24 5 2017-04-01_2017-06-30 LTBAvgDayHearingOrder Q1 2017-18.xlsx
2017_2018_Q1,2017-18 Q1,Q,L2/L3/L9,L2/L3/L9,3.0,24 5 2017-04-01_2017-06-30 LTBAvgDayHearingOrder Q1 2017-18.xlsx
2017_2018_Q1,2017-18 Q1,Q,L2/L8,L2/L8,4.0,24 5 2017-04-01_2017-06-30 LTBAvgDayHearingOrder Q1 2017-18.xlsx
2017_2018_Q1,2017-18 Q1,Q,L2/L9,L2/L9,5.6923076923076925,24 5 2017-04-01_2017-06-30 LTBAvgDayHearingOrder Q1 2017-18.xlsx
2017_2018_Q1,2017-18 Q1,Q,L3,L3,5.0095238095238095,24 5 2017-04-01_2017-06-30 LTBAvgDayHearingOrder Q1 2017-18.xlsx
2017_2018_Q1,2017-18 Q1,Q,L3/L8,L3/L8,5.0,24 5 2017-04-01_2017-06-30 LTBAvgDayHearingOrder Q1 2017-18.xlsx
2017_2018_Q1,2017-18 Q1,Q,L3/L9,L3/L9,4.75,24 5 2017-04-01_2017-06-30 LTBAvgDayHearingOrder Q1 2017-18.xlsx
2017_2018_Q1,2017-18 Q1,Q,L4,L4,4.53728813559322,24 5 2017-04-01_2017-06-30 LTBAvgDayHearingOrder Q1 2017-18.xlsx
2017_2018_Q1,2017-18 Q1,Q,L5,L5,21.168539325842698,24 5 2017-04-01_2017-06-30 LTBAvgDayHearingOrder Q1 2017-18.xlsx
2017_2018_Q1,2017-18 Q1,Q,L6,L6,6.5,24 5 2017-04-01_2017-06-30 LTBAvgDayHearingOrder Q1 2017-18.xlsx
2017_2018_Q1,2017-18 Q1,Q,L7,L7,1.0,24 5 2017-04-01_2017-06-30 LTBAvgDayHearingOrder Q1 2017-18.xlsx
2017_2018_Q1,2017-18 Q1,Q,L8,L8,1.0,24 5 2017-04-01_2017-06-30 LTBAvgDayHearingOrder Q1 2017-18.xlsx
2017_2018_Q1,2017-18 Q1,Q,L9,L9,3.780392156862745,24 5 2017-04-01_2017-06-30 LTBAvgDayHearingOrder Q1 2017-18.xlsx
2017_2018_Q1,2017-18 Q1,Q,A1_T,A1,21.266666666666666,24 5 2017-04-01_2017-06-30 LTBAvgDayHearingOrder Q1 2017-18.xlsx
2017_2018_Q1,2017-18 Q1,Q,A1_T/T1/T2,A1/T1/T2,12.0,24 5 2017-04-01_2017-06-30 LTBAvgDayHearingOrder Q1 2017-18.xlsx
2017_2018_Q1,2017-18 Q1,Q,A1_T/T1/T2/T3,A1/T1/T2/T3,3.0,24 5 2017-04-01_2017-06-30 LTBAvgDayHearingOrder Q1 2017-18.xlsx
2017_2018_Q1,2017-18 Q1,Q,A1_T/T2,A1/T2,5.0,24 5 2017-04-01_2017-06-30 LTBAvgDayHearingOrder Q1 2017-18.xlsx
2017_2018_Q1,2017-18 Q1,Q,A1_T/T6,A1/T6,20.0,24 5 2017-04-01_2017-06-30 LTBAvgDayHearingOrder Q1 2017-18.xlsx
2017_2018_Q1,2017-18 Q1,Q,A2_T,A2,5.25,24 5 2017-04-01_2017-06-30 LTBAvgDayHearingOrder Q1 2017-18.xlsx
2017_2018_Q1,2017-18 Q1,Q,A2_T/T1,A2/T1,5.0,24 5 2017-04-01_2017-06-30 LTBAvgDayHearingOrder Q1 2017-18.xlsx
2017_2018_Q1,2017-18 Q1,Q,A2_T/T2,A2/T2,28.0,24 5 2017-04-01_2017-06-30 LTBAvgDayHearingOrder Q1 2017-18.xlsx
2017_2018_Q1,2017-18 Q1,Q,T1,T1,8.153153153153154,24 5 2017-04-01_2017-06-30 LTBAvgDayHearingOrder Q1 2017-18.xlsx
2017_2018_Q1,2017-18 Q1,Q,T1/T2,T1/T2,10.357142857142858,24 5 2017-04-01_2017-06-30 LTBAvgDayHearingOrder Q1 2017-18.xlsx
2017_2018_Q1,2017-18 Q1,Q,T1/T2/T3,T1/T2/T3,2.5,24 5 2017-04-01_2017-06-30 LTBAvgDayHearingOrder Q1 2017-18.xlsx
2017_2018_Q1,2017-18 Q1,Q,T1/T2/T3/T6,T1/T2/T3/T6,10.5,24 5 2017-04-01_2017-06-30 LTBAvgDayHearingOrder Q1 2017-18.xlsx
2017_2018_Q1,2017-18 Q1,Q,T1/T2/T4/T5,T1/T2/T4/T5,1.0,24 5 2017-04-01_2017-06-30 LTBAvgDayHearingOrder Q1 2017-18.xlsx
2017_2018_Q1,2017-18 Q1,Q,T1/T2/T5,T1/T2/T5,1.0,24 5 2017-04-01_2017-06-30 LTBAvgDayHearingOrder Q1 2017-18.xlsx
2017_2018_Q1,2017-18 Q1,Q,T1/T2/T5/T6,T1/T2/T5/T6,13.0,24 5 2017-04-01_2017-06-30 LTBAvgDayHearingOrder Q1 2017-18.xlsx
2017_2018_Q1,2017-18 Q1,Q,T1/T2/T6,T1/T2/T6,13.357142857142858,24 5 2017-04-01_2017-06-30 LTBAvgDayHearingOrder Q1 2017-18.xlsx
2017_2018_Q1,2017-18 Q1,Q,T1/T3,T1/T3,2.0,24 5 2017-04-01_2017-06-30 LTBAvgDayHearingOrder Q1 2017-18.xlsx
2017_2018_Q1,2017-18 Q1,Q,T1/T3/T6,T1/T3/T6,18.0,24 5 2017-04-01_2017-06-30 LTBAvgDayHearingOrder Q1 2017-18.xlsx
2017_2018_Q1,2017-18 Q1,Q,T1/T5,T1/T5,2.5,24 5 2017-04-01_2017-06-30 LTBAvgDayHearingOrder Q1 2017-18.xlsx
2017_2018_Q1,2017-18 Q1,Q,T1/T5/T6,T1/T5/T6,6.0,24 5 2017-04-01_2017-06-30 LTBAvgDayHearingOrder Q1 2017-18.xlsx
2017_2018_Q1,2017-18 Q1,Q,T1/T6,T1/T6,3.0,24 5 2017-04-01_2017-06-30 LTBAvgDayHearingOrder Q1 2017-18.xlsx
2017_2018_Q1,2017-18 Q1,Q,T2,T2,12.080717488789238,24 5 2017-04-01_2017-06-30 LTBAvgDayHearingOrder Q1 2017-18.xlsx
2017_2018_Q1,2017-18 Q1,Q,T2/T3,T2/T3,13.0,24 5 2017-04-01_2017-06-30 LTBAvgDayHearingOrder Q1 2017-18.xlsx
2017_2018_Q1,2017-18 Q1,Q,T2/T3/T4/T6,T2/T3/T4/T6,3.0,24 5 2017-04-01_2017-06-30 LTBAvgDayHearingOrder Q1 2017-18.xlsx
2017_2018_Q1,2017-18 Q1,Q,T2/T3/T6,T2/T3/T6,10.0,24 5 2017-04-01_2017-06-30 LTBAvgDayHearingOrder Q1 2017-18.xlsx
2017_2018_Q1,2017-18 Q1,Q,T2/T5,T2/T5,4.0,24 5 2017-04-01_2017-06-30 LTBAvgDayHearingOrder Q1 2017-18.xlsx
2017_2018_Q1,2017-18 Q1,Q,T2/T5/T6,T2/T5/T6,13.5,24 5 2017-04-01_2017-06-30 LTBAvgDayHearingOrder Q1 2017-18.xlsx
2017_2018_Q1,2017-18 Q1,Q,T2/T6,T2/T6,12.678571428571429,24 5 2017-04-01_2017-06-30 LTBAvgDayHearingOrder Q1 2017-18.xlsx
2017_2018_Q1,2017-18 Q1,Q,T2/T7,T2/T7,12.0,24 5 2017-04-01_2017-06-30 LTBAvgDayHearingOrder Q1 2017-18.xlsx
2017_2018_Q1,2017-18 Q1,Q,T3,T3,11.818181818181818,24 5 2017-04-01_2017-06-30 LTBAvgDayHearingOrder Q1 2017-18.xlsx
2017_2018_Q1,2017-18 Q1,Q,T3/T6,T3/T6,28.0,24 5 2017-04-01_2017-06-30 LTBAvgDayHearingOrder Q1 2017-18.xlsx
2017_2018_Q1,2017-18 Q1,Q,T5,T5,16.1875,24 5 2017-04-01_2017-06-30 LTBAvgDayHearingOrder Q1 2017-18.xlsx
2017_2018_Q1,2017-18 Q1,Q,T5/T6,T5/T6,6.0,24 5 2017-04-01_2017-06-30 LTBAvgDayHearingOrder Q1 2017-18.xlsx
2017_2018_Q1,2017-18 Q1,Q,T6,T6,10.654166666666667,24 5 2017-04-01_2017-06-30 LTBAvgDayHearingOrder Q1 2017-18.xlsx
2017_2018_Q1,2017-18 Q1,Q,T7,T7,6.0,24 5 2017-04-01_2017-06-30 LTBAvgDayHearingOrder Q1 2017-18.xlsx
2017_2018_Q2,2017-18 Q2,Q,A1_L,A1,21.142857142857142,24 6 2017-07-01_2017-09-30 LTBAvgDayHearingOrder Q2 2017-18.xlsx
2017_2018_Q2,2017-18 Q2,Q,A1_L/A2_L,A1/A2,1.5,24 6 2017-07-01_2017-09-30 LTBAvgDayHearingOrder Q2 2017-18.xlsx
2017_2018_Q2,2017-18 Q2,Q,A2_L,A2,5.357142857142857,24 6 2017-07-01_2017-09-30 LTBAvgDayHearingOrder Q2 2017-18.xlsx
2017_2018_Q2,2017-18 Q2,Q,A2_L/L1/L2,A2/L1/L2,5.0,24 6 2017-07-01_2017-09-30 LTBAvgDayHearingOrder Q2 2017-18.xlsx
2017_2018_Q2,2017-18 Q2,Q,A2_L/L2,A2/L2,4.0,24 6 2017-07-01_2017-09-30 LTBAvgDayHearingOrder Q2 2017-18.xlsx
2017_2018_Q2,2017-18 Q2,Q,A4_L,A4,23.20754716981132,24 6 2017-07-01_2017-09-30 LTBAvgDayHearingOrder Q2 2017-18.xlsx
2017_2018_Q2,2017-18 Q2,Q,L1,L1,3.8961381626289278,24 6 2017-07-01_2017-09-30 LTBAvgDayHearingOrder Q2 2017-18.xlsx
2017_2018_Q2,2017-18 Q2,Q,L1/L2,L1/L2,4.63482280431433,24 6 2017-07-01_2017-09-30 LTBAvgDayHearingOrder Q2 2017-18.xlsx
2017_2018_Q2,2017-18 Q2,Q,L1/L2/L3,L1/L2/L3,3.5,24 6 2017-07-01_2017-09-30 LTBAvgDayHearingOrder Q2 2017-18.xlsx
2017_2018_Q2,2017-18 Q2,Q,L1/L2/L8,L1/L2/L8,2.0,24 6 2017-07-01_2017-09-30 LTBAvgDayHearingOrder Q2 2017-18.xlsx
2017_2018_Q2,2017-18 Q2,Q,L1/L3,L1/L3,2.727272727272727,24 6 2017-07-01_2017-09-30 LTBAvgDayHearingOrder Q2 2017-18.xlsx
2017_2018_Q2,2017-18 Q2,Q,L1/L8,L1/L8,4.0,24 6 2017-07-01_2017-09-30 LTBAvgDayHearingOrder Q2 2017-18.xlsx
2017_2018_Q2,2017-18 Q2,Q,L2,L2,6.206877729257642,24 6 2017-07-01_2017-09-30 LTBAvgDayHearingOrder Q2 2017-18.xlsx
2017_2018_Q2,2017-18 Q2,Q,L2/L3,L2/L3,2.8333333333333335,24 6 2017-07-01_2017-09-30 LTBAvgDayHearingOrder Q2 2017-18.xlsx
2017_2018_Q2,2017-18 Q2,Q,L2/L3/L9,L2/L3/L9,6.0,24 6 2017-07-01_2017-09-30 LTBAvgDayHearingOrder Q2 2017-18.xlsx
2017_2018_Q2,2017-18 Q2,Q,L2/L8,L2/L8,10.8,24 6 2017-07-01_2017-09-30 LTBAvgDayHearingOrder Q2 2017-18.xlsx
2017_2018_Q2,2017-18 Q2,Q,L2/L9,L2/L9,6.266666666666667,24 6 2017-07-01_2017-09-30 LTBAvgDayHearingOrder Q2 2017-18.xlsx
2017_2018_Q2,2017-18 Q2,Q,L3,L3,4.109375,24 6 2017-07-01_2017-09-30 LTBAvgDayHearingOrder Q2 2017-18.xlsx
2017_2018_Q2,2017-18 Q2,Q,L3/L9,L3/L9,5.266666666666667,24 6 2017-07-01_2017-09-30 LTBAvgDayHearingOrder Q2 2017-18.xlsx
2017_2018_Q2,2017-18 Q2,Q,L4,L4,4.333333333333333,24 6 2017-07-01_2017-09-30 LTBAvgDayHearingOrder Q2 2017-18.xlsx
2017_2018_Q2,2017-18 Q2,Q,L5,L5,23.244897959183675,24 6 2017-07-01_2017-09-30 LTBAvgDayHearingOrder Q2 2017-18.xlsx
2017_2018_Q2,2017-18 Q2,Q,L8,L8,1.5,24 6 2017-07-01_2017-09-30 LTBAvgDayHearingOrder Q2 2017-18.xlsx
2017_2018_Q2,2017-18 Q2,Q,L8/L9,L8/L9,12.0,24 6 2017-07-01_2017-09-30 LTBAvgDayHearingOrder Q2 2017-18.xlsx
2017_2018_Q2,2017-18 Q2,Q,L9,L9,4.906593406593407,24 6 2017-07-01_2017-09-30 LTBAvgDayHearingOrder Q2 2017-18.xlsx
2017_2018_Q2,2017-18 Q2,Q,A1_T,A1,5.428571428571429,24 6 2017-07-01_2017-09-30 LTBAvgDayHearingOrder Q2 2017-18.xlsx
2017_2018_Q2,2017-18 Q2,Q,A1_T/T1,A1/T1,21.0,24 6 2017-07-01_2017-09-30 LTBAvgDayHearingOrder Q2 2017-18.xlsx
2017_2018_Q2,2017-18 Q2,Q,A1_T/T2,A1/T2,18.0,24 6 2017-07-01_2017-09-30 LTBAvgDayHearingOrder Q2 2017-18.xlsx
2017_2018_Q2,2017-18 Q2,Q,A2_T,A2,5.375,24 6 2017-07-01_2017-09-30 LTBAvgDayHearingOrder Q2 2017-18.xlsx
2017_2018_Q2,2017-18 Q2,Q,T1,T1,13.727272727272727,24 6 2017-07-01_2017-09-30 LTBAvgDayHearingOrder Q2 2017-18.xlsx
2017_2018_Q2,2017-18 Q2,Q,T1/T2,T1/T2,13.931034482758621,24 6 2017-07-01_2017-09-30 LTBAvgDayHearingOrder Q2 2017-18.xlsx
2017_2018_Q2,2017-18 Q2,Q,T1/T2/T3,T1/T2/T3,31.0,24 6 2017-07-01_2017-09-30 LTBAvgDayHearingOrder Q2 2017-18.xlsx
2017_2018_Q2,2017-18 Q2,Q,T1/T2/T3/T6,T1/T2/T3/T6,28.25,24 6 2017-07-01_2017-09-30 LTBAvgDayHearingOrder Q2 2017-18.xlsx
2017_2018_Q2,2017-18 Q2,Q,T1/T2/T5,T1/T2/T5,5.0,24 6 2017-07-01_2017-09-30 LTBAvgDayHearingOrder Q2 2017-18.xlsx
2017_2018_Q2,2017-18 Q2,Q,T1/T2/T6,T1/T2/T6,8.6875,24 6 2017-07-01_2017-09-30 LTBAvgDayHearingOrder Q2 2017-18.xlsx
2017_2018_Q2,2017-18 Q2,Q,T1/T3,T1/T3,26.0,24 6 2017-07-01_2017-09-30 LTBAvgDayHearingOrder Q2 2017-18.xlsx
2017_2018_Q2,2017-18 Q2,Q,T1/T5/T6,T1/T5/T6,1.0,24 6 2017-07-01_2017-09-30 LTBAvgDayHearingOrder Q2 2017-18.xlsx
2017_2018_Q2,2017-18 Q2,Q,T1/T6,T1/T6,16.11111111111111,24 6 2017-07-01_2017-09-30 LTBAvgDayHearingOrder Q2 2017-18.xlsx
2017_2018_Q2,2017-18 Q2,Q,T2,T2,12.992167101827675,24 6 2017-07-01_2017-09-30 LTBAvgDayHearingOrder Q2 2017-18.xlsx
2017_2018_Q2,2017-18 Q2,Q,T2/T3,T2/T3,21.333333333333332,24 6 2017-07-01_2017-09-30 LTBAvgDayHearingOrder Q2 2017-18.xlsx
2017_2018_Q2,2017-18 Q2,Q,T2/T3/T6,T2/T3/T6,10.818181818181818,24 6 2017-07-01_2017-09-30 LTBAvgDayHearingOrder Q2 2017-18.xlsx
2017_2018_Q2,2017-18 Q2,Q,T2/T4/T6,T2/T4/T6,2.0,24 6 2017-07-01_2017-09-30 LTBAvgDayHearingOrder Q2 2017-18.xlsx
2017_2018_Q2,2017-18 Q2,Q,T2/T5,T2/T5,21.4,24 6 2017-07-01_2017-09-30 LTBAvgDayHearingOrder Q2 2017-18.xlsx
2017_2018_Q2,2017-18 Q2,Q,T2/T6,T2/T6,13.45625,24 6 2017-07-01_2017-09-30 LTBAvgDayHearingOrder Q2 2017-18.xlsx
2017_2018_Q2,2017-18 Q2,Q,T3,T3,16.0,24 6 2017-07-01_2017-09-30 LTBAvgDayHearingOrder Q2 2017-18.xlsx
2017_2018_Q2,2017-18 Q2,Q,T3/T5,T3/T5,11.0,24 6 2017-07-01_2017-09-30 LTBAvgDayHearingOrder Q2 2017-18.xlsx
2017_2018_Q2,2017-18 Q2,Q,T3/T6,T3/T6,1.0,24 6 2017-07-01_2017-09-30 LTBAvgDayHearingOrder Q2 2017-18.xlsx
2017_2018_Q2,2017-18 Q2,Q,T4,T4,1.0,24 6 2017-07-01_2017-09-30 LTBAvgDayHearingOrder Q2 2017-18.xlsx
2017_2018_Q2,2017-18 Q2,Q,T5,T5,15.057142857142857,24 6 2017-07-01_2017-09-30 LTBAvgDayHearingOrder Q2 2017-18.xlsx
2017_2018_Q2,2017-18 Q2,Q,T5/T6,T5/T6,127.0,24 6 2017-07-01_2017-09-30 LTBAvgDayHearingOrder Q2 2017-18.xlsx
2017_2018_Q2,2017-18 Q2,Q,T6,T6,13.49537037037037,24 6 2017-07-01_2017-09-30 LTBAvgDayHearingOrder Q2 2017-18.xlsx
2017_2018_Q2,2017-18 Q2,Q,T7,T7,104.0,24 6 2017-07-01_2017-09-30 LTBAvgDayHearingOrder Q2 2017-18.xlsx
2017_2018_Q3,2017-18 Q3,Q,A1_L,A1,23.55,24 7 2017-10-01_2017-12-31 LTBAvgDayHearingOrder Q3 2017-18.xlsx
2017_2018_Q3,2017-18 Q3,Q,A2_L,A2,6.101694915254237,24 7 2017-10-01_2017-12-31 LTBAvgDayHearingOrder Q3 2017-18.xlsx
2017_2018_Q3,2017-18 Q3,Q,A2_L/L1,A2/L1,5.6,24 7 2017-10-01_2017-12-31 LTBAvgDayHearingOrder Q3 2017-18.xlsx
2017_2018_Q3,2017-18 Q3,Q,A2_L/L2,A2/L2,14.0,24 7 2017-10-01_2017-12-31 LTBAvgDayHearingOrder Q3 2017-18.xlsx
2017_2018_Q3,2017-18 Q3,Q,A2_L/L2/L3,A2/L2/L3,1.0,24 7 2017-10-01_2017-12-31 LTBAvgDayHearingOrder Q3 2017-18.xlsx
2017_2018_Q3,2017-18 Q3,Q,A2_L/L3,A2/L3,4.0,24 7 2017-10-01_2017-12-31 LTBAvgDayHearingOrder Q3 2017-18.xlsx
2017_2018_Q3,2017-18 Q3,Q,A2_L/L9,A2/L9,1.0,24 7 2017-10-01_2017-12-31 LTBAvgDayHearingOrder Q3 2017-18.xlsx
2017_2018_Q3,2017-18 Q3,Q,A4_L,A4,14.305555555555555,24 7 2017-10-01_2017-12-31 LTBAvgDayHearingOrder Q3 2017-18.xlsx
2017_2018_Q3,2017-18 Q3,Q,L1,L1,4.016623884610683,24 7 2017-10-01_2017-12-31 LTBAvgDayHearingOrder Q3 2017-18.xlsx
2017_2018_Q3,2017-18 Q3,Q,L1/L2,L1/L2,6.216772151898734,24 7 2017-10-01_2017-12-31 LTBAvgDayHearingOrder Q3 2017-18.xlsx
2017_2018_Q3,2017-18 Q3,Q,L1/L2/L3,L1/L2/L3,21.571428571428573,24 7 2017-10-01_2017-12-31 LTBAvgDayHearingOrder Q3 2017-18.xlsx
2017_2018_Q3,2017-18 Q3,Q,L1/L2/L8,L1/L2/L8,1.0,24 7 2017-10-01_2017-12-31 LTBAvgDayHearingOrder Q3 2017-18.xlsx
2017_2018_Q3,2017-18 Q3,Q,L1/L3,L1/L3,7.0,24 7 2017-10-01_2017-12-31 LTBAvgDayHearingOrder Q3 2017-18.xlsx
2017_2018_Q3,2017-18 Q3,Q,L1/L8,L1/L8,16.5,24 7 2017-10-01_2017-12-31 LTBAvgDayHearingOrder Q3 2017-18.xlsx
2017_2018_Q3,2017-18 Q3,Q,L2,L2,7.811391724879098,24 7 2017-10-01_2017-12-31 LTBAvgDayHearingOrder Q3 2017-18.xlsx
2017_2018_Q3,2017-18 Q3,Q,L2/L3,L2/L3,11.0,24 7 2017-10-01_2017-12-31 LTBAvgDayHearingOrder Q3 2017-18.xlsx
2017_2018_Q3,2017-18 Q3,Q,L2/L3/L8,L2/L3/L8,27.0,24 7 2017-10-01_2017-12-31 LTBAvgDayHearingOrder Q3 2017-18.xlsx
2017_2018_Q3,2017-18 Q3,Q,L2/L3/L9,L2/L3/L9,1.0,24 7 2017-10-01_2017-12-31 LTBAvgDayHearingOrder Q3 2017-18.xlsx
2017_2018_Q3,2017-18 Q3,Q,L2/L8,L2/L8,4.0,24 7 2017-10-01_2017-12-31 LTBAvgDayHearingOrder Q3 2017-18.xlsx
2017_2018_Q3,2017-18 Q3,Q,L2/L9,L2/L9,7.851063829787234,24 7 2017-10-01_2017-12-31 LTBAvgDayHearingOrder Q3 2017-18.xlsx
2017_2018_Q3,2017-18 Q3,Q,L3,L3,5.326923076923077,24 7 2017-10-01_2017-12-31 LTBAvgDayHearingOrder Q3 2017-18.xlsx
2017_2018_Q3,2017-18 Q3,Q,L3/L9,L3/L9,7.083333333333333,24 7 2017-10-01_2017-12-31 LTBAvgDayHearingOrder Q3 2017-18.xlsx
2017_2018_Q3,2017-18 Q3,Q,L4,L4,6.210708117443868,24 7 2017-10-01_2017-12-31 LTBAvgDayHearingOrder Q3 2017-18.xlsx
2017_2018_Q3,2017-18 Q3,Q,L5,L5,21.026315789473685,24 7 2017-10-01_2017-12-31 LTBAvgDayHearingOrder Q3 2017-18.xlsx
2017_2018_Q3,2017-18 Q3,Q,L8,L8,9.11111111111111,24 7 2017-10-01_2017-12-31 LTBAvgDayHearingOrder Q3 2017-18.xlsx
2017_2018_Q3,2017-18 Q3,Q,L9,L9,5.179166666666666,24 7 2017-10-01_2017-12-31 LTBAvgDayHearingOrder Q3 2017-18.xlsx
2017_2018_Q3,2017-18 Q3,Q,A1_T,A1,17.0,24 7 2017-10-01_2017-12-31 LTBAvgDayHearingOrder Q3 2017-18.xlsx
2017_2018_Q3,2017-18 Q3,Q,A1_T/T2,A1/T2,16.0,24 7 2017-10-01_2017-12-31 LTBAvgDayHearingOrder Q3 2017-18.xlsx
2017_2018_Q3,2017-18 Q3,Q,A1_T/T2/T6,A1/T2/T6,1.0,24 7 2017-10-01_2017-12-31 LTBAvgDayHearingOrder Q3 2017-18.xlsx
2017_2018_Q3,2017-18 Q3,Q,A2_T,A2,9.0,24 7 2017-10-01_2017-12-31 LTBAvgDayHearingOrder Q3 2017-18.xlsx
2017_2018_Q3,2017-18 Q3,Q,A2_T/T1,A2/T1,10.666666666666666,24 7 2017-10-01_2017-12-31 LTBAvgDayHearingOrder Q3 2017-18.xlsx
2017_2018_Q3,2017-18 Q3,Q,A2_T/T1/T2/T6,A2/T1/T2/T6,2.0,24 7 2017-10-01_2017-12-31 LTBAvgDayHearingOrder Q3 2017-18.xlsx
2017_2018_Q3,2017-18 Q3,Q,A2_T/T6,A2/T6,6.0,24 7 2017-10-01_2017-12-31 LTBAvgDayHearingOrder Q3 2017-18.xlsx
2017_2018_Q3,2017-18 Q3,Q,T1,T1,13.5,24 7 2017-10-01_2017-12-31 LTBAvgDayHearingOrder Q3 2017-18.xlsx
2017_2018_Q3,2017-18 Q3,Q,T1/T2,T1/T2,14.35135135135135,24 7 2017-10-01_2017-12-31 LTBAvgDayHearingOrder Q3 2017-18.xlsx
2017_2018_Q3,2017-18 Q3,Q,T1/T2/T3,T1/T2/T3,18.75,24 7 2017-10-01_2017-12-31 LTBAvgDayHearingOrder Q3 2017-18.xlsx
2017_2018_Q3,2017-18 Q3,Q,T1/T2/T3/T6,T1/T2/T3/T6,59.0,24 7 2017-10-01_2017-12-31 LTBAvgDayHearingOrder Q3 2017-18.xlsx
2017_2018_Q3,2017-18 Q3,Q,T1/T2/T5,T1/T2/T5,2.0,24 7 2017-10-01_2017-12-31 LTBAvgDayHearingOrder Q3 2017-18.xlsx
2017_2018_Q3,2017-18 Q3,Q,T1/T2/T6,T1/T2/T6,12.923076923076923,24 7 2017-10-01_2017-12-31 LTBAvgDayHearingOrder Q3 2017-18.xlsx
2017_2018_Q3,2017-18 Q3,Q,T1/T3,T1/T3,1.0,24 7 2017-10-01_2017-12-31 LTBAvgDayHearingOrder Q3 2017-18.xlsx
2017_2018_Q3,2017-18 Q3,Q,T1/T6,T1/T6,4.111111111111111,24 7 2017-10-01_2017-12-31 LTBAvgDayHearingOrder Q3 2017-18.xlsx
2017_2018_Q3,2017-18 Q3,Q,T2,T2,15.084183673469388,24 7 2017-10-01_2017-12-31 LTBAvgDayHearingOrder Q3 2017-18.xlsx
2017_2018_Q3,2017-18 Q3,Q,T2/T3,T2/T3,47.6,24 7 2017-10-01_2017-12-31 LTBAvgDayHearingOrder Q3 2017-18.xlsx
2017_2018_Q3,2017-18 Q3,Q,T2/T3/T5/T6,T2/T3/T5/T6,15.0,24 7 2017-10-01_2017-12-31 LTBAvgDayHearingOrder Q3 2017-18.xlsx
2017_2018_Q3,2017-18 Q3,Q,T2/T3/T6,T2/T3/T6,23.77777777777778,24 7 2017-10-01_2017-12-31 LTBAvgDayHearingOrder Q3 2017-18.xlsx
2017_2018_Q3,2017-18 Q3,Q,T2/T5,T2/T5,9.0,24 7 2017-10-01_2017-12-31 LTBAvgDayHearingOrder Q3 2017-18.xlsx
2017_2018_Q3,2017-18 Q3,Q,T2/T5/T6,T2/T5/T6,7.0,24 7 2017-10-01_2017-12-31 LTBAvgDayHearingOrder Q3 2017-18.xlsx
2017_2018_Q3,2017-18 Q3,Q,T2/T6,T2/T6,17.767857142857142,24 7 2017-10-01_2017-12-31 LTBAvgDayHearingOrder Q3 2017-18.xlsx
2017_2018_Q3,2017-18 Q3,Q,T3,T3,7.833333333333333,24 7 2017-10-01_2017-12-31 LTBAvgDayHearingOrder Q3 2017-18.xlsx
2017_2018_Q3,2017-18 Q3,Q,T3/T6,T3/T6,3.0,24 7 2017-10-01_2017-12-31 LTBAvgDayHearingOrder Q3 2017-18.xlsx
2017_2018_Q3,2017-18 Q3,Q,T5,T5,13.482758620689655,24 7 2017-10-01_2017-12-31 LTBAvgDayHearingOrder Q3 2017-18.xlsx
2017_2018_Q3,2017-18 Q3,Q,T6,T6,19.483333333333334,24 7 2017-10-01_2017-12-31 LTBAvgDayHearingOrder Q3 2017-18.xlsx
2017_2018_Q4,2017-18 Q4,Q,A1_L,A1,6.461538461538462,24 8 2018-01-01_2018-03-31 LTBAvgDayHearingOrder Q4 2017-18.xlsx
2017_2018_Q4,2017-18 Q4,Q,A1_L/A2_L/L2,A1/A2/L2,1.0,24 8 2018-01-01_2018-03-31 LTBAvgDayHearingOrder Q4 2017-18.xlsx
2017_2018_Q4,2017-18 Q4,Q,A1_L/L1/L2,A1/L1/L2,1.0,24 8 2018-01-01_2018-03-31 LTBAvgDayHearingOrder Q4 2017-18.xlsx
2017_2018_Q4,2017-18 Q4,Q,A1_L/L2,A1/L2,1.0,24 8 2018-01-01_2018-03-31 LTBAvgDayHearingOrder Q4 2017-18.xlsx
2017_2018_Q4,2017-18 Q4,Q,A2_L,A2,3.12,24 8 2018-01-01_2018-03-31 LTBAvgDayHearingOrder Q4 2017-18.xlsx
2017_2018_Q4,2017-18 Q4,Q,A2_L/L1,A2/L1,1.0,24 8 2018-01-01_2018-03-31 LTBAvgDayHearingOrder Q4 2017-18.xlsx
2017_2018_Q4,2017-18 Q4,Q,A2_L/L1/L2,A2/L1/L2,4.666666666666667,24 8 2018-01-01_2018-03-31 LTBAvgDayHearingOrder Q4 2017-18.xlsx
2017_2018_Q4,2017-18 Q4,Q,A2_L/L2,A2/L2,2.0,24 8 2018-01-01_2018-03-31 LTBAvgDayHearingOrder Q4 2017-18.xlsx
2017_2018_Q4,2017-18 Q4,Q,A2_L/L3,A2/L3,19.0,24 8 2018-01-01_2018-03-31 LTBAvgDayHearingOrder Q4 2017-18.xlsx
2017_2018_Q4,2017-18 Q4,Q,A4_L,A4,24.958333333333332,24 8 2018-01-01_2018-03-31 LTBAvgDayHearingOrder Q4 2017-18.xlsx
2017_2018_Q4,2017-18 Q4,Q,L1,L1,3.723420818505338,24 8 2018-01-01_2018-03-31 LTBAvgDayHearingOrder Q4 2017-18.xlsx
2017_2018_Q4,2017-18 Q4,Q,L1/L2,L1/L2,4.876006441223833,24 8 2018-01-01_2018-03-31 LTBAvgDayHearingOrder Q4 2017-18.xlsx
2017_2018_Q4,2017-18 Q4,Q,L1/L2/L3,L1/L2/L3,1.75,24 8 2018-01-01_2018-03-31 LTBAvgDayHearingOrder Q4 2017-18.xlsx
2017_2018_Q4,2017-18 Q4,Q,L1/L2/L8,L1/L2/L8,4.666666666666667,24 8 2018-01-01_2018-03-31 LTBAvgDayHearingOrder Q4 2017-18.xlsx
2017_2018_Q4,2017-18 Q4,Q,L1/L3,L1/L3,5.909090909090909,24 8 2018-01-01_2018-03-31 LTBAvgDayHearingOrder Q4 2017-18.xlsx
2017_2018_Q4,2017-18 Q4,Q,L1/L8,L1/L8,12.5,24 8 2018-01-01_2018-03-31 LTBAvgDayHearingOrder Q4 2017-18.xlsx
2017_2018_Q4,2017-18 Q4,Q,L2,L2,5.802145411203814,24 8 2018-01-01_2018-03-31 LTBAvgDayHearingOrder Q4 2017-18.xlsx
2017_2018_Q4,2017-18 Q4,Q,L2/L3,L2/L3,8.333333333333334,24 8 2018-01-01_2018-03-31 LTBAvgDayHearingOrder Q4 2017-18.xlsx
2017_2018_Q4,2017-18 Q4,Q,L2/L3/L9,L2/L3/L9,4.0,24 8 2018-01-01_2018-03-31 LTBAvgDayHearingOrder Q4 2017-18.xlsx
2017_2018_Q4,2017-18 Q4,Q,L2/L8,L2/L8,5.333333333333333,24 8 2018-01-01_2018-03-31 LTBAvgDayHearingOrder Q4 2017-18.xlsx
2017_2018_Q4,2017-18 Q4,Q,L2/L8/L9,L2/L8/L9,7.0,24 8 2018-01-01_2018-03-31 LTBAvgDayHearingOrder Q4 2017-18.xlsx
2017_2018_Q4,2017-18 Q4,Q,L2/L9,L2/L9,5.976744186046512,24 8 2018-01-01_2018-03-31 LTBAvgDayHearingOrder Q4 2017-18.xlsx
2017_2018_Q4,2017-18 Q4,Q,L3,L3,4.443298969072165,24 8 2018-01-01_2018-03-31 LTBAvgDayHearingOrder Q4 2017-18.xlsx
2017_2018_Q4,2017-18 Q4,Q,L3/L9,L3/L9,4.0,24 8 2018-01-01_2018-03-31 LTBAvgDayHearingOrder Q4 2017-18.xlsx
2017_2018_Q4,2017-18 Q4,Q,L4,L4,4.747330960854092,24 8 2018-01-01_2018-03-31 LTBAvgDayHearingOrder Q4 2017-18.xlsx
2017_2018_Q4,2017-18 Q4,Q,L5,L5,29.25,24 8 2018-01-01_2018-03-31 LTBAvgDayHearingOrder Q4 2017-18.xlsx
2017_2018_Q4,2017-18 Q4,Q,L8,L8,3.3333333333333335,24 8 2018-01-01_2018-03-31 LTBAvgDayHearingOrder Q4 2017-18.xlsx
2017_2018_Q4,2017-18 Q4,Q,L9,L9,3.950892857142857,24 8 2018-01-01_2018-03-31 LTBAvgDayHearingOrder Q4 2017-18.xlsx
2017_2018_Q4,2017-18 Q4,Q,A1_T,A1,4.357142857142857,24 8 2018-01-01_2018-03-31 LTBAvgDayHearingOrder Q4 2017-18.xlsx
2017_2018_Q4,2017-18 Q4,Q,A1_T/T2,A1/T2,10.0,24 8 2018-01-01_2018-03-31 LTBAvgDayHearingOrder Q4 2017-18.xlsx
2017_2018_Q4,2017-18 Q4,Q,A2_T,A2,20.5,24 8 2018-01-01_2018-03-31 LTBAvgDayHearingOrder Q4 2017-18.xlsx
2017_2018_Q4,2017-18 Q4,Q,A2_T/T1,A2/T1,12.0,24 8 2018-01-01_2018-03-31 LTBAvgDayHearingOrder Q4 2017-18.xlsx
2017_2018_Q4,2017-18 Q4,Q,A2_T/T2/T6,A2/T2/T6,18.0,24 8 2018-01-01_2018-03-31 LTBAvgDayHearingOrder Q4 2017-18.xlsx
2017_2018_Q4,2017-18 Q4,Q,T1,T1,10.652542372881356,24 8 2018-01-01_2018-03-31 LTBAvgDayHearingOrder Q4 2017-18.xlsx
2017_2018_Q4,2017-18 Q4,Q,T1/T2,T1/T2,11.823529411764707,24 8 2018-01-01_2018-03-31 LTBAvgDayHearingOrder Q4 2017-18.xlsx
2017_2018_Q4,2017-18 Q4,Q,T1/T2/T3,T1/T2/T3,37.0,24 8 2018-01-01_2018-03-31 LTBAvgDayHearingOrder Q4 2017-18.xlsx
2017_2018_Q4,2017-18 Q4,Q,T1/T2/T3/T5,T1/T2/T3/T5,35.0,24 8 2018-01-01_2018-03-31 LTBAvgDayHearingOrder Q4 2017-18.xlsx
2017_2018_Q4,2017-18 Q4,Q,T1/T2/T3/T6,T1/T2/T3/T6,4.333333333333333,24 8 2018-01-01_2018-03-31 LTBAvgDayHearingOrder Q4 2017-18.xlsx
2017_2018_Q4,2017-18 Q4,Q,T1/T2/T5,T1/T2/T5,2.0,24 8 2018-01-01_2018-03-31 LTBAvgDayHearingOrder Q4 2017-18.xlsx
2017_2018_Q4,2017-18 Q4,Q,T1/T2/T6,T1/T2/T6,26.125,24 8 2018-01-01_2018-03-31 LTBAvgDayHearingOrder Q4 2017-18.xlsx
2017_2018_Q4,2017-18 Q4,Q,T1/T3,T1/T3,40.0,24 8 2018-01-01_2018-03-31 LTBAvgDayHearingOrder Q4 2017-18.xlsx
2017_2018_Q4,2017-18 Q4,Q,T1/T3/T6,T1/T3/T6,9.0,24 8 2018-01-01_2018-03-31 LTBAvgDayHearingOrder Q4 2017-18.xlsx
2017_2018_Q4,2017-18 Q4,Q,T1/T5,T1/T5,5.833333333333333,24 8 2018-01-01_2018-03-31 LTBAvgDayHearingOrder Q4 2017-18.xlsx
2017_2018_Q4,2017-18 Q4,Q,T1/T6,T1/T6,6.888888888888889,24 8 2018-01-01_2018-03-31 LTBAvgDayHearingOrder Q4 2017-18.xlsx
2017_2018_Q4,2017-18 Q4,Q,T2,T2,11.849489795918368,24 8 2018-01-01_2018-03-31 LTBAvgDayHearingOrder Q4 2017-18.xlsx
2017_2018_Q4,2017-18 Q4,Q,T2/T3,T2/T3,11.166666666666666,24 8 2018-01-01_2018-03-31 LTBAvgDayHearingOrder Q4 2017-18.xlsx
2017_2018_Q4,2017-18 Q4,Q,T2/T3/T4/T5/T6,T2/T3/T4/T5/T6,1.0,24 8 2018-01-01_2018-03-31 LTBAvgDayHearingOrder Q4 2017-18.xlsx
2017_2018_Q4,2017-18 Q4,Q,T2/T3/T6,T2/T3/T6,6.1,24 8 2018-01-01_2018-03-31 LTBAvgDayHearingOrder Q4 2017-18.xlsx
2017_2018_Q4,2017-18 Q4,Q,T2/T5,T2/T5,6.0,24 8 2018-01-01_2018-03-31 LTBAvgDayHearingOrder Q4 2017-18.xlsx
2017_2018_Q4,2017-18 Q4,Q,T2/T5/T6,T2/T5/T6,2.5,24 8 2018-01-01_2018-03-31 LTBAvgDayHearingOrder Q4 2017-18.xlsx
2017_2018_Q4,2017-18 Q4,Q,T2/T6,T2/T6,17.80473372781065,24 8 2018-01-01_2018-03-31 LTBAvgDayHearingOrder Q4 2017-18.xlsx
2017_2018_Q4,2017-18 Q4,Q,T3,T3,9.0,24 8 2018-01-01_2018-03-31 LTBAvgDayHearingOrder Q4 2017-18.xlsx
2017_2018_Q4,2017-18 Q4,Q,T5,T5,8.534883720930232,24 8 2018-01-01_2018-03-31 LTBAvgDayHearingOrder Q4 2017-18.xlsx
2017_2018_Q4,2017-18 Q4,Q,T5/T6,T5/T6,4.0,24 8 2018-01-01_2018-03-31 LTBAvgDayHearingOrder Q4 2017-18.xlsx
2017_2018_Q4,2017-18 Q4,Q,T6,T6,11.831460674157304,24 8 2018-01-01_2018-03-31 LTBAvgDayHearingOrder Q4 2017-18.xlsx
2018_2019_Q2,2018-19 Q2,Q,A1_L,A1,8.85,24 9 2018-07-01_2018-09-30 LTBAvgDayHearingOrder Q2 2018-19.xlsx
2018_2019_Q2,2018-19 Q2,Q,A1_L/L2,A1/L2,21.0,24 9 2018-07-01_2018-09-30 LTBAvgDayHearingOrder Q2 2018-19.xlsx
2018_2019_Q2,2018-19 Q2,Q,A2_L,A2,6.1454545454545455,24 9 2018-07-01_2018-09-30 LTBAvgDayHearingOrder Q2 2018-19.xlsx
2018_2019_Q2,2018-19 Q2,Q,A2_L/L1/L2/L3,A2/L1/L2/L3,3.0,24 9 2018-07-01_2018-09-30 LTBAvgDayHearingOrder Q2 2018-19.xlsx
2018_2019_Q2,2018-19 Q2,Q,A2_L/L2,A2/L2,1.6666666666666667,24 9 2018-07-01_2018-09-30 LTBAvgDayHearingOrder Q2 2018-19.xlsx
2018_2019_Q2,2018-19 Q2,Q,A4_L,A4,37.6,24 9 2018-07-01_2018-09-30 LTBAvgDayHearingOrder Q2 2018-19.xlsx
2018_2019_Q2,2018-19 Q2,Q,L1,L1,4.224790204980052,24 9 2018-07-01_2018-09-30 LTBAvgDayHearingOrder Q2 2018-19.xlsx
2018_2019_Q2,2018-19 Q2,Q,L1/L2,L1/L2,5.265,24 9 2018-07-01_2018-09-30 LTBAvgDayHearingOrder Q2 2018-19.xlsx
2018_2019_Q2,2018-19 Q2,Q,L1/L2/L3,L1/L2/L3,1.5,24 9 2018-07-01_2018-09-30 LTBAvgDayHearingOrder Q2 2018-19.xlsx
2018_2019_Q2,2018-19 Q2,Q,L1/L2/L8,L1/L2/L8,7.0,24 9 2018-07-01_2018-09-30 LTBAvgDayHearingOrder Q2 2018-19.xlsx
2018_2019_Q2,2018-19 Q2,Q,L1/L2/L9,L1/L2/L9,2.0,24 9 2018-07-01_2018-09-30 LTBAvgDayHearingOrder Q2 2018-19.xlsx
2018_2019_Q2,2018-19 Q2,Q,L1/L3,L1/L3,5.384615384615385,24 9 2018-07-01_2018-09-30 LTBAvgDayHearingOrder Q2 2018-19.xlsx
2018_2019_Q2,2018-19 Q2,Q,L1/L8,L1/L8,8.333333333333334,24 9 2018-07-01_2018-09-30 LTBAvgDayHearingOrder Q2 2018-19.xlsx
2018_2019_Q2,2018-19 Q2,Q,L2,L2,7.032048072108163,24 9 2018-07-01_2018-09-30 LTBAvgDayHearingOrder Q2 2018-19.xlsx
2018_2019_Q2,2018-19 Q2,Q,L2/L3,L2/L3,3.4,24 9 2018-07-01_2018-09-30 LTBAvgDayHearingOrder Q2 2018-19.xlsx
2018_2019_Q2,2018-19 Q2,Q,L2/L3/L9,L2/L3/L9,3.0,24 9 2018-07-01_2018-09-30 LTBAvgDayHearingOrder Q2 2018-19.xlsx
2018_2019_Q2,2018-19 Q2,Q,L2/L6,L2/L6,1.0,24 9 2018-07-01_2018-09-30 LTBAvgDayHearingOrder Q2 2018-19.xlsx
2018_2019_Q2,2018-19 Q2,Q,L2/L8,L2/L8,8.0,24 9 2018-07-01_2018-09-30 LTBAvgDayHearingOrder Q2 2018-19.xlsx
2018_2019_Q2,2018-19 Q2,Q,L2/L8/L9,L2/L8/L9,6.333333333333333,24 9 2018-07-01_2018-09-30 LTBAvgDayHearingOrder Q2 2018-19.xlsx
2018_2019_Q2,2018-19 Q2,Q,L2/L9,L2/L9,7.703703703703703,24 9 2018-07-01_2018-09-30 LTBAvgDayHearingOrder Q2 2018-19.xlsx
2018_2019_Q2,2018-19 Q2,Q,L3,L3,5.98,24 9 2018-07-01_2018-09-30 LTBAvgDayHearingOrder Q2 2018-19.xlsx
2018_2019_Q2,2018-19 Q2,Q,L3/L9,L3/L9,5.384615384615385,24 9 2018-07-01_2018-09-30 LTBAvgDayHearingOrder Q2 2018-19.xlsx
2018_2019_Q2,2018-19 Q2,Q,L4,L4,4.937262357414449,24 9 2018-07-01_2018-09-30 LTBAvgDayHearingOrder Q2 2018-19.xlsx
2018_2019_Q2,2018-19 Q2,Q,L5,L5,24.394495412844037,24 9 2018-07-01_2018-09-30 LTBAvgDayHearingOrder Q2 2018-19.xlsx
2018_2019_Q2,2018-19 Q2,Q,L8,L8,3.0,24 9 2018-07-01_2018-09-30 LTBAvgDayHearingOrder Q2 2018-19.xlsx
2018_2019_Q2,2018-19 Q2,Q,L9,L9,5.356223175965665,24 9 2018-07-01_2018-09-30 LTBAvgDayHearingOrder Q2 2018-19.xlsx
2018_2019_Q2,2018-19 Q2,Q,A1_T,A1,15.181818181818182,24 9 2018-07-01_2018-09-30 LTBAvgDayHearingOrder Q2 2018-19.xlsx
2018_2019_Q2,2018-19 Q2,Q,A1_T/T1,A1/T1,2.0,24 9 2018-07-01_2018-09-30 LTBAvgDayHearingOrder Q2 2018-19.xlsx
2018_2019_Q2,2018-19 Q2,Q,A1_T/T2,A1/T2,4.666666666666667,24 9 2018-07-01_2018-09-30 LTBAvgDayHearingOrder Q2 2018-19.xlsx
2018_2019_Q2,2018-19 Q2,Q,A2_T,A2,1.2,24 9 2018-07-01_2018-09-30 LTBAvgDayHearingOrder Q2 2018-19.xlsx
2018_2019_Q2,2018-19 Q2,Q,A2_T/T1,A2/T1,1.0,24 9 2018-07-01_2018-09-30 LTBAvgDayHearingOrder Q2 2018-19.xlsx
2018_2019_Q2,2018-19 Q2,Q,A2_T/T1/T2,A2/T1/T2,25.0,24 9 2018-07-01_2018-09-30 LTBAvgDayHearingOrder Q2 2018-19.xlsx
2018_2019_Q2,2018-19 Q2,Q,A2_T/T2,A2/T2,15.0,24 9 2018-07-01_2018-09-30 LTBAvgDayHearingOrder Q2 2018-19.xlsx
2018_2019_Q2,2018-19 Q2,Q,T1,T1,7.016949152542373,24 9 2018-07-01_2018-09-30 LTBAvgDayHearingOrder Q2 2018-19.xlsx
2018_2019_Q2,2018-19 Q2,Q,T1/T2,T1/T2,12.64864864864865,24 9 2018-07-01_2018-09-30 LTBAvgDayHearingOrder Q2 2018-19.xlsx
2018_2019_Q2,2018-19 Q2,Q,T1/T2/T3,T1/T2/T3,39.0,24 9 2018-07-01_2018-09-30 LTBAvgDayHearingOrder Q2 2018-19.xlsx
2018_2019_Q2,2018-19 Q2,Q,T1/T2/T3/T6,T1/T2/T3/T6,21.0,24 9 2018-07-01_2018-09-30 LTBAvgDayHearingOrder Q2 2018-19.xlsx
2018_2019_Q2,2018-19 Q2,Q,T1/T2/T5,T1/T2/T5,9.5,24 9 2018-07-01_2018-09-30 LTBAvgDayHearingOrder Q2 2018-19.xlsx
2018_2019_Q2,2018-19 Q2,Q,T1/T2/T5/T6,T1/T2/T5/T6,1.0,24 9 2018-07-01_2018-09-30 LTBAvgDayHearingOrder Q2 2018-19.xlsx
2018_2019_Q2,2018-19 Q2,Q,T1/T2/T6,T1/T2/T6,8.264705882352942,24 9 2018-07-01_2018-09-30 LTBAvgDayHearingOrder Q2 2018-19.xlsx
2018_2019_Q2,2018-19 Q2,Q,T1/T3,T1/T3,27.0,24 9 2018-07-01_2018-09-30 LTBAvgDayHearingOrder Q2 2018-19.xlsx
2018_2019_Q2,2018-19 Q2,Q,T1/T3/T5/T7,T1/T3/T5/T7,9.0,24 9 2018-07-01_2018-09-30 LTBAvgDayHearingOrder Q2 2018-19.xlsx
2018_2019_Q2,2018-19 Q2,Q,T1/T5,T1/T5,2.0,24 9 2018-07-01_2018-09-30 LTBAvgDayHearingOrder Q2 2018-19.xlsx
2018_2019_Q2,2018-19 Q2,Q,T1/T6,T1/T6,18.2,24 9 2018-07-01_2018-09-30 LTBAvgDayHearingOrder Q2 2018-19.xlsx
2018_2019_Q2,2018-19 Q2,Q,T2,T2,10.845771144278608,24 9 2018-07-01_2018-09-30 LTBAvgDayHearingOrder Q2 2018-19.xlsx
2018_2019_Q2,2018-19 Q2,Q,T2/T3,T2/T3,11.0,24 9 2018-07-01_2018-09-30 LTBAvgDayHearingOrder Q2 2018-19.xlsx
2018_2019_Q2,2018-19 Q2,Q,T2/T3/T6,T2/T3/T6,15.6,24 9 2018-07-01_2018-09-30 LTBAvgDayHearingOrder Q2 2018-19.xlsx
2018_2019_Q2,2018-19 Q2,Q,T2/T5,T2/T5,16.166666666666668,24 9 2018-07-01_2018-09-30 LTBAvgDayHearingOrder Q2 2018-19.xlsx
2018_2019_Q2,2018-19 Q2,Q,T2/T5/T6,T2/T5/T6,2.0,24 9 2018-07-01_2018-09-30 LTBAvgDayHearingOrder Q2 2018-19.xlsx
2018_2019_Q2,2018-19 Q2,Q,T2/T6,T2/T6,14.221518987341772,24 9 2018-07-01_2018-09-30 LTBAvgDayHearingOrder Q2 2018-19.xlsx
2018_2019_Q2,2018-19 Q2,Q,T3,T3,7.857142857142857,24 9 2018-07-01_2018-09-30 LTBAvgDayHearingOrder Q2 2018-19.xlsx
2018_2019_Q2,2018-19 Q2,Q,T3/T6,T3/T6,21.5,24 9 2018-07-01_2018-09-30 LTBAvgDayHearingOrder Q2 2018-19.xlsx
2018_2019_Q2,2018-19 Q2,Q,T5,T5,10.042553191489361,24 9 2018-07-01_2018-09-30 LTBAvgDayHearingOrder Q2 2018-19.xlsx
2018_2019_Q2,2018-19 Q2,Q,T6,T6,10.528888888888888,24 9 2018-07-01_2018-09-30 LTBAvgDayHearingOrder Q2 2018-19.xlsx
2018_2019_Q3,2018-19 Q3,Q,A1_L,A1,11.0,24 10 2018-10-01_2018-12-31 LTBAvgDayHearingOrder Q3 2018-19.xlsx
2018_2019_Q3,2018-19 Q3,Q,A1_L/L2,A1/L2,11.0,24 10 2018-10-01_2018-12-31 LTBAvgDayHearingOrder Q3 2018-19.xlsx
2018_2019_Q3,2018-19 Q3,Q,A1_L/L3,A1/L3,4.0,24 10 2018-10-01_2018-12-31 LTBAvgDayHearingOrder Q3 2018-19.xlsx
2018_2019_Q3,2018-19 Q3,Q,A2_L,A2,10.491803278688524,24 10 2018-10-01_2018-12-31 LTBAvgDayHearingOrder Q3 2018-19.xlsx
2018_2019_Q3,2018-19 Q3,Q,A2_L/L1,A2/L1,8.5,24 10 2018-10-01_2018-12-31 LTBAvgDayHearingOrder Q3 2018-19.xlsx
2018_2019_Q3,2018-19 Q3,Q,A2_L/L1/L2,A2/L1/L2,1.0,24 10 2018-10-01_2018-12-31 LTBAvgDayHearingOrder Q3 2018-19.xlsx
2018_2019_Q3,2018-19 Q3,Q,A2_L/L2,A2/L2,17.5,24 10 2018-10-01_2018-12-31 LTBAvgDayHearingOrder Q3 2018-19.xlsx
2018_2019_Q3,2018-19 Q3,Q,A2_L/L3,A2/L3,15.0,24 10 2018-10-01_2018-12-31 LTBAvgDayHearingOrder Q3 2018-19.xlsx
2018_2019_Q3,2018-19 Q3,Q,A4_L,A4,40.41860465116279,24 10 2018-10-01_2018-12-31 LTBAvgDayHearingOrder Q3 2018-19.xlsx
2018_2019_Q3,2018-19 Q3,Q,L1,L1,4.973124592302675,24 10 2018-10-01_2018-12-31 LTBAvgDayHearingOrder Q3 2018-19.xlsx
2018_2019_Q3,2018-19 Q3,Q,L1/L2,L1/L2,6.188383045525903,24 10 2018-10-01_2018-12-31 LTBAvgDayHearingOrder Q3 2018-19.xlsx
2018_2019_Q3,2018-19 Q3,Q,L1/L2/L3,L1/L2/L3,9.666666666666666,24 10 2018-10-01_2018-12-31 LTBAvgDayHearingOrder Q3 2018-19.xlsx
2018_2019_Q3,2018-19 Q3,Q,L1/L2/L8,L1/L2/L8,16.0,24 10 2018-10-01_2018-12-31 LTBAvgDayHearingOrder Q3 2018-19.xlsx
2018_2019_Q3,2018-19 Q3,Q,L1/L2/L9,L1/L2/L9,15.0,24 10 2018-10-01_2018-12-31 LTBAvgDayHearingOrder Q3 2018-19.xlsx
2018_2019_Q3,2018-19 Q3,Q,L1/L3,L1/L3,5.785714285714286,24 10 2018-10-01_2018-12-31 LTBAvgDayHearingOrder Q3 2018-19.xlsx
2018_2019_Q3,2018-19 Q3,Q,L1/L8,L1/L8,6.5,24 10 2018-10-01_2018-12-31 LTBAvgDayHearingOrder Q3 2018-19.xlsx
2018_2019_Q3,2018-19 Q3,Q,L2,L2,7.893926056338028,24 10 2018-10-01_2018-12-31 LTBAvgDayHearingOrder Q3 2018-19.xlsx
2018_2019_Q3,2018-19 Q3,Q,L2/L3,L2/L3,6.4,24 10 2018-10-01_2018-12-31 LTBAvgDayHearingOrder Q3 2018-19.xlsx
2018_2019_Q3,2018-19 Q3,Q,L2/L3/L8/L9,L2/L3/L8/L9,13.0,24 10 2018-10-01_2018-12-31 LTBAvgDayHearingOrder Q3 2018-19.xlsx
2018_2019_Q3,2018-19 Q3,Q,L2/L3/L9,L2/L3/L9,68.0,24 10 2018-10-01_2018-12-31 LTBAvgDayHearingOrder Q3 2018-19.xlsx
2018_2019_Q3,2018-19 Q3,Q,L2/L8,L2/L8,22.0,24 10 2018-10-01_2018-12-31 LTBAvgDayHearingOrder Q3 2018-19.xlsx
2018_2019_Q3,2018-19 Q3,Q,L2/L8/L9,L2/L8/L9,1.0,24 10 2018-10-01_2018-12-31 LTBAvgDayHearingOrder Q3 2018-19.xlsx
2018_2019_Q3,2018-19 Q3,Q,L2/L9,L2/L9,6.45,24 10 2018-10-01_2018-12-31 LTBAvgDayHearingOrder Q3 2018-19.xlsx
2018_2019_Q3,2018-19 Q3,Q,L3,L3,5.854166666666667,24 10 2018-10-01_2018-12-31 LTBAvgDayHearingOrder Q3 2018-19.xlsx
2018_2019_Q3,2018-19 Q3,Q,L3/L9,L3/L9,5.916666666666667,24 10 2018-10-01_2018-12-31 LTBAvgDayHearingOrder Q3 2018-19.xlsx
2018_2019_Q3,2018-19 Q3,Q,L4,L4,6.216494845360825,24 10 2018-10-01_2018-12-31 LTBAvgDayHearingOrder Q3 2018-19.xlsx
2018_2019_Q3,2018-19 Q3,Q,L5,L5,37.65562913907285,24 10 2018-10-01_2018-12-31 LTBAvgDayHearingOrder Q3 2018-19.xlsx
2018_2019_Q3,2018-19 Q3,Q,L8,L8,4.285714285714286,24 10 2018-10-01_2018-12-31 LTBAvgDayHearingOrder Q3 2018-19.xlsx
2018_2019_Q3,2018-19 Q3,Q,L9,L9,5.914798206278027,24 10 2018-10-01_2018-12-31 LTBAvgDayHearingOrder Q3 2018-19.xlsx
2018_2019_Q3,2018-19 Q3,Q,A1_T,A1,4.166666666666667,24 10 2018-10-01_2018-12-31 LTBAvgDayHearingOrder Q3 2018-19.xlsx
2018_2019_Q3,2018-19 Q3,Q,A1_T/A2_T,A1/A2,3.0,24 10 2018-10-01_2018-12-31 LTBAvgDayHearingOrder Q3 2018-19.xlsx
2018_2019_Q3,2018-19 Q3,Q,A1_T/T1/T2,A1/T1/T2,1.0,24 10 2018-10-01_2018-12-31 LTBAvgDayHearingOrder Q3 2018-19.xlsx
2018_2019_Q3,2018-19 Q3,Q,A1_T/T2,A1/T2,17.0,24 10 2018-10-01_2018-12-31 LTBAvgDayHearingOrder Q3 2018-19.xlsx
2018_2019_Q3,2018-19 Q3,Q,A1_T/T2/T6,A1/T2/T6,3.0,24 10 2018-10-01_2018-12-31 LTBAvgDayHearingOrder Q3 2018-19.xlsx
2018_2019_Q3,2018-19 Q3,Q,A2_T,A2,3.7777777777777777,24 10 2018-10-01_2018-12-31 LTBAvgDayHearingOrder Q3 2018-19.xlsx
2018_2019_Q3,2018-19 Q3,Q,A2_T/T1,A2/T1,10.0,24 10 2018-10-01_2018-12-31 LTBAvgDayHearingOrder Q3 2018-19.xlsx
2018_2019_Q3,2018-19 Q3,Q,A2_T/T1/T2,A2/T1/T2,16.5,24 10 2018-10-01_2018-12-31 LTBAvgDayHearingOrder Q3 2018-19.xlsx
2018_2019_Q3,2018-19 Q3,Q,A2_T/T2,A2/T2,19.666666666666668,24 10 2018-10-01_2018-12-31 LTBAvgDayHearingOrder Q3 2018-19.xlsx
2018_2019_Q3,2018-19 Q3,Q,T1,T1,10.715384615384615,24 10 2018-10-01_2018-12-31 LTBAvgDayHearingOrder Q3 2018-19.xlsx
2018_2019_Q3,2018-19 Q3,Q,T1/T2,T1/T2,28.387096774193548,24 10 2018-10-01_2018-12-31 LTBAvgDayHearingOrder Q3 2018-19.xlsx
2018_2019_Q3,2018-19 Q3,Q,T1/T2/T3,T1/T2/T3,3.0,24 10 2018-10-01_2018-12-31 LTBAvgDayHearingOrder Q3 2018-19.xlsx
2018_2019_Q3,2018-19 Q3,Q,T1/T2/T3/T6,T1/T2/T3/T6,3.5,24 10 2018-10-01_2018-12-31 LTBAvgDayHearingOrder Q3 2018-19.xlsx
2018_2019_Q3,2018-19 Q3,Q,T1/T2/T5,T1/T2/T5,2.5,24 10 2018-10-01_2018-12-31 LTBAvgDayHearingOrder Q3 2018-19.xlsx
2018_2019_Q3,2018-19 Q3,Q,T1/T2/T5/T6,T1/T2/T5/T6,13.5,24 10 2018-10-01_2018-12-31 LTBAvgDayHearingOrder Q3 2018-19.xlsx
2018_2019_Q3,2018-19 Q3,Q,T1/T2/T6,T1/T2/T6,7.0,24 10 2018-10-01_2018-12-31 LTBAvgDayHearingOrder Q3 2018-19.xlsx
2018_2019_Q3,2018-19 Q3,Q,T1/T2/T7,T1/T2/T7,2.0,24 10 2018-10-01_2018-12-31 LTBAvgDayHearingOrder Q3 2018-19.xlsx
2018_2019_Q3,2018-19 Q3,Q,T1/T3/T5,T1/T3/T5,5.0,24 10 2018-10-01_2018-12-31 LTBAvgDayHearingOrder Q3 2018-19.xlsx
2018_2019_Q3,2018-19 Q3,Q,T1/T5,T1/T5,53.25,24 10 2018-10-01_2018-12-31 LTBAvgDayHearingOrder Q3 2018-19.xlsx
2018_2019_Q3,2018-19 Q3,Q,T1/T5/T6,T1/T5/T6,11.0,24 10 2018-10-01_2018-12-31 LTBAvgDayHearingOrder Q3 2018-19.xlsx
2018_2019_Q3,2018-19 Q3,Q,T1/T6,T1/T6,3.0,24 10 2018-10-01_2018-12-31 LTBAvgDayHearingOrder Q3 2018-19.xlsx
2018_2019_Q3,2018-19 Q3,Q,T2,T2,14.1925,24 10 2018-10-01_2018-12-31 LTBAvgDayHearingOrder Q3 2018-19.xlsx
2018_2019_Q3,2018-19 Q3,Q,T2/T3,T2/T3,3.2,24 10 2018-10-01_2018-12-31 LTBAvgDayHearingOrder Q3 2018-19.xlsx
2018_2019_Q3,2018-19 Q3,Q,T2/T3/T6,T2/T3/T6,22.416666666666668,24 10 2018-10-01_2018-12-31 LTBAvgDayHearingOrder Q3 2018-19.xlsx
2018_2019_Q3,2018-19 Q3,Q,T2/T4/T6,T2/T4/T6,14.0,24 10 2018-10-01_2018-12-31 LTBAvgDayHearingOrder Q3 2018-19.xlsx
2018_2019_Q3,2018-19 Q3,Q,T2/T5,T2/T5,16.0,24 10 2018-10-01_2018-12-31 LTBAvgDayHearingOrder Q3 2018-19.xlsx
2018_2019_Q3,2018-19 Q3,Q,T2/T5/T6,T2/T5/T6,22.0,24 10 2018-10-01_2018-12-31 LTBAvgDayHearingOrder Q3 2018-19.xlsx
2018_2019_Q3,2018-19 Q3,Q,T2/T6,T2/T6,17.926966292134832,24 10 2018-10-01_2018-12-31 LTBAvgDayHearingOrder Q3 2018-19.xlsx
2018_2019_Q3,2018-19 Q3,Q,T3,T3,16.5,24 10 2018-10-01_2018-12-31 LTBAvgDayHearingOrder Q3 2018-19.xlsx
2018_2019_Q3,2018-19 Q3,Q,T3/T6,T3/T6,15.75,24 10 2018-10-01_2018-12-31 LTBAvgDayHearingOrder Q3 2018-19.xlsx
2018_2019_Q3,2018-19 Q3,Q,T5,T5,18.6,24 10 2018-10-01_2018-12-31 LTBAvgDayHearingOrder Q3 2018-19.xlsx
2018_2019_Q3,2018-19 Q3,Q,T5/T6,T5/T6,3.5,24 10 2018-10-01_2018-12-31 LTBAvgDayHearingOrder Q3 2018-19.xlsx
2018_2019_Q3,2018-19 Q3,Q,T6,T6,11.248091603053435,24 10 2018-10-01_2018-12-31 LTBAvgDayHearingOrder Q3 2018-19.xlsx
2018_2019_Q3,2018-19 Q3,Q,T6/T7,T6/T7,6.0,24 10 2018-10-01_2018-12-31 LTBAvgDayHearingOrder Q3 2018-19.xlsx
2018_2019_Q3,2018-19 Q3,Q,T7,T7,6.0,24 10 2018-10-01_2018-12-31 LTBAvgDayHearingOrder Q3 2018-19.xlsx
2018_2019_Q4,2018-19 Q4,Q,A1_L,A1,7.842105263157895,24 13 2019-01-01_2019-03-31 LTBAvgDayHearingOrder Q4 2018-2019.xlsx
2018_2019_Q4,2018-19 Q4,Q,A1_L/L1,A1/L1,6.0,24 13 2019-01-01_2019-03-31 LTBAvgDayHearingOrder Q4 2018-2019.xlsx
2018_2019_Q4,2018-19 Q4,Q,A2_L,A2,7.984615384615385,24 13 2019-01-01_2019-03-31 LTBAvgDayHearingOrder Q4 2018-2019.xlsx
2018_2019_Q4,2018-19 Q4,Q,A2_L/L1,A2/L1,1.0,24 13 2019-01-01_2019-03-31 LTBAvgDayHearingOrder Q4 2018-2019.xlsx
2018_2019_Q4,2018-19 Q4,Q,A2_L/L1/L2,A2/L1/L2,12.0,24 13 2019-01-01_2019-03-31 LTBAvgDayHearingOrder Q4 2018-2019.xlsx
2018_2019_Q4,2018-19 Q4,Q,A2_L/L2,A2/L2,2.0,24 13 2019-01-01_2019-03-31 LTBAvgDayHearingOrder Q4 2018-2019.xlsx
2018_2019_Q4,2018-19 Q4,Q,A4_L,A4,50.71212121212121,24 13 2019-01-01_2019-03-31 LTBAvgDayHearingOrder Q4 2018-2019.xlsx
2018_2019_Q4,2018-19 Q4,Q,L1,L1,4.72471416007036,24 13 2019-01-01_2019-03-31 LTBAvgDayHearingOrder Q4 2018-2019.xlsx
2018_2019_Q4,2018-19 Q4,Q,L1/L2,L1/L2,7.584558823529412,24 13 2019-01-01_2019-03-31 LTBAvgDayHearingOrder Q4 2018-2019.xlsx
2018_2019_Q4,2018-19 Q4,Q,L1/L2/L3,L1/L2/L3,1.5,24 13 2019-01-01_2019-03-31 LTBAvgDayHearingOrder Q4 2018-2019.xlsx
2018_2019_Q4,2018-19 Q4,Q,L1/L2/L8,L1/L2/L8,10.166666666666666,24 13 2019-01-01_2019-03-31 LTBAvgDayHearingOrder Q4 2018-2019.xlsx
2018_2019_Q4,2018-19 Q4,Q,L1/L3,L1/L3,10.333333333333334,24 13 2019-01-01_2019-03-31 LTBAvgDayHearingOrder Q4 2018-2019.xlsx
2018_2019_Q4,2018-19 Q4,Q,L1/L8,L1/L8,2.0,24 13 2019-01-01_2019-03-31 LTBAvgDayHearingOrder Q4 2018-2019.xlsx
2018_2019_Q4,2018-19 Q4,Q,L2,L2,7.959641255605381,24 13 2019-01-01_2019-03-31 LTBAvgDayHearingOrder Q4 2018-2019.xlsx
2018_2019_Q4,2018-19 Q4,Q,L2/L3,L2/L3,6.333333333333333,24 13 2019-01-01_2019-03-31 LTBAvgDayHearingOrder Q4 2018-2019.xlsx
2018_2019_Q4,2018-19 Q4,Q,L2/L8,L2/L8,7.0,24 13 2019-01-01_2019-03-31 LTBAvgDayHearingOrder Q4 2018-2019.xlsx
2018_2019_Q4,2018-19 Q4,Q,L2/L9,L2/L9,14.8125,24 13 2019-01-01_2019-03-31 LTBAvgDayHearingOrder Q4 2018-2019.xlsx
2018_2019_Q4,2018-19 Q4,Q,L3,L3,12.531645569620252,24 13 2019-01-01_2019-03-31 LTBAvgDayHearingOrder Q4 2018-2019.xlsx
2018_2019_Q4,2018-19 Q4,Q,L3/L9,L3/L9,9.166666666666666,24 13 2019-01-01_2019-03-31 LTBAvgDayHearingOrder Q4 2018-2019.xlsx
2018_2019_Q4,2018-19 Q4,Q,L4,L4,6.763302752293578,24 13 2019-01-01_2019-03-31 LTBAvgDayHearingOrder Q4 2018-2019.xlsx
2018_2019_Q4,2018-19 Q4,Q,L5,L5,47.968992248062015,24 13 2019-01-01_2019-03-31 LTBAvgDayHearingOrder Q4 2018-2019.xlsx
2018_2019_Q4,2018-19 Q4,Q,L7,L7,37.0,24 13 2019-01-01_2019-03-31 LTBAvgDayHearingOrder Q4 2018-2019.xlsx
2018_2019_Q4,2018-19 Q4,Q,L8,L8,8.0,24 13 2019-01-01_2019-03-31 LTBAvgDayHearingOrder Q4 2018-2019.xlsx
2018_2019_Q4,2018-19 Q4,Q,L9,L9,4.903954802259887,24 13 2019-01-01_2019-03-31 LTBAvgDayHearingOrder Q4 2018-2019.xlsx
2018_2019_Q4,2018-19 Q4,Q,A1_T,A1,15.0,24 13 2019-01-01_2019-03-31 LTBAvgDayHearingOrder Q4 2018-2019.xlsx
2018_2019_Q4,2018-19 Q4,Q,A1_T/A2_T,A1/A2,38.0,24 13 2019-01-01_2019-03-31 LTBAvgDayHearingOrder Q4 2018-2019.xlsx
2018_2019_Q4,2018-19 Q4,Q,A1_T/T2,A1/T2,22.0,24 13 2019-01-01_2019-03-31 LTBAvgDayHearingOrder Q4 2018-2019.xlsx
2018_2019_Q4,2018-19 Q4,Q,A2_T,A2,43.25,24 13 2019-01-01_2019-03-31 LTBAvgDayHearingOrder Q4 2018-2019.xlsx
2018_2019_Q4,2018-19 Q4,Q,T1,T1,12.16793893129771,24 13 2019-01-01_2019-03-31 LTBAvgDayHearingOrder Q4 2018-2019.xlsx
2018_2019_Q4,2018-19 Q4,Q,T1/T2,T1/T2,10.827586206896552,24 13 2019-01-01_2019-03-31 LTBAvgDayHearingOrder Q4 2018-2019.xlsx
2018_2019_Q4,2018-19 Q4,Q,T1/T2/T3,T1/T2/T3,5.5,24 13 2019-01-01_2019-03-31 LTBAvgDayHearingOrder Q4 2018-2019.xlsx
2018_2019_Q4,2018-19 Q4,Q,T1/T2/T3/T6,T1/T2/T3/T6,23.0,24 13 2019-01-01_2019-03-31 LTBAvgDayHearingOrder Q4 2018-2019.xlsx
2018_2019_Q4,2018-19 Q4,Q,T1/T2/T4/T5/T6,T1/T2/T4/T5/T6,3.0,24 13 2019-01-01_2019-03-31 LTBAvgDayHearingOrder Q4 2018-2019.xlsx
2018_2019_Q4,2018-19 Q4,Q,T1/T2/T5,T1/T2/T5,33.0,24 13 2019-01-01_2019-03-31 LTBAvgDayHearingOrder Q4 2018-2019.xlsx
2018_2019_Q4,2018-19 Q4,Q,T1/T2/T6,T1/T2/T6,16.428571428571427,24 13 2019-01-01_2019-03-31 LTBAvgDayHearingOrder Q4 2018-2019.xlsx
2018_2019_Q4,2018-19 Q4,Q,T1/T2/T6/T7,T1/T2/T6/T7,14.0,24 13 2019-01-01_2019-03-31 LTBAvgDayHearingOrder Q4 2018-2019.xlsx
2018_2019_Q4,2018-19 Q4,Q,T1/T3,T1/T3,1.0,24 13 2019-01-01_2019-03-31 LTBAvgDayHearingOrder Q4 2018-2019.xlsx
2018_2019_Q4,2018-19 Q4,Q,T1/T5,T1/T5,30.0,24 13 2019-01-01_2019-03-31 LTBAvgDayHearingOrder Q4 2018-2019.xlsx
2018_2019_Q4,2018-19 Q4,Q,T1/T6,T1/T6,10.714285714285714,24 13 2019-01-01_2019-03-31 LTBAvgDayHearingOrder Q4 2018-2019.xlsx
2018_2019_Q4,2018-19 Q4,Q,T2,T2,16.445497630331754,24 13 2019-01-01_2019-03-31 LTBAvgDayHearingOrder Q4 2018-2019.xlsx
2018_2019_Q4,2018-19 Q4,Q,T2/T3,T2/T3,25.5,24 13 2019-01-01_2019-03-31 LTBAvgDayHearingOrder Q4 2018-2019.xlsx
2018_2019_Q4,2018-19 Q4,Q,T2/T3/T6,T2/T3/T6,13.222222222222221,24 13 2019-01-01_2019-03-31 LTBAvgDayHearingOrder Q4 2018-2019.xlsx
2018_2019_Q4,2018-19 Q4,Q,T2/T5,T2/T5,6.0,24 13 2019-01-01_2019-03-31 LTBAvgDayHearingOrder Q4 2018-2019.xlsx
2018_2019_Q4,2018-19 Q4,Q,T2/T5/T6,T2/T5/T6,12.5,24 13 2019-01-01_2019-03-31 LTBAvgDayHearingOrder Q4 2018-2019.xlsx
2018_2019_Q4,2018-19 Q4,Q,T2/T6,T2/T6,17.211267605633804,24 13 2019-01-01_2019-03-31 LTBAvgDayHearingOrder Q4 2018-2019.xlsx
2018_2019_Q4,2018-19 Q4,Q,T2/T6/T7,T2/T6/T7,4.0,24 13 2019-01-01_2019-03-31 LTBAvgDayHearingOrder Q4 2018-2019.xlsx
2018_2019_Q4,2018-19 Q4,Q,T3,T3,38.411764705882355,24 13 2019-01-01_2019-03-31 LTBAvgDayHearingOrder Q4 2018-2019.xlsx
2018_2019_Q4,2018-19 Q4,Q,T3/T6,T3/T6,108.0,24 13 2019-01-01_2019-03-31 LTBAvgDayHearingOrder Q4 2018-2019.xlsx
2018_2019_Q4,2018-19 Q4,Q,T5,T5,16.72222222222222,24 13 2019-01-01_2019-03-31 LTBAvgDayHearingOrder Q4 2018-2019.xlsx
2018_2019_Q4,2018-19 Q4,Q,T6,T6,14.595238095238095,24 13 2019-01-01_2019-03-31 LTBAvgDayHearingOrder Q4 2018-2019.xlsx
2019_2020_Q1,2019-20 Q1,Q,A1_L,A1,13.153846153846153,24 14 2019-04-01_2019-06-30 LTBAvgDayHearingOrder Q1 2019-2020.xlsx
2019_2020_Q1,2019-20 Q1,Q,A2_L,A2,12.579710144927537,24 14 2019-04-01_2019-06-30 LTBAvgDayHearingOrder Q1 2019-2020.xlsx
2019_2020_Q1,2019-20 Q1,Q,A2_L/L1,A2/L1,1.5,24 14 2019-04-01_2019-06-30 LTBAvgDayHearingOrder Q1 2019-2020.xlsx
2019_2020_Q1,2019-20 Q1,Q,A2_L/L1/L2,A2/L1/L2,11.0,24 14 2019-04-01_2019-06-30 LTBAvgDayHearingOrder Q1 2019-2020.xlsx
2019_2020_Q1,2019-20 Q1,Q,A2_L/L2,A2/L2,4.0,24 14 2019-04-01_2019-06-30 LTBAvgDayHearingOrder Q1 2019-2020.xlsx
2019_2020_Q1,2019-20 Q1,Q,A2_L/L2/L8,A2/L2/L8,4.0,24 14 2019-04-01_2019-06-30 LTBAvgDayHearingOrder Q1 2019-2020.xlsx
2019_2020_Q1,2019-20 Q1,Q,A2_L/L3,A2/L3,15.0,24 14 2019-04-01_2019-06-30 LTBAvgDayHearingOrder Q1 2019-2020.xlsx
2019_2020_Q1,2019-20 Q1,Q,A4_L,A4,36.78260869565217,24 14 2019-04-01_2019-06-30 LTBAvgDayHearingOrder Q1 2019-2020.xlsx
2019_2020_Q1,2019-20 Q1,Q,L1,L1,4.278180200787902,24 14 2019-04-01_2019-06-30 LTBAvgDayHearingOrder Q1 2019-2020.xlsx
2019_2020_Q1,2019-20 Q1,Q,L1/L2,L1/L2,7.647619047619048,24 14 2019-04-01_2019-06-30 LTBAvgDayHearingOrder Q1 2019-2020.xlsx
2019_2020_Q1,2019-20 Q1,Q,L1/L2/L3,L1/L2/L3,2.0,24 14 2019-04-01_2019-06-30 LTBAvgDayHearingOrder Q1 2019-2020.xlsx
2019_2020_Q1,2019-20 Q1,Q,L1/L2/L3/L8,L1/L2/L3/L8,6.0,24 14 2019-04-01_2019-06-30 LTBAvgDayHearingOrder Q1 2019-2020.xlsx
2019_2020_Q1,2019-20 Q1,Q,L1/L2/L8,L1/L2/L8,9.75,24 14 2019-04-01_2019-06-30 LTBAvgDayHearingOrder Q1 2019-2020.xlsx
2019_2020_Q1,2019-20 Q1,Q,L1/L3,L1/L3,5.909090909090909,24 14 2019-04-01_2019-06-30 LTBAvgDayHearingOrder Q1 2019-2020.xlsx
2019_2020_Q1,2019-20 Q1,Q,L1/L8,L1/L8,1.0,24 14 2019-04-01_2019-06-30 LTBAvgDayHearingOrder Q1 2019-2020.xlsx
2019_2020_Q1,2019-20 Q1,Q,L2,L2,8.550177619893429,24 14 2019-04-01_2019-06-30 LTBAvgDayHearingOrder Q1 2019-2020.xlsx
2019_2020_Q1,2019-20 Q1,Q,L2/L3,L2/L3,1.75,24 14 2019-04-01_2019-06-30 LTBAvgDayHearingOrder Q1 2019-2020.xlsx
2019_2020_Q1,2019-20 Q1,Q,L2/L8,L2/L8,11.333333333333334,24 14 2019-04-01_2019-06-30 LTBAvgDayHearingOrder Q1 2019-2020.xlsx
2019_2020_Q1,2019-20 Q1,Q,L2/L8/L9,L2/L8/L9,3.0,24 14 2019-04-01_2019-06-30 LTBAvgDayHearingOrder Q1 2019-2020.xlsx
2019_2020_Q1,2019-20 Q1,Q,L2/L9,L2/L9,4.375,24 14 2019-04-01_2019-06-30 LTBAvgDayHearingOrder Q1 2019-2020.xlsx
2019_2020_Q1,2019-20 Q1,Q,L3,L3,6.071428571428571,24 14 2019-04-01_2019-06-30 LTBAvgDayHearingOrder Q1 2019-2020.xlsx
2019_2020_Q1,2019-20 Q1,Q,L3/L9,L3/L9,5.5,24 14 2019-04-01_2019-06-30 LTBAvgDayHearingOrder Q1 2019-2020.xlsx
2019_2020_Q1,2019-20 Q1,Q,L4,L4,7.510396975425331,24 14 2019-04-01_2019-06-30 LTBAvgDayHearingOrder Q1 2019-2020.xlsx
2019_2020_Q1,2019-20 Q1,Q,L5,L5,36.795698924731184,24 14 2019-04-01_2019-06-30 LTBAvgDayHearingOrder Q1 2019-2020.xlsx
2019_2020_Q1,2019-20 Q1,Q,L8,L8,11.25,24 14 2019-04-01_2019-06-30 LTBAvgDayHearingOrder Q1 2019-2020.xlsx
2019_2020_Q1,2019-20 Q1,Q,L8/L9,L8/L9,6.5,24 14 2019-04-01_2019-06-30 LTBAvgDayHearingOrder Q1 2019-2020.xlsx
2019_2020_Q1,2019-20 Q1,Q,L9,L9,4.433333333333334,24 14 2019-04-01_2019-06-30 LTBAvgDayHearingOrder Q1 2019-2020.xlsx
2019_2020_Q1,2019-20 Q1,Q,A1_T,A1,11.305084745762711,24 14 2019-04-01_2019-06-30 LTBAvgDayHearingOrder Q1 2019-2020.xlsx
2019_2020_Q1,2019-20 Q1,Q,A1_T/T1,A1/T1,15.0,24 14 2019-04-01_2019-06-30 LTBAvgDayHearingOrder Q1 2019-2020.xlsx
2019_2020_Q1,2019-20 Q1,Q,A1_T/T2,A1/T2,59.0,24 14 2019-04-01_2019-06-30 LTBAvgDayHearingOrder Q1 2019-2020.xlsx
2019_2020_Q1,2019-20 Q1,Q,A2_T,A2,24.4,24 14 2019-04-01_2019-06-30 LTBAvgDayHearingOrder Q1 2019-2020.xlsx
2019_2020_Q1,2019-20 Q1,Q,A2_T/T1,A2/T1,26.0,24 14 2019-04-01_2019-06-30 LTBAvgDayHearingOrder Q1 2019-2020.xlsx
2019_2020_Q1,2019-20 Q1,Q,T1,T1,11.534351145038167,24 14 2019-04-01_2019-06-30 LTBAvgDayHearingOrder Q1 2019-2020.xlsx
2019_2020_Q1,2019-20 Q1,Q,T1/T2,T1/T2,18.333333333333332,24 14 2019-04-01_2019-06-30 LTBAvgDayHearingOrder Q1 2019-2020.xlsx
2019_2020_Q1,2019-20 Q1,Q,T1/T2/T3,T1/T2/T3,15.0,24 14 2019-04-01_2019-06-30 LTBAvgDayHearingOrder Q1 2019-2020.xlsx
2019_2020_Q1,2019-20 Q1,Q,T1/T2/T3/T4/T6,T1/T2/T3/T4/T6,1.0,24 14 2019-04-01_2019-06-30 LTBAvgDayHearingOrder Q1 2019-2020.xlsx
2019_2020_Q1,2019-20 Q1,Q,T1/T2/T3/T6,T1/T2/T3/T6,6.5,24 14 2019-04-01_2019-06-30 LTBAvgDayHearingOrder Q1 2019-2020.xlsx
2019_2020_Q1,2019-20 Q1,Q,T1/T2/T5,T1/T2/T5,63.0,24 14 2019-04-01_2019-06-30 LTBAvgDayHearingOrder Q1 2019-2020.xlsx
2019_2020_Q1,2019-20 Q1,Q,T1/T2/T5/T6,T1/T2/T5/T6,1.0,24 14 2019-04-01_2019-06-30 LTBAvgDayHearingOrder Q1 2019-2020.xlsx
2019_2020_Q1,2019-20 Q1,Q,T1/T2/T6,T1/T2/T6,16.84,24 14 2019-04-01_2019-06-30 LTBAvgDayHearingOrder Q1 2019-2020.xlsx
2019_2020_Q1,2019-20 Q1,Q,T1/T3,T1/T3,56.0,24 14 2019-04-01_2019-06-30 LTBAvgDayHearingOrder Q1 2019-2020.xlsx
2019_2020_Q1,2019-20 Q1,Q,T1/T3/T5,T1/T3/T5,5.0,24 14 2019-04-01_2019-06-30 LTBAvgDayHearingOrder Q1 2019-2020.xlsx
2019_2020_Q1,2019-20 Q1,Q,T1/T5,T1/T5,9.0,24 14 2019-04-01_2019-06-30 LTBAvgDayHearingOrder Q1 2019-2020.xlsx
2019_2020_Q1,2019-20 Q1,Q,T1/T6,T1/T6,24.5,24 14 2019-04-01_2019-06-30 LTBAvgDayHearingOrder Q1 2019-2020.xlsx
2019_2020_Q1,2019-20 Q1,Q,T2,T2,15.935754189944134,24 14 2019-04-01_2019-06-30 LTBAvgDayHearingOrder Q1 2019-2020.xlsx
2019_2020_Q1,2019-20 Q1,Q,T2/T3,T2/T3,8.666666666666666,24 14 2019-04-01_2019-06-30 LTBAvgDayHearingOrder Q1 2019-2020.xlsx
2019_2020_Q1,2019-20 Q1,Q,T2/T3/T6,T2/T3/T6,9.666666666666666,24 14 2019-04-01_2019-06-30 LTBAvgDayHearingOrder Q1 2019-2020.xlsx
2019_2020_Q1,2019-20 Q1,Q,T2/T5/T6,T2/T5/T6,75.0,24 14 2019-04-01_2019-06-30 LTBAvgDayHearingOrder Q1 2019-2020.xlsx
2019_2020_Q1,2019-20 Q1,Q,T2/T6,T2/T6,12.096774193548388,24 14 2019-04-01_2019-06-30 LTBAvgDayHearingOrder Q1 2019-2020.xlsx
2019_2020_Q1,2019-20 Q1,Q,T2/T6/T7,T2/T6/T7,1.0,24 14 2019-04-01_2019-06-30 LTBAvgDayHearingOrder Q1 2019-2020.xlsx
2019_2020_Q1,2019-20 Q1,Q,T2/T7,T2/T7,4.0,24 14 2019-04-01_2019-06-30 LTBAvgDayHearingOrder Q1 2019-2020.xlsx
2019_2020_Q1,2019-20 Q1,Q,T3,T3,8.896103896103897,24 14 2019-04-01_2019-06-30 LTBAvgDayHearingOrder Q1 2019-2020.xlsx
2019_2020_Q1,2019-20 Q1,Q,T5,T5,10.659574468085106,24 14 2019-04-01_2019-06-30 LTBAvgDayHearingOrder Q1 2019-2020.xlsx
2019_2020_Q1,2019-20 Q1,Q,T6,T6,15.925311203319502,24 14 2019-04-01_2019-06-30 LTBAvgDayHearingOrder Q1 2019-2020.xlsx
2019_2020_Q1,2019-20 Q1,Q,T7,T7,2.0,24 14 2019-04-01_2019-06-30 LTBAvgDayHearingOrder Q1 2019-2020.xlsx
2019_2020_Q2,2019-20 Q2,Q,A1_L,A1,15.0,24 15 2019-07-01_2019-09-30 LTBAvgDayHearingOrder Q2 2019-2020.xlsx
2019_2020_Q2,2019-20 Q2,Q,A1_L/A2_L,A1/A2,7.0,24 15 2019-07-01_2019-09-30 LTBAvgDayHearingOrder Q2 2019-2020.xlsx
2019_2020_Q2,2019-20 Q2,Q,A1_L/L1,A1/L1,4.0,24 15 2019-07-01_2019-09-30 LTBAvgDayHearingOrder Q2 2019-2020.xlsx
2019_2020_Q2,2019-20 Q2,Q,A1_L/L2,A1/L2,3.0,24 15 2019-07-01_2019-09-30 LTBAvgDayHearingOrder Q2 2019-2020.xlsx
2019_2020_Q2,2019-20 Q2,Q,A2_L,A2,11.412698412698413,24 15 2019-07-01_2019-09-30 LTBAvgDayHearingOrder Q2 2019-2020.xlsx
2019_2020_Q2,2019-20 Q2,Q,A2_L/L2,A2/L2,3.3333333333333335,24 15 2019-07-01_2019-09-30 LTBAvgDayHearingOrder Q2 2019-2020.xlsx
2019_2020_Q2,2019-20 Q2,Q,A2_L/L2/L3,A2/L2/L3,11.0,24 15 2019-07-01_2019-09-30 LTBAvgDayHearingOrder Q2 2019-2020.xlsx
2019_2020_Q2,2019-20 Q2,Q,A2_L/L9,A2/L9,18.0,24 15 2019-07-01_2019-09-30 LTBAvgDayHearingOrder Q2 2019-2020.xlsx
2019_2020_Q2,2019-20 Q2,Q,A4_L,A4,70.92857142857143,24 15 2019-07-01_2019-09-30 LTBAvgDayHearingOrder Q2 2019-2020.xlsx
2019_2020_Q2,2019-20 Q2,Q,L1,L1,5.890037593984962,24 15 2019-07-01_2019-09-30 LTBAvgDayHearingOrder Q2 2019-2020.xlsx
2019_2020_Q2,2019-20 Q2,Q,L1/L2,L1/L2,7.103896103896104,24 15 2019-07-01_2019-09-30 LTBAvgDayHearingOrder Q2 2019-2020.xlsx
2019_2020_Q2,2019-20 Q2,Q,L1/L2/L3,L1/L2/L3,12.5,24 15 2019-07-01_2019-09-30 LTBAvgDayHearingOrder Q2 2019-2020.xlsx
2019_2020_Q2,2019-20 Q2,Q,L1/L2/L3/L8,L1/L2/L3/L8,1.0,24 15 2019-07-01_2019-09-30 LTBAvgDayHearingOrder Q2 2019-2020.xlsx
2019_2020_Q2,2019-20 Q2,Q,L1/L2/L8,L1/L2/L8,5.0,24 15 2019-07-01_2019-09-30 LTBAvgDayHearingOrder Q2 2019-2020.xlsx
2019_2020_Q2,2019-20 Q2,Q,L1/L3,L1/L3,5.666666666666667,24 15 2019-07-01_2019-09-30 LTBAvgDayHearingOrder Q2 2019-2020.xlsx
2019_2020_Q2,2019-20 Q2,Q,L1/L8,L1/L8,11.333333333333334,24 15 2019-07-01_2019-09-30 LTBAvgDayHearingOrder Q2 2019-2020.xlsx
2019_2020_Q2,2019-20 Q2,Q,L2,L2,9.191151202749142,24 15 2019-07-01_2019-09-30 LTBAvgDayHearingOrder Q2 2019-2020.xlsx
2019_2020_Q2,2019-20 Q2,Q,L2/L3,L2/L3,2.0,24 15 2019-07-01_2019-09-30 LTBAvgDayHearingOrder Q2 2019-2020.xlsx
2019_2020_Q2,2019-20 Q2,Q,L2/L8,L2/L8,14.666666666666666,24 15 2019-07-01_2019-09-30 LTBAvgDayHearingOrder Q2 2019-2020.xlsx
2019_2020_Q2,2019-20 Q2,Q,L2/L8/L9,L2/L8/L9,13.5,24 15 2019-07-01_2019-09-30 LTBAvgDayHearingOrder Q2 2019-2020.xlsx
2019_2020_Q2,2019-20 Q2,Q,L2/L9,L2/L9,12.714285714285714,24 15 2019-07-01_2019-09-30 LTBAvgDayHearingOrder Q2 2019-2020.xlsx
2019_2020_Q2,2019-20 Q2,Q,L3,L3,6.571428571428571,24 15 2019-07-01_2019-09-30 LTBAvgDayHearingOrder Q2 2019-2020.xlsx
2019_2020_Q2,2019-20 Q2,Q,L3/L9,L3/L9,6.375,24 15 2019-07-01_2019-09-30 LTBAvgDayHearingOrder Q2 2019-2020.xlsx
2019_2020_Q2,2019-20 Q2,Q,L4,L4,7.989816700610998,24 15 2019-07-01_2019-09-30 LTBAvgDayHearingOrder Q2 2019-2020.xlsx
2019_2020_Q2,2019-20 Q2,Q,L5,L5,59.5625,24 15 2019-07-01_2019-09-30 LTBAvgDayHearingOrder Q2 2019-2020.xlsx
2019_2020_Q2,2019-20 Q2,Q,L8,L8,5.222222222222222,24 15 2019-07-01_2019-09-30 LTBAvgDayHearingOrder Q2 2019-2020.xlsx
2019_2020_Q2,2019-20 Q2,Q,L9,L9,6.03680981595092,24 15 2019-07-01_2019-09-30 LTBAvgDayHearingOrder Q2 2019-2020.xlsx
2019_2020_Q2,2019-20 Q2,Q,A1_T,A1,6.142857142857143,24 15 2019-07-01_2019-09-30 LTBAvgDayHearingOrder Q2 2019-2020.xlsx
2019_2020_Q2,2019-20 Q2,Q,A1_T/T2,A1/T2,17.0,24 15 2019-07-01_2019-09-30 LTBAvgDayHearingOrder Q2 2019-2020.xlsx
2019_2020_Q2,2019-20 Q2,Q,A2_T,A2,5.0,24 15 2019-07-01_2019-09-30 LTBAvgDayHearingOrder Q2 2019-2020.xlsx
2019_2020_Q2,2019-20 Q2,Q,T1,T1,16.775280898876403,24 15 2019-07-01_2019-09-30 LTBAvgDayHearingOrder Q2 2019-2020.xlsx
2019_2020_Q2,2019-20 Q2,Q,T1/T2,T1/T2,14.62962962962963,24 15 2019-07-01_2019-09-30 LTBAvgDayHearingOrder Q2 2019-2020.xlsx
2019_2020_Q2,2019-20 Q2,Q,T1/T2/T3/T6,T1/T2/T3/T6,132.0,24 15 2019-07-01_2019-09-30 LTBAvgDayHearingOrder Q2 2019-2020.xlsx
2019_2020_Q2,2019-20 Q2,Q,T1/T2/T5,T1/T2/T5,20.5,24 15 2019-07-01_2019-09-30 LTBAvgDayHearingOrder Q2 2019-2020.xlsx
2019_2020_Q2,2019-20 Q2,Q,T1/T2/T6,T1/T2/T6,21.77777777777778,24 15 2019-07-01_2019-09-30 LTBAvgDayHearingOrder Q2 2019-2020.xlsx
2019_2020_Q2,2019-20 Q2,Q,T1/T2/T6/T7,T1/T2/T6/T7,44.0,24 15 2019-07-01_2019-09-30 LTBAvgDayHearingOrder Q2 2019-2020.xlsx
2019_2020_Q2,2019-20 Q2,Q,T1/T3/T6,T1/T3/T6,10.0,24 15 2019-07-01_2019-09-30 LTBAvgDayHearingOrder Q2 2019-2020.xlsx
2019_2020_Q2,2019-20 Q2,Q,T1/T4,T1/T4,3.0,24 15 2019-07-01_2019-09-30 LTBAvgDayHearingOrder Q2 2019-2020.xlsx
2019_2020_Q2,2019-20 Q2,Q,T1/T5,T1/T5,5.5,24 15 2019-07-01_2019-09-30 LTBAvgDayHearingOrder Q2 2019-2020.xlsx
2019_2020_Q2,2019-20 Q2,Q,T1/T6,T1/T6,25.533333333333335,24 15 2019-07-01_2019-09-30 LTBAvgDayHearingOrder Q2 2019-2020.xlsx
2019_2020_Q2,2019-20 Q2,Q,T2,T2,12.409214092140921,24 15 2019-07-01_2019-09-30 LTBAvgDayHearingOrder Q2 2019-2020.xlsx
2019_2020_Q2,2019-20 Q2,Q,T2/T3,T2/T3,2.25,24 15 2019-07-01_2019-09-30 LTBAvgDayHearingOrder Q2 2019-2020.xlsx
2019_2020_Q2,2019-20 Q2,Q,T2/T3/T6,T2/T3/T6,38.0,24 15 2019-07-01_2019-09-30 LTBAvgDayHearingOrder Q2 2019-2020.xlsx
2019_2020_Q2,2019-20 Q2,Q,T2/T4/T6,T2/T4/T6,2.0,24 15 2019-07-01_2019-09-30 LTBAvgDayHearingOrder Q2 2019-2020.xlsx
2019_2020_Q2,2019-20 Q2,Q,T2/T5,T2/T5,10.0,24 15 2019-07-01_2019-09-30 LTBAvgDayHearingOrder Q2 2019-2020.xlsx
2019_2020_Q2,2019-20 Q2,Q,T2/T5/T6,T2/T5/T6,45.0,24 15 2019-07-01_2019-09-30 LTBAvgDayHearingOrder Q2 2019-2020.xlsx
2019_2020_Q2,2019-20 Q2,Q,T2/T6,T2/T6,16.228571428571428,24 15 2019-07-01_2019-09-30 LTBAvgDayHearingOrder Q2 2019-2020.xlsx
2019_2020_Q2,2019-20 Q2,Q,T3,T3,14.777777777777779,24 15 2019-07-01_2019-09-30 LTBAvgDayHearingOrder Q2 2019-2020.xlsx
2019_2020_Q2,2019-20 Q2,Q,T3/T6,T3/T6,4.5,24 15 2019-07-01_2019-09-30 LTBAvgDayHearingOrder Q2 2019-2020.xlsx
2019_2020_Q2,2019-20 Q2,Q,T4,T4,1.0,24 15 2019-07-01_2019-09-30 LTBAvgDayHearingOrder Q2 2019-2020.xlsx
2019_2020_Q2,2019-20 Q2,Q,T5,T5,17.833333333333332,24 15 2019-07-01_2019-09-30 LTBAvgDayHearingOrder Q2 2019-2020.xlsx
2019_2020_Q2,2019-20 Q2,Q,T6,T6,16.618834080717487,24 15 2019-07-01_2019-09-30 LTBAvgDayHearingOrder Q2 2019-2020.xlsx
2019_2020_Q3,2019-20 Q3,Q,A1_L,A1,19.133333333333333,24 16 2019-10-01_2019-12-31 LTBAvgDayHearingOrder Q3 2019-2020.xlsx
2019_2020_Q3,2019-20 Q3,Q,A1_L/L1/L2,A1/L1/L2,23.5,24 16 2019-10-01_2019-12-31 LTBAvgDayHearingOrder Q3 2019-2020.xlsx
2019_2020_Q3,2019-20 Q3,Q,A1_L/L2,A1/L2,6.0,24 16 2019-10-01_2019-12-31 LTBAvgDayHearingOrder Q3 2019-2020.xlsx
2019_2020_Q3,2019-20 Q3,Q,A2_L,A2,9.984848484848484,24 16 2019-10-01_2019-12-31 LTBAvgDayHearingOrder Q3 2019-2020.xlsx
2019_2020_Q3,2019-20 Q3,Q,A2_L/L1,A2/L1,2.0,24 16 2019-10-01_2019-12-31 LTBAvgDayHearingOrder Q3 2019-2020.xlsx
2019_2020_Q3,2019-20 Q3,Q,A2_L/L2,A2/L2,9.2,24 16 2019-10-01_2019-12-31 LTBAvgDayHearingOrder Q3 2019-2020.xlsx
2019_2020_Q3,2019-20 Q3,Q,A2_L/L8,A2/L8,20.0,24 16 2019-10-01_2019-12-31 LTBAvgDayHearingOrder Q3 2019-2020.xlsx
2019_2020_Q3,2019-20 Q3,Q,A4_L,A4,79.57142857142857,24 16 2019-10-01_2019-12-31 LTBAvgDayHearingOrder Q3 2019-2020.xlsx
2019_2020_Q3,2019-20 Q3,Q,L1,L1,6.054144287995355,24 16 2019-10-01_2019-12-31 LTBAvgDayHearingOrder Q3 2019-2020.xlsx
2019_2020_Q3,2019-20 Q3,Q,L1/L2,L1/L2,11.097107438016529,24 16 2019-10-01_2019-12-31 LTBAvgDayHearingOrder Q3 2019-2020.xlsx
2019_2020_Q3,2019-20 Q3,Q,L1/L2/L3,L1/L2/L3,5.666666666666667,24 16 2019-10-01_2019-12-31 LTBAvgDayHearingOrder Q3 2019-2020.xlsx
2019_2020_Q3,2019-20 Q3,Q,L1/L2/L8,L1/L2/L8,13.0,24 16 2019-10-01_2019-12-31 LTBAvgDayHearingOrder Q3 2019-2020.xlsx
2019_2020_Q3,2019-20 Q3,Q,L1/L2/L9,L1/L2/L9,24.0,24 16 2019-10-01_2019-12-31 LTBAvgDayHearingOrder Q3 2019-2020.xlsx
2019_2020_Q3,2019-20 Q3,Q,L1/L3,L1/L3,12.5,24 16 2019-10-01_2019-12-31 LTBAvgDayHearingOrder Q3 2019-2020.xlsx
2019_2020_Q3,2019-20 Q3,Q,L1/L8,L1/L8,1.0,24 16 2019-10-01_2019-12-31 LTBAvgDayHearingOrder Q3 2019-2020.xlsx
2019_2020_Q3,2019-20 Q3,Q,L1/L9,L1/L9,7.0,24 16 2019-10-01_2019-12-31 LTBAvgDayHearingOrder Q3 2019-2020.xlsx
2019_2020_Q3,2019-20 Q3,Q,L2,L2,12.780281690140844,24 16 2019-10-01_2019-12-31 LTBAvgDayHearingOrder Q3 2019-2020.xlsx
2019_2020_Q3,2019-20 Q3,Q,L2/L3,L2/L3,2.5,24 16 2019-10-01_2019-12-31 LTBAvgDayHearingOrder Q3 2019-2020.xlsx
2019_2020_Q3,2019-20 Q3,Q,L2/L8,L2/L8,14.666666666666666,24 16 2019-10-01_2019-12-31 LTBAvgDayHearingOrder Q3 2019-2020.xlsx
2019_2020_Q3,2019-20 Q3,Q,L2/L9,L2/L9,15.18421052631579,24 16 2019-10-01_2019-12-31 LTBAvgDayHearingOrder Q3 2019-2020.xlsx
2019_2020_Q3,2019-20 Q3,Q,L3,L3,12.85,24 16 2019-10-01_2019-12-31 LTBAvgDayHearingOrder Q3 2019-2020.xlsx
2019_2020_Q3,2019-20 Q3,Q,L3/L9,L3/L9,3.75,24 16 2019-10-01_2019-12-31 LTBAvgDayHearingOrder Q3 2019-2020.xlsx
2019_2020_Q3,2019-20 Q3,Q,L4,L4,10.85404339250493,24 16 2019-10-01_2019-12-31 LTBAvgDayHearingOrder Q3 2019-2020.xlsx
2019_2020_Q3,2019-20 Q3,Q,L5,L5,93.51612903225806,24 16 2019-10-01_2019-12-31 LTBAvgDayHearingOrder Q3 2019-2020.xlsx
2019_2020_Q3,2019-20 Q3,Q,L7,L7,2.0,24 16 2019-10-01_2019-12-31 LTBAvgDayHearingOrder Q3 2019-2020.xlsx
2019_2020_Q3,2019-20 Q3,Q,L8,L8,10.0,24 16 2019-10-01_2019-12-31 LTBAvgDayHearingOrder Q3 2019-2020.xlsx
2019_2020_Q3,2019-20 Q3,Q,L9,L9,6.788617886178862,24 16 2019-10-01_2019-12-31 LTBAvgDayHearingOrder Q3 2019-2020.xlsx
2019_2020_Q3,2019-20 Q3,Q,A1_T,A1,9.363636363636363,24 16 2019-10-01_2019-12-31 LTBAvgDayHearingOrder Q3 2019-2020.xlsx
2019_2020_Q3,2019-20 Q3,Q,A2_T,A2,2.875,24 16 2019-10-01_2019-12-31 LTBAvgDayHearingOrder Q3 2019-2020.xlsx
2019_2020_Q3,2019-20 Q3,Q,A2_T/T1,A2/T1,3.0,24 16 2019-10-01_2019-12-31 LTBAvgDayHearingOrder Q3 2019-2020.xlsx
2019_2020_Q3,2019-20 Q3,Q,A2_T/T1/T2,A2/T1/T2,38.0,24 16 2019-10-01_2019-12-31 LTBAvgDayHearingOrder Q3 2019-2020.xlsx
2019_2020_Q3,2019-20 Q3,Q,T1,T1,14.405405405405405,24 16 2019-10-01_2019-12-31 LTBAvgDayHearingOrder Q3 2019-2020.xlsx
2019_2020_Q3,2019-20 Q3,Q,T1/T2,T1/T2,11.633333333333333,24 16 2019-10-01_2019-12-31 LTBAvgDayHearingOrder Q3 2019-2020.xlsx
2019_2020_Q3,2019-20 Q3,Q,T1/T2/T3,T1/T2/T3,6.0,24 16 2019-10-01_2019-12-31 LTBAvgDayHearingOrder Q3 2019-2020.xlsx
2019_2020_Q3,2019-20 Q3,Q,T1/T2/T3/T6,T1/T2/T3/T6,32.5,24 16 2019-10-01_2019-12-31 LTBAvgDayHearingOrder Q3 2019-2020.xlsx
2019_2020_Q3,2019-20 Q3,Q,T1/T2/T5,T1/T2/T5,25.0,24 16 2019-10-01_2019-12-31 LTBAvgDayHearingOrder Q3 2019-2020.xlsx
2019_2020_Q3,2019-20 Q3,Q,T1/T2/T5/T6,T1/T2/T5/T6,14.5,24 16 2019-10-01_2019-12-31 LTBAvgDayHearingOrder Q3 2019-2020.xlsx
2019_2020_Q3,2019-20 Q3,Q,T1/T2/T6,T1/T2/T6,29.857142857142858,24 16 2019-10-01_2019-12-31 LTBAvgDayHearingOrder Q3 2019-2020.xlsx
2019_2020_Q3,2019-20 Q3,Q,T1/T2/T7,T1/T2/T7,20.0,24 16 2019-10-01_2019-12-31 LTBAvgDayHearingOrder Q3 2019-2020.xlsx
2019_2020_Q3,2019-20 Q3,Q,T1/T3,T1/T3,61.0,24 16 2019-10-01_2019-12-31 LTBAvgDayHearingOrder Q3 2019-2020.xlsx
2019_2020_Q3,2019-20 Q3,Q,T1/T3/T6,T1/T3/T6,4.0,24 16 2019-10-01_2019-12-31 LTBAvgDayHearingOrder Q3 2019-2020.xlsx
2019_2020_Q3,2019-20 Q3,Q,T1/T5,T1/T5,5.833333333333333,24 16 2019-10-01_2019-12-31 LTBAvgDayHearingOrder Q3 2019-2020.xlsx
2019_2020_Q3,2019-20 Q3,Q,T1/T5/T6,T1/T5/T6,52.0,24 16 2019-10-01_2019-12-31 LTBAvgDayHearingOrder Q3 2019-2020.xlsx
2019_2020_Q3,2019-20 Q3,Q,T1/T6,T1/T6,6.2,24 16 2019-10-01_2019-12-31 LTBAvgDayHearingOrder Q3 2019-2020.xlsx
2019_2020_Q3,2019-20 Q3,Q,T2,T2,16.26525198938992,24 16 2019-10-01_2019-12-31 LTBAvgDayHearingOrder Q3 2019-2020.xlsx
2019_2020_Q3,2019-20 Q3,Q,T2/T3,T2/T3,35.6,24 16 2019-10-01_2019-12-31 LTBAvgDayHearingOrder Q3 2019-2020.xlsx
2019_2020_Q3,2019-20 Q3,Q,T2/T3/T6,T2/T3/T6,21.0,24 16 2019-10-01_2019-12-31 LTBAvgDayHearingOrder Q3 2019-2020.xlsx
2019_2020_Q3,2019-20 Q3,Q,T2/T5,T2/T5,6.5,24 16 2019-10-01_2019-12-31 LTBAvgDayHearingOrder Q3 2019-2020.xlsx
2019_2020_Q3,2019-20 Q3,Q,T2/T5/T6,T2/T5/T6,5.5,24 16 2019-10-01_2019-12-31 LTBAvgDayHearingOrder Q3 2019-2020.xlsx
2019_2020_Q3,2019-20 Q3,Q,T2/T6,T2/T6,22.641025641025642,24 16 2019-10-01_2019-12-31 LTBAvgDayHearingOrder Q3 2019-2020.xlsx
2019_2020_Q3,2019-20 Q3,Q,T2/T6/T7,T2/T6/T7,116.0,24 16 2019-10-01_2019-12-31 LTBAvgDayHearingOrder Q3 2019-2020.xlsx
2019_2020_Q3,2019-20 Q3,Q,T3,T3,10.090909090909092,24 16 2019-10-01_2019-12-31 LTBAvgDayHearingOrder Q3 2019-2020.xlsx
2019_2020_Q3,2019-20 Q3,Q,T3/T6,T3/T6,49.0,24 16 2019-10-01_2019-12-31 LTBAvgDayHearingOrder Q3 2019-2020.xlsx
2019_2020_Q3,2019-20 Q3,Q,T4,T4,5.0,24 16 2019-10-01_2019-12-31 LTBAvgDayHearingOrder Q3 2019-2020.xlsx
2019_2020_Q3,2019-20 Q3,Q,T4/T5/T6,T4/T5/T6,1.0,24 16 2019-10-01_2019-12-31 LTBAvgDayHearingOrder Q3 2019-2020.xlsx
2019_2020_Q3,2019-20 Q3,Q,T4/T6,T4/T6,5.0,24 16 2019-10-01_2019-12-31 LTBAvgDayHearingOrder Q3 2019-2020.xlsx
2019_2020_Q3,2019-20 Q3,Q,T5,T5,15.96078431372549,24 16 2019-10-01_2019-12-31 LTBAvgDayHearingOrder Q3 2019-2020.xlsx
2019_2020_Q3,2019-20 Q3,Q,T5/T6,T5/T6,1.0,24 16 2019-10-01_2019-12-31 LTBAvgDayHearingOrder Q3 2019-2020.xlsx
2019_2020_Q3,2019-20 Q3,Q,T6,T6,22.743243243243242,24 16 2019-10-01_2019-12-31 LTBAvgDayHearingOrder Q3 2019-2020.xlsx
2019_2020_Q4,2019-20 Q4,Q,A1_L,A1,26.285714285714285,24 17 2020-01-01_2020-03-31 LTBAvgDayHearingOrder Q4 2019-2020.xlsx
2019_2020_Q4,2019-20 Q4,Q,A1_L/A2_L,A1/A2,15.5,24 17 2020-01-01_2020-03-31 LTBAvgDayHearingOrder Q4 2019-2020.xlsx
2019_2020_Q4,2019-20 Q4,Q,A2_L,A2,10.166666666666666,24 17 2020-01-01_2020-03-31 LTBAvgDayHearingOrder Q4 2019-2020.xlsx
2019_2020_Q4,2019-20 Q4,Q,A2_L/L2,A2/L2,3.0,24 17 2020-01-01_2020-03-31 LTBAvgDayHearingOrder Q4 2019-2020.xlsx
2019_2020_Q4,2019-20 Q4,Q,A2_L/L3,A2/L3,4.0,24 17 2020-01-01_2020-03-31 LTBAvgDayHearingOrder Q4 2019-2020.xlsx
2019_2020_Q4,2019-20 Q4,Q,A2_L/L8,A2/L8,2.0,24 17 2020-01-01_2020-03-31 LTBAvgDayHearingOrder Q4 2019-2020.xlsx
2019_2020_Q4,2019-20 Q4,Q,A4_L,A4,98.0,24 17 2020-01-01_2020-03-31 LTBAvgDayHearingOrder Q4 2019-2020.xlsx
2019_2020_Q4,2019-20 Q4,Q,L1,L1,7.5821829560095715,24 17 2020-01-01_2020-03-31 LTBAvgDayHearingOrder Q4 2019-2020.xlsx
2019_2020_Q4,2019-20 Q4,Q,L1/L2,L1/L2,11.6797583081571,24 17 2020-01-01_2020-03-31 LTBAvgDayHearingOrder Q4 2019-2020.xlsx
2019_2020_Q4,2019-20 Q4,Q,L1/L2/L3,L1/L2/L3,15.0,24 17 2020-01-01_2020-03-31 LTBAvgDayHearingOrder Q4 2019-2020.xlsx
2019_2020_Q4,2019-20 Q4,Q,L1/L2/L8,L1/L2/L8,10.333333333333334,24 17 2020-01-01_2020-03-31 LTBAvgDayHearingOrder Q4 2019-2020.xlsx
2019_2020_Q4,2019-20 Q4,Q,L1/L2/L8/L9,L1/L2/L8/L9,15.0,24 17 2020-01-01_2020-03-31 LTBAvgDayHearingOrder Q4 2019-2020.xlsx
2019_2020_Q4,2019-20 Q4,Q,L1/L3,L1/L3,3.5,24 17 2020-01-01_2020-03-31 LTBAvgDayHearingOrder Q4 2019-2020.xlsx
2019_2020_Q4,2019-20 Q4,Q,L1/L8,L1/L8,7.0,24 17 2020-01-01_2020-03-31 LTBAvgDayHearingOrder Q4 2019-2020.xlsx
2019_2020_Q4,2019-20 Q4,Q,L2,L2,12.4932944606414,24 17 2020-01-01_2020-03-31 LTBAvgDayHearingOrder Q4 2019-2020.xlsx
2019_2020_Q4,2019-20 Q4,Q,L2/L3,L2/L3,2.5,24 17 2020-01-01_2020-03-31 LTBAvgDayHearingOrder Q4 2019-2020.xlsx
2019_2020_Q4,2019-20 Q4,Q,L2/L8/L9,L2/L8/L9,36.0,24 17 2020-01-01_2020-03-31 LTBAvgDayHearingOrder Q4 2019-2020.xlsx
2019_2020_Q4,2019-20 Q4,Q,L2/L9,L2/L9,21.416666666666668,24 17 2020-01-01_2020-03-31 LTBAvgDayHearingOrder Q4 2019-2020.xlsx
2019_2020_Q4,2019-20 Q4,Q,L3,L3,8.315068493150685,24 17 2020-01-01_2020-03-31 LTBAvgDayHearingOrder Q4 2019-2020.xlsx
2019_2020_Q4,2019-20 Q4,Q,L3/L9,L3/L9,13.5,24 17 2020-01-01_2020-03-31 LTBAvgDayHearingOrder Q4 2019-2020.xlsx
2019_2020_Q4,2019-20 Q4,Q,L4,L4,9.206073752711497,24 17 2020-01-01_2020-03-31 LTBAvgDayHearingOrder Q4 2019-2020.xlsx
2019_2020_Q4,2019-20 Q4,Q,L5,L5,105.02027027027027,24 17 2020-01-01_2020-03-31 LTBAvgDayHearingOrder Q4 2019-2020.xlsx
2019_2020_Q4,2019-20 Q4,Q,L8,L8,13.5,24 17 2020-01-01_2020-03-31 LTBAvgDayHearingOrder Q4 2019-2020.xlsx
2019_2020_Q4,2019-20 Q4,Q,L9,L9,9.78888888888889,24 17 2020-01-01_2020-03-31 LTBAvgDayHearingOrder Q4 2019-2020.xlsx
2019_2020_Q4,2019-20 Q4,Q,A1_T,A1,25.666666666666668,24 17 2020-01-01_2020-03-31 LTBAvgDayHearingOrder Q4 2019-2020.xlsx
2019_2020_Q4,2019-20 Q4,Q,A1_T/T2,A1/T2,2.0,24 17 2020-01-01_2020-03-31 LTBAvgDayHearingOrder Q4 2019-2020.xlsx
2019_2020_Q4,2019-20 Q4,Q,A1_T/T6,A1/T6,2.0,24 17 2020-01-01_2020-03-31 LTBAvgDayHearingOrder Q4 2019-2020.xlsx
2019_2020_Q4,2019-20 Q4,Q,A2_T,A2,18.0,24 17 2020-01-01_2020-03-31 LTBAvgDayHearingOrder Q4 2019-2020.xlsx
2019_2020_Q4,2019-20 Q4,Q,A2_T/T1,A2/T1,1.0,24 17 2020-01-01_2020-03-31 LTBAvgDayHearingOrder Q4 2019-2020.xlsx
2019_2020_Q4,2019-20 Q4,Q,A2_T/T2/T6,A2/T2/T6,46.0,24 17 2020-01-01_2020-03-31 LTBAvgDayHearingOrder Q4 2019-2020.xlsx
2019_2020_Q4,2019-20 Q4,Q,T1,T1,20.51818181818182,24 17 2020-01-01_2020-03-31 LTBAvgDayHearingOrder Q4 2019-2020.xlsx
2019_2020_Q4,2019-20 Q4,Q,T1/T2,T1/T2,29.96551724137931,24 17 2020-01-01_2020-03-31 LTBAvgDayHearingOrder Q4 2019-2020.xlsx
2019_2020_Q4,2019-20 Q4,Q,T1/T2/T3,T1/T2/T3,3.0,24 17 2020-01-01_2020-03-31 LTBAvgDayHearingOrder Q4 2019-2020.xlsx
2019_2020_Q4,2019-20 Q4,Q,T1/T2/T3/T6,T1/T2/T3/T6,11.0,24 17 2020-01-01_2020-03-31 LTBAvgDayHearingOrder Q4 2019-2020.xlsx
2019_2020_Q4,2019-20 Q4,Q,T1/T2/T5,T1/T2/T5,16.5,24 17 2020-01-01_2020-03-31 LTBAvgDayHearingOrder Q4 2019-2020.xlsx
2019_2020_Q4,2019-20 Q4,Q,T1/T2/T5/T6,T1/T2/T5/T6,1.0,24 17 2020-01-01_2020-03-31 LTBAvgDayHearingOrder Q4 2019-2020.xlsx
2019_2020_Q4,2019-20 Q4,Q,T1/T2/T6,T1/T2/T6,26.833333333333332,24 17 2020-01-01_2020-03-31 LTBAvgDayHearingOrder Q4 2019-2020.xlsx
2019_2020_Q4,2019-20 Q4,Q,T1/T3/T6,T1/T3/T6,17.0,24 17 2020-01-01_2020-03-31 LTBAvgDayHearingOrder Q4 2019-2020.xlsx
2019_2020_Q4,2019-20 Q4,Q,T1/T5,T1/T5,31.166666666666668,24 17 2020-01-01_2020-03-31 LTBAvgDayHearingOrder Q4 2019-2020.xlsx
2019_2020_Q4,2019-20 Q4,Q,T1/T5/T6,T1/T5/T6,5.0,24 17 2020-01-01_2020-03-31 LTBAvgDayHearingOrder Q4 2019-2020.xlsx
2019_2020_Q4,2019-20 Q4,Q,T1/T6,T1/T6,38.0,24 17 2020-01-01_2020-03-31 LTBAvgDayHearingOrder Q4 2019-2020.xlsx
2019_2020_Q4,2019-20 Q4,Q,T2,T2,19.033003300330034,24 17 2020-01-01_2020-03-31 LTBAvgDayHearingOrder Q4 2019-2020.xlsx
2019_2020_Q4,2019-20 Q4,Q,T2/T3,T2/T3,22.166666666666668,24 17 2020-01-01_2020-03-31 LTBAvgDayHearingOrder Q4 2019-2020.xlsx
2019_2020_Q4,2019-20 Q4,Q,T2/T3/T6,T2/T3/T6,73.0,24 17 2020-01-01_2020-03-31 LTBAvgDayHearingOrder Q4 2019-2020.xlsx
2019_2020_Q4,2019-20 Q4,Q,T2/T4/T5/T6,T2/T4/T5/T6,7.0,24 17 2020-01-01_2020-03-31 LTBAvgDayHearingOrder Q4 2019-2020.xlsx
2019_2020_Q4,2019-20 Q4,Q,T2/T5,T2/T5,2.0,24 17 2020-01-01_2020-03-31 LTBAvgDayHearingOrder Q4 2019-2020.xlsx
2019_2020_Q4,2019-20 Q4,Q,T2/T6,T2/T6,30.852941176470587,24 17 2020-01-01_2020-03-31 LTBAvgDayHearingOrder Q4 2019-2020.xlsx
2019_2020_Q4,2019-20 Q4,Q,T2/T6/T7,T2/T6/T7,1.0,24 17 2020-01-01_2020-03-31 LTBAvgDayHearingOrder Q4 2019-2020.xlsx
2019_2020_Q4,2019-20 Q4,Q,T3,T3,5.8,24 17 2020-01-01_2020-03-31 LTBAvgDayHearingOrder Q4 2019-2020.xlsx
2019_2020_Q4,2019-20 Q4,Q,T3/T6,T3/T6,12.5,24 17 2020-01-01_2020-03-31 LTBAvgDayHearingOrder Q4 2019-2020.xlsx
2019_2020_Q4,2019-20 Q4,Q,T5,T5,23.3943661971831,24 17 2020-01-01_2020-03-31 LTBAvgDayHearingOrder Q4 2019-2020.xlsx
2019_2020_Q4,2019-20 Q4,Q,T5/T6,T5/T6,8.0,24 17 2020-01-01_2020-03-31 LTBAvgDayHearingOrder Q4 2019-2020.xlsx
2019_2020_Q4,2019-20 Q4,Q,T6,T6,27.093567251461987,24 17 2020-01-01_2020-03-31 LTBAvgDayHearingOrder Q4 2019-2020.xlsx
2019_2020_Q4,2019-20 Q4,Q,T7,T7,19.0,24 17 2020-01-01_2020-03-31 LTBAvgDayHearingOrder Q4 2019-2020.xlsx
2020_2021_Q1,2020-21 Q1,Q,L1,L1,52.4,24 18 2020-04-01_2020-06-30 LTBAvgDayHearingOrder Q1 2020-2021 (L1 & L9).xlsx
2020_2021_Q1,2020-21 Q1,Q,L9,L9,12.1,24 18 2020-04-01_2020-06-30 LTBAvgDayHearingOrder Q1 2020-2021 (L1 & L9).xlsx
2020_2021_Q1,2020-21 Q1,Q,A1_L,A1,49.1,24 19 2020-04-01_2020-06-30 LTBAvgDayHearingOrder Q1 2020-2021 (Other Applications).xlsx
2020_2021_Q1,2020-21 Q1,Q,A2_L,A2,46.1,24 19 2020-04-01_2020-06-30 LTBAvgDayHearingOrder Q1 2020-2021 (Other Applications).xlsx
2020_2021_Q1,2020-21 Q1,Q,A2_L/L2,A2/L2,52.5,24 19 2020-04-01_2020-06-30 LTBAvgDayHearingOrder Q1 2020-2021 (Other Applications).xlsx
2020_2021_Q1,2020-21 Q1,Q,L1/L2,L1/L2,81.2,24 19 2020-04-01_2020-06-30 LTBAvgDayHearingOrder Q1 2020-2021 (Other Applications).xlsx
2020_2021_Q1,2020-21 Q1,Q,L1/L2/L3,L1/L2/L3,199.0,24 19 2020-04-01_2020-06-30 LTBAvgDayHearingOrder Q1 2020-2021 (Other Applications).xlsx
2020_2021_Q1,2020-21 Q1,Q,L2,L2,57.4,24 19 2020-04-01_2020-06-30 LTBAvgDayHearingOrder Q1 2020-2021 (Other Applications).xlsx
2020_2021_Q1,2020-21 Q1,Q,L2/L9,L2/L9,70.5,24 19 2020-04-01_2020-06-30 LTBAvgDayHearingOrder Q1 2020-2021 (Other Applications).xlsx
2020_2021_Q1,2020-21 Q1,Q,L3,L3,163.0,24 19 2020-04-01_2020-06-30 LTBAvgDayHearingOrder Q1 2020-2021 (Other Applications).xlsx
2020_2021_Q1,2020-21 Q1,Q,L4,L4,58.5,24 19 2020-04-01_2020-06-30 LTBAvgDayHearingOrder Q1 2020-2021 (Other Applications).xlsx
2020_2021_Q1,2020-21 Q1,Q,A1_T,A1,7.3,24 19 2020-04-01_2020-06-30 LTBAvgDayHearingOrder Q1 2020-2021 (Other Applications).xlsx
2020_2021_Q1,2020-21 Q1,Q,A2_T,A2,64.3,24 19 2020-04-01_2020-06-30 LTBAvgDayHearingOrder Q1 2020-2021 (Other Applications).xlsx
2020_2021_Q1,2020-21 Q1,Q,A2_T/T1,A2/T1,25.0,24 19 2020-04-01_2020-06-30 LTBAvgDayHearingOrder Q1 2020-2021 (Other Applications).xlsx
2020_2021_Q1,2020-21 Q1,Q,A2_T/T2/T6,A2/T2/T6,2.0,24 19 2020-04-01_2020-06-30 LTBAvgDayHearingOrder Q1 2020-2021 (Other Applications).xlsx
2020_2021_Q1,2020-21 Q1,Q,A4_T/T1,A4/T1,60.0,24 19 2020-04-01_2020-06-30 LTBAvgDayHearingOrder Q1 2020-2021 (Other Applications).xlsx
2020_2021_Q1,2020-21 Q1,Q,T1,T1,41.2,24 19 2020-04-01_2020-06-30 LTBAvgDayHearingOrder Q1 2020-2021 (Other Applications).xlsx
2020_2021_Q1,2020-21 Q1,Q,T1/T2,T1/T2,59.3,24 19 2020-04-01_2020-06-30 LTBAvgDayHearingOrder Q1 2020-2021 (Other Applications).xlsx
2020_2021_Q1,2020-21 Q1,Q,T1/T2/T5,T1/T2/T5,2.0,24 19 2020-04-01_2020-06-30 LTBAvgDayHearingOrder Q1 2020-2021 (Other Applications).xlsx
2020_2021_Q1,2020-21 Q1,Q,T1/T2/T6,T1/T2/T6,72.5,24 19 2020-04-01_2020-06-30 LTBAvgDayHearingOrder Q1 2020-2021 (Other Applications).xlsx
2020_2021_Q1,2020-21 Q1,Q,T1/T5,T1/T5,2.0,24 19 2020-04-01_2020-06-30 LTBAvgDayHearingOrder Q1 2020-2021 (Other Applications).xlsx
2020_2021_Q1,2020-21 Q1,Q,T1/T6,T1/T6,200.0,24 19 2020-04-01_2020-06-30 LTBAvgDayHearingOrder Q1 2020-2021 (Other Applications).xlsx
2020_2021_Q1,2020-21 Q1,Q,T2,T2,33.8,24 19 2020-04-01_2020-06-30 LTBAvgDayHearingOrder Q1 2020-2021 (Other Applications).xlsx
2020_2021_Q1,2020-21 Q1,Q,T2/T3,T2/T3,50.8,24 19 2020-04-01_2020-06-30 LTBAvgDayHearingOrder Q1 2020-2021 (Other Applications).xlsx
2020_2021_Q1,2020-21 Q1,Q,T2/T3/T6,T2/T3/T6,165.0,24 19 2020-04-01_2020-06-30 LTBAvgDayHearingOrder Q1 2020-2021 (Other Applications).xlsx
2020_2021_Q1,2020-21 Q1,Q,T2/T5,T2/T5,1.0,24 19 2020-04-01_2020-06-30 LTBAvgDayHearingOrder Q1 2020-2021 (Other Applications).xlsx
2020_2021_Q1,2020-21 Q1,Q,T2/T6,T2/T6,46.3,24 19 2020-04-01_2020-06-30 LTBAvgDayHearingOrder Q1 2020-2021 (Other Applications).xlsx
2020_2021_Q1,2020-21 Q1,Q,T2/T6/T7,T2/T6/T7,136.0,24 19 2020-04-01_2020-06-30 LTBAvgDayHearingOrder Q1 2020-2021 (Other Applications).xlsx
2020_2021_Q1,2020-21 Q1,Q,T3,T3,4.7,24 19 2020-04-01_2020-06-30 LTBAvgDayHearingOrder Q1 2020-2021 (Other Applications).xlsx
2020_2021_Q1,2020-21 Q1,Q,T3/T6,T3/T6,1.5,24 19 2020-04-01_2020-06-30 LTBAvgDayHearingOrder Q1 2020-2021 (Other Applications).xlsx
2020_2021_Q1,2020-21 Q1,Q,T4,T4,2.0,24 19 2020-04-01_2020-06-30 LTBAvgDayHearingOrder Q1 2020-2021 (Other Applications).xlsx
2020_2021_Q1,2020-21 Q1,Q,T5,T5,20.9,24 19 2020-04-01_2020-06-30 LTBAvgDayHearingOrder Q1 2020-2021 (Other Applications).xlsx
2020_2021_Q1,2020-21 Q1,Q,T5/T6,T5/T6,1.0,24 19 2020-04-01_2020-06-30 LTBAvgDayHearingOrder Q1 2020-2021 (Other Applications).xlsx
2020_2021_Q1,2020-21 Q1,Q,T6,T6,32.7,24 19 2020-04-01_2020-06-30 LTBAvgDayHearingOrder Q1 2020-2021 (Other Applications).xlsx
2020_2021_Q2,2020-21 Q2,Q,L1,L1,56.9,24 20 2020-07-01_2020-09-30 LTBAvgDayHearingOrder Q2 2020-2021 (L1 & L9).xlsx
2020_2021_Q2,2020-21 Q2,Q,L9,L9,28.1,24 20 2020-07-01_2020-09-30 LTBAvgDayHearingOrder Q2 2020-2021 (L1 & L9).xlsx
2020_2021_Q2,2020-21 Q2,Q,A1_L,A1,7.8,24 21 2020-07-01_2020-09-30 LTBAvgDayHearingOrder Q2 2020-2021 (Other Applications).xlsx
2020_2021_Q2,2020-21 Q2,Q,A2_L,A2,111.5,24 21 2020-07-01_2020-09-30 LTBAvgDayHearingOrder Q2 2020-2021 (Other Applications).xlsx
2020_2021_Q2,2020-21 Q2,Q,A2_L/L2,A2/L2,109.0,24 21 2020-07-01_2020-09-30 LTBAvgDayHearingOrder Q2 2020-2021 (Other Applications).xlsx
2020_2021_Q2,2020-21 Q2,Q,L1/L2,L1/L2,70.1,24 21 2020-07-01_2020-09-30 LTBAvgDayHearingOrder Q2 2020-2021 (Other Applications).xlsx
2020_2021_Q2,2020-21 Q2,Q,L1/L2/L3,L1/L2/L3,1.0,24 21 2020-07-01_2020-09-30 LTBAvgDayHearingOrder Q2 2020-2021 (Other Applications).xlsx
2020_2021_Q2,2020-21 Q2,Q,L1/T2/T6,L1/T2/T6,7.0,24 21 2020-07-01_2020-09-30 LTBAvgDayHearingOrder Q2 2020-2021 (Other Applications).xlsx
2020_2021_Q2,2020-21 Q2,Q,L2,L2,60.3,24 21 2020-07-01_2020-09-30 LTBAvgDayHearingOrder Q2 2020-2021 (Other Applications).xlsx
2020_2021_Q2,2020-21 Q2,Q,L2/L3,L2/L3,8.0,24 21 2020-07-01_2020-09-30 LTBAvgDayHearingOrder Q2 2020-2021 (Other Applications).xlsx
2020_2021_Q2,2020-21 Q2,Q,L2/L6,L2/L6,4.0,24 21 2020-07-01_2020-09-30 LTBAvgDayHearingOrder Q2 2020-2021 (Other Applications).xlsx
2020_2021_Q2,2020-21 Q2,Q,L2/L9,L2/L9,79.0,24 21 2020-07-01_2020-09-30 LTBAvgDayHearingOrder Q2 2020-2021 (Other Applications).xlsx
2020_2021_Q2,2020-21 Q2,Q,L3,L3,15.6,24 21 2020-07-01_2020-09-30 LTBAvgDayHearingOrder Q2 2020-2021 (Other Applications).xlsx
2020_2021_Q2,2020-21 Q2,Q,L4,L4,24.3,24 21 2020-07-01_2020-09-30 LTBAvgDayHearingOrder Q2 2020-2021 (Other Applications).xlsx
2020_2021_Q2,2020-21 Q2,Q,L8,L8,2.0,24 21 2020-07-01_2020-09-30 LTBAvgDayHearingOrder Q2 2020-2021 (Other Applications).xlsx
2020_2021_Q2,2020-21 Q2,Q,A1_T/T2,A1/T2,4.0,24 21 2020-07-01_2020-09-30 LTBAvgDayHearingOrder Q2 2020-2021 (Other Applications).xlsx
2020_2021_Q2,2020-21 Q2,Q,A2_T,A2,66.3,24 21 2020-07-01_2020-09-30 LTBAvgDayHearingOrder Q2 2020-2021 (Other Applications).xlsx
2020_2021_Q2,2020-21 Q2,Q,T1,T1,31.9,24 21 2020-07-01_2020-09-30 LTBAvgDayHearingOrder Q2 2020-2021 (Other Applications).xlsx
2020_2021_Q2,2020-21 Q2,Q,T1/T2,T1/T2,55.0,24 21 2020-07-01_2020-09-30 LTBAvgDayHearingOrder Q2 2020-2021 (Other Applications).xlsx
2020_2021_Q2,2020-21 Q2,Q,T1/T2/T3/T6,T1/T2/T3/T6,19.0,24 21 2020-07-01_2020-09-30 LTBAvgDayHearingOrder Q2 2020-2021 (Other Applications).xlsx
2020_2021_Q2,2020-21 Q2,Q,T1/T2/T5,T1/T2/T5,97.3,24 21 2020-07-01_2020-09-30 LTBAvgDayHearingOrder Q2 2020-2021 (Other Applications).xlsx
2020_2021_Q2,2020-21 Q2,Q,T1/T2/T6,T1/T2/T6,70.1,24 21 2020-07-01_2020-09-30 LTBAvgDayHearingOrder Q2 2020-2021 (Other Applications).xlsx
2020_2021_Q2,2020-21 Q2,Q,T1/T3,T1/T3,1.0,24 21 2020-07-01_2020-09-30 LTBAvgDayHearingOrder Q2 2020-2021 (Other Applications).xlsx
2020_2021_Q2,2020-21 Q2,Q,T1/T3/T6,T1/T3/T6,35.0,24 21 2020-07-01_2020-09-30 LTBAvgDayHearingOrder Q2 2020-2021 (Other Applications).xlsx
2020_2021_Q2,2020-21 Q2,Q,T1/T5,T1/T5,23.0,24 21 2020-07-01_2020-09-30 LTBAvgDayHearingOrder Q2 2020-2021 (Other Applications).xlsx
2020_2021_Q2,2020-21 Q2,Q,T1/T6,T1/T6,83.0,24 21 2020-07-01_2020-09-30 LTBAvgDayHearingOrder Q2 2020-2021 (Other Applications).xlsx
2020_2021_Q2,2020-21 Q2,Q,T2,T2,29.5,24 21 2020-07-01_2020-09-30 LTBAvgDayHearingOrder Q2 2020-2021 (Other Applications).xlsx
2020_2021_Q2,2020-21 Q2,Q,T2/T3,T2/T3,152.0,24 21 2020-07-01_2020-09-30 LTBAvgDayHearingOrder Q2 2020-2021 (Other Applications).xlsx
2020_2021_Q2,2020-21 Q2,Q,T2/T3/T6,T2/T3/T6,133.6,24 21 2020-07-01_2020-09-30 LTBAvgDayHearingOrder Q2 2020-2021 (Other Applications).xlsx
2020_2021_Q2,2020-21 Q2,Q,T2/T5,T2/T5,101.0,24 21 2020-07-01_2020-09-30 LTBAvgDayHearingOrder Q2 2020-2021 (Other Applications).xlsx
2020_2021_Q2,2020-21 Q2,Q,T2/T6,T2/T6,35.8,24 21 2020-07-01_2020-09-30 LTBAvgDayHearingOrder Q2 2020-2021 (Other Applications).xlsx
2020_2021_Q2,2020-21 Q2,Q,T3,T3,109.0,24 21 2020-07-01_2020-09-30 LTBAvgDayHearingOrder Q2 2020-2021 (Other Applications).xlsx
2020_2021_Q2,2020-21 Q2,Q,T5,T5,23.9,24 21 2020-07-01_2020-09-30 LTBAvgDayHearingOrder Q2 2020-2021 (Other Applications).xlsx
2020_2021_Q2,2020-21 Q2,Q,T6,T6,28.2,24 21 2020-07-01_2020-09-30 LTBAvgDayHearingOrder Q2 2020-2021 (Other Applications).xlsx
2020_2021_Q3,2020-21 Q3,Q,L1,L1,10.8,24 22 2020-10-01_2020-12-31 LTBAvgDayHearingOrder Q3 2020-2021 (L1 & L9).xlsx
2020_2021_Q3,2020-21 Q3,Q,L9,L9,10.0,24 22 2020-10-01_2020-12-31 LTBAvgDayHearingOrder Q3 2020-2021 (L1 & L9).xlsx
2020_2021_Q3,2020-21 Q3,Q,A1_L/L1/L2,A1/L1/L2,12.0,24 23 2020-10-01_2020-12-31 LTBAvgDayHearingOrder Q3 2020-2021 (Other Applications).xlsx
2020_2021_Q3,2020-21 Q3,Q,A2_L,A2,35.0,24 23 2020-10-01_2020-12-31 LTBAvgDayHearingOrder Q3 2020-2021 (Other Applications).xlsx
2020_2021_Q3,2020-21 Q3,Q,A2_L/L3,A2/L3,1.0,24 23 2020-10-01_2020-12-31 LTBAvgDayHearingOrder Q3 2020-2021 (Other Applications).xlsx
2020_2021_Q3,2020-21 Q3,Q,L1/L2,L1/L2,12.6,24 23 2020-10-01_2020-12-31 LTBAvgDayHearingOrder Q3 2020-2021 (Other Applications).xlsx
2020_2021_Q3,2020-21 Q3,Q,L1/T2/T6,L1/T2/T6,7.0,24 23 2020-10-01_2020-12-31 LTBAvgDayHearingOrder Q3 2020-2021 (Other Applications).xlsx
2020_2021_Q3,2020-21 Q3,Q,L2,L2,13.0,24 23 2020-10-01_2020-12-31 LTBAvgDayHearingOrder Q3 2020-2021 (Other Applications).xlsx
2020_2021_Q3,2020-21 Q3,Q,L2/L9,L2/L9,1.0,24 23 2020-10-01_2020-12-31 LTBAvgDayHearingOrder Q3 2020-2021 (Other Applications).xlsx
2020_2021_Q3,2020-21 Q3,Q,L3,L3,8.6,24 23 2020-10-01_2020-12-31 LTBAvgDayHearingOrder Q3 2020-2021 (Other Applications).xlsx
2020_2021_Q3,2020-21 Q3,Q,L3/L9,L3/L9,1.5,24 23 2020-10-01_2020-12-31 LTBAvgDayHearingOrder Q3 2020-2021 (Other Applications).xlsx
2020_2021_Q3,2020-21 Q3,Q,L4,L4,9.2,24 23 2020-10-01_2020-12-31 LTBAvgDayHearingOrder Q3 2020-2021 (Other Applications).xlsx
2020_2021_Q3,2020-21 Q3,Q,A1_T,A1,1.0,24 23 2020-10-01_2020-12-31 LTBAvgDayHearingOrder Q3 2020-2021 (Other Applications).xlsx
2020_2021_Q3,2020-21 Q3,Q,A1_T/T2,A1/T2,11.0,24 23 2020-10-01_2020-12-31 LTBAvgDayHearingOrder Q3 2020-2021 (Other Applications).xlsx
2020_2021_Q3,2020-21 Q3,Q,A2_T,A2,39.3,24 23 2020-10-01_2020-12-31 LTBAvgDayHearingOrder Q3 2020-2021 (Other Applications).xlsx
2020_2021_Q3,2020-21 Q3,Q,T1,T1,42.9,24 23 2020-10-01_2020-12-31 LTBAvgDayHearingOrder Q3 2020-2021 (Other Applications).xlsx
2020_2021_Q3,2020-21 Q3,Q,T1/T2,T1/T2,19.0,24 23 2020-10-01_2020-12-31 LTBAvgDayHearingOrder Q3 2020-2021 (Other Applications).xlsx
2020_2021_Q3,2020-21 Q3,Q,T1/T5,T1/T5,4.0,24 23 2020-10-01_2020-12-31 LTBAvgDayHearingOrder Q3 2020-2021 (Other Applications).xlsx
2020_2021_Q3,2020-21 Q3,Q,T1/T6,T1/T6,2.3,24 23 2020-10-01_2020-12-31 LTBAvgDayHearingOrder Q3 2020-2021 (Other Applications).xlsx
2020_2021_Q3,2020-21 Q3,Q,T2,T2,50.2,24 23 2020-10-01_2020-12-31 LTBAvgDayHearingOrder Q3 2020-2021 (Other Applications).xlsx
2020_2021_Q3,2020-21 Q3,Q,T2/T3,T2/T3,23.0,24 23 2020-10-01_2020-12-31 LTBAvgDayHearingOrder Q3 2020-2021 (Other Applications).xlsx
2020_2021_Q3,2020-21 Q3,Q,T2/T6,T2/T6,87.4,24 23 2020-10-01_2020-12-31 LTBAvgDayHearingOrder Q3 2020-2021 (Other Applications).xlsx
2020_2021_Q3,2020-21 Q3,Q,T3,T3,17.5,24 23 2020-10-01_2020-12-31 LTBAvgDayHearingOrder Q3 2020-2021 (Other Applications).xlsx
2020_2021_Q3,2020-21 Q3,Q,T5,T5,23.4,24 23 2020-10-01_2020-12-31 LTBAvgDayHearingOrder Q3 2020-2021 (Other Applications).xlsx
2020_2021_Q3,2020-21 Q3,Q,T6,T6,55.2,24 23 2020-10-01_2020-12-31 LTBAvgDayHearingOrder Q3 2020-2021 (Other Applications).xlsx
2020_2021_Q4,2020-21 Q4,Q,L1,L1,25.2,24 24 2021-01-01_2021-03-31 LTBAvgDayHearingOrder Q4 2020-2021 (L1 & L9).xlsx
2020_2021_Q4,2020-21 Q4,Q,L9,L9,24.0,24 24 2021-01-01_2021-03-31 LTBAvgDayHearingOrder Q4 2020-2021 (L1 & L9).xlsx
2020_2021_Q4,2020-21 Q4,Q,A1_L,A1,28.2,24 25 2021-01-01_2021-03-31 LTBAvgDayHearingOrder Q4 2020-2021 (Other Applications).xlsx
2020_2021_Q4,2020-21 Q4,Q,A2_L,A2,10.4,24 25 2021-01-01_2021-03-31 LTBAvgDayHearingOrder Q4 2020-2021 (Other Applications).xlsx
2020_2021_Q4,2020-21 Q4,Q,A2_L/L1/L2,A2/L1/L2,7.0,24 25 2021-01-01_2021-03-31 LTBAvgDayHearingOrder Q4 2020-2021 (Other Applications).xlsx
2020_2021_Q4,2020-21 Q4,Q,A2_L/L2,A2/L2,12.0,24 25 2021-01-01_2021-03-31 LTBAvgDayHearingOrder Q4 2020-2021 (Other Applications).xlsx
2020_2021_Q4,2020-21 Q4,Q,L1/L2,L1/L2,11.5,24 25 2021-01-01_2021-03-31 LTBAvgDayHearingOrder Q4 2020-2021 (Other Applications).xlsx
2020_2021_Q4,2020-21 Q4,Q,L1/L2/L8,L1/L2/L8,4.0,24 25 2021-01-01_2021-03-31 LTBAvgDayHearingOrder Q4 2020-2021 (Other Applications).xlsx
2020_2021_Q4,2020-21 Q4,Q,L1/L3,L1/L3,5.4,24 25 2021-01-01_2021-03-31 LTBAvgDayHearingOrder Q4 2020-2021 (Other Applications).xlsx
2020_2021_Q4,2020-21 Q4,Q,L1/L8,L1/L8,31.0,24 25 2021-01-01_2021-03-31 LTBAvgDayHearingOrder Q4 2020-2021 (Other Applications).xlsx
2020_2021_Q4,2020-21 Q4,Q,L2,L2,15.0,24 25 2021-01-01_2021-03-31 LTBAvgDayHearingOrder Q4 2020-2021 (Other Applications).xlsx
2020_2021_Q4,2020-21 Q4,Q,L2/L8,L2/L8,10.0,24 25 2021-01-01_2021-03-31 LTBAvgDayHearingOrder Q4 2020-2021 (Other Applications).xlsx
2020_2021_Q4,2020-21 Q4,Q,L2/L9,L2/L9,4.9,24 25 2021-01-01_2021-03-31 LTBAvgDayHearingOrder Q4 2020-2021 (Other Applications).xlsx
2020_2021_Q4,2020-21 Q4,Q,L3,L3,9.0,24 25 2021-01-01_2021-03-31 LTBAvgDayHearingOrder Q4 2020-2021 (Other Applications).xlsx
2020_2021_Q4,2020-21 Q4,Q,L3/L9,L3/L9,4.7,24 25 2021-01-01_2021-03-31 LTBAvgDayHearingOrder Q4 2020-2021 (Other Applications).xlsx
2020_2021_Q4,2020-21 Q4,Q,L4,L4,15.3,24 25 2021-01-01_2021-03-31 LTBAvgDayHearingOrder Q4 2020-2021 (Other Applications).xlsx
2020_2021_Q4,2020-21 Q4,Q,L6,L6,6.0,24 25 2021-01-01_2021-03-31 LTBAvgDayHearingOrder Q4 2020-2021 (Other Applications).xlsx
2020_2021_Q4,2020-21 Q4,Q,L8,L8,89.0,24 25 2021-01-01_2021-03-31 LTBAvgDayHearingOrder Q4 2020-2021 (Other Applications).xlsx
2020_2021_Q4,2020-21 Q4,Q,A1_T,A1,4.5,24 25 2021-01-01_2021-03-31 LTBAvgDayHearingOrder Q4 2020-2021 (Other Applications).xlsx
2020_2021_Q4,2020-21 Q4,Q,A4_T/T2,A4/T2,185.0,24 25 2021-01-01_2021-03-31 LTBAvgDayHearingOrder Q4 2020-2021 (Other Applications).xlsx
2020_2021_Q4,2020-21 Q4,Q,T1,T1,27.8,24 25 2021-01-01_2021-03-31 LTBAvgDayHearingOrder Q4 2020-2021 (Other Applications).xlsx
2020_2021_Q4,2020-21 Q4,Q,T1/T2,T1/T2,26.4,24 25 2021-01-01_2021-03-31 LTBAvgDayHearingOrder Q4 2020-2021 (Other Applications).xlsx
2020_2021_Q4,2020-21 Q4,Q,T1/T2/T3,T1/T2/T3,5.0,24 25 2021-01-01_2021-03-31 LTBAvgDayHearingOrder Q4 2020-2021 (Other Applications).xlsx
2020_2021_Q4,2020-21 Q4,Q,T1/T2/T6,T1/T2/T6,24.3,24 25 2021-01-01_2021-03-31 LTBAvgDayHearingOrder Q4 2020-2021 (Other Applications).xlsx
2020_2021_Q4,2020-21 Q4,Q,T1/T5,T1/T5,18.0,24 25 2021-01-01_2021-03-31 LTBAvgDayHearingOrder Q4 2020-2021 (Other Applications).xlsx
2020_2021_Q4,2020-21 Q4,Q,T1/T6,T1/T6,3.0,24 25 2021-01-01_2021-03-31 LTBAvgDayHearingOrder Q4 2020-2021 (Other Applications).xlsx
2020_2021_Q4,2020-21 Q4,Q,T2,T2,35.3,24 25 2021-01-01_2021-03-31 LTBAvgDayHearingOrder Q4 2020-2021 (Other Applications).xlsx
2020_2021_Q4,2020-21 Q4,Q,T2/T3,T2/T3,238.0,24 25 2021-01-01_2021-03-31 LTBAvgDayHearingOrder Q4 2020-2021 (Other Applications).xlsx
2020_2021_Q4,2020-21 Q4,Q,T2/T3/T6,T2/T3/T6,41.0,24 25 2021-01-01_2021-03-31 LTBAvgDayHearingOrder Q4 2020-2021 (Other Applications).xlsx
2020_2021_Q4,2020-21 Q4,Q,T2/T6,T2/T6,67.2,24 25 2021-01-01_2021-03-31 LTBAvgDayHearingOrder Q4 2020-2021 (Other Applications).xlsx
2020_2021_Q4,2020-21 Q4,Q,T3,T3,5.8,24 25 2021-01-01_2021-03-31 LTBAvgDayHearingOrder Q4 2020-2021 (Other Applications).xlsx
2020_2021_Q4,2020-21 Q4,Q,T5,T5,17.7,24 25 2021-01-01_2021-03-31 LTBAvgDayHearingOrder Q4 2020-2021 (Other Applications).xlsx
2020_2021_Q4,2020-21 Q4,Q,T6,T6,31.7,24 25 2021-01-01_2021-03-31 LTBAvgDayHearingOrder Q4 2020-2021 (Other Applications).xlsx
2021_2022_Q1,2021-22 Q1,Q,L1,L1,23.1,24 26 2021-04-01_2021-06-30 LTBAvgDayHearingOrder Q1 2021-2022 (L1 & L9).xlsx
2021_2022_Q1,2021-22 Q1,Q,L9,L9,22.4,24 26 2021-04-01_2021-06-30 LTBAvgDayHearingOrder Q1 2021-2022 (L1 & L9).xlsx
2021_2022_Q1,2021-22 Q1,Q,A1_L,A1,11.2,24 27 2021-04-01_2021-06-30 LTBAvgDayHearingOrder Q1 2021-2022 (Other Applications).xlsx
2021_2022_Q1,2021-22 Q1,Q,A1_L/L1,A1/L1,44.0,24 27 2021-04-01_2021-06-30 LTBAvgDayHearingOrder Q1 2021-2022 (Other Applications).xlsx
2021_2022_Q1,2021-22 Q1,Q,A1_L/L1/L2,A1/L1/L2,6.0,24 27 2021-04-01_2021-06-30 LTBAvgDayHearingOrder Q1 2021-2022 (Other Applications).xlsx
2021_2022_Q1,2021-22 Q1,Q,A2_L,A2,10.8,24 27 2021-04-01_2021-06-30 LTBAvgDayHearingOrder Q1 2021-2022 (Other Applications).xlsx
2021_2022_Q1,2021-22 Q1,Q,A2_L/L1,A2/L1,11.0,24 27 2021-04-01_2021-06-30 LTBAvgDayHearingOrder Q1 2021-2022 (Other Applications).xlsx
2021_2022_Q1,2021-22 Q1,Q,A2_L/L1/L2,A2/L1/L2,16.0,24 27 2021-04-01_2021-06-30 LTBAvgDayHearingOrder Q1 2021-2022 (Other Applications).xlsx
2021_2022_Q1,2021-22 Q1,Q,A2_L/L2,A2/L2,234.0,24 27 2021-04-01_2021-06-30 LTBAvgDayHearingOrder Q1 2021-2022 (Other Applications).xlsx
2021_2022_Q1,2021-22 Q1,Q,A2_L/L9,A2/L9,2.0,24 27 2021-04-01_2021-06-30 LTBAvgDayHearingOrder Q1 2021-2022 (Other Applications).xlsx
2021_2022_Q1,2021-22 Q1,Q,L1/L2,L1/L2,16.7,24 27 2021-04-01_2021-06-30 LTBAvgDayHearingOrder Q1 2021-2022 (Other Applications).xlsx
2021_2022_Q1,2021-22 Q1,Q,L1/L2/L3,L1/L2/L3,11.0,24 27 2021-04-01_2021-06-30 LTBAvgDayHearingOrder Q1 2021-2022 (Other Applications).xlsx
2021_2022_Q1,2021-22 Q1,Q,L1/L2/L8,L1/L2/L8,16.7,24 27 2021-04-01_2021-06-30 LTBAvgDayHearingOrder Q1 2021-2022 (Other Applications).xlsx
2021_2022_Q1,2021-22 Q1,Q,L1/L2/L9,L1/L2/L9,2.0,24 27 2021-04-01_2021-06-30 LTBAvgDayHearingOrder Q1 2021-2022 (Other Applications).xlsx
2021_2022_Q1,2021-22 Q1,Q,L1/L3,L1/L3,5.5,24 27 2021-04-01_2021-06-30 LTBAvgDayHearingOrder Q1 2021-2022 (Other Applications).xlsx
2021_2022_Q1,2021-22 Q1,Q,L2,L2,19.0,24 27 2021-04-01_2021-06-30 LTBAvgDayHearingOrder Q1 2021-2022 (Other Applications).xlsx
2021_2022_Q1,2021-22 Q1,Q,L2/L8,L2/L8,10.0,24 27 2021-04-01_2021-06-30 LTBAvgDayHearingOrder Q1 2021-2022 (Other Applications).xlsx
2021_2022_Q1,2021-22 Q1,Q,L2/L8/L9,L2/L8/L9,7.0,24 27 2021-04-01_2021-06-30 LTBAvgDayHearingOrder Q1 2021-2022 (Other Applications).xlsx
2021_2022_Q1,2021-22 Q1,Q,L2/L9,L2/L9,9.4,24 27 2021-04-01_2021-06-30 LTBAvgDayHearingOrder Q1 2021-2022 (Other Applications).xlsx
2021_2022_Q1,2021-22 Q1,Q,L3,L3,10.8,24 27 2021-04-01_2021-06-30 LTBAvgDayHearingOrder Q1 2021-2022 (Other Applications).xlsx
2021_2022_Q1,2021-22 Q1,Q,L3/L9,L3/L9,8.5,24 27 2021-04-01_2021-06-30 LTBAvgDayHearingOrder Q1 2021-2022 (Other Applications).xlsx
2021_2022_Q1,2021-22 Q1,Q,L4,L4,12.2,24 27 2021-04-01_2021-06-30 LTBAvgDayHearingOrder Q1 2021-2022 (Other Applications).xlsx
2021_2022_Q1,2021-22 Q1,Q,L8,L8,9.0,24 27 2021-04-01_2021-06-30 LTBAvgDayHearingOrder Q1 2021-2022 (Other Applications).xlsx
2021_2022_Q1,2021-22 Q1,Q,A1_T,A1,24.0,24 27 2021-04-01_2021-06-30 LTBAvgDayHearingOrder Q1 2021-2022 (Other Applications).xlsx
2021_2022_Q1,2021-22 Q1,Q,A2_T,A2,11.6,24 27 2021-04-01_2021-06-30 LTBAvgDayHearingOrder Q1 2021-2022 (Other Applications).xlsx
2021_2022_Q1,2021-22 Q1,Q,A2_T/T1,A2/T1,20.0,24 27 2021-04-01_2021-06-30 LTBAvgDayHearingOrder Q1 2021-2022 (Other Applications).xlsx
2021_2022_Q1,2021-22 Q1,Q,T1,T1,25.6,24 27 2021-04-01_2021-06-30 LTBAvgDayHearingOrder Q1 2021-2022 (Other Applications).xlsx
2021_2022_Q1,2021-22 Q1,Q,T1/T2,T1/T2,19.8,24 27 2021-04-01_2021-06-30 LTBAvgDayHearingOrder Q1 2021-2022 (Other Applications).xlsx
2021_2022_Q1,2021-22 Q1,Q,T1/T2/T3/T6,T1/T2/T3/T6,17.0,24 27 2021-04-01_2021-06-30 LTBAvgDayHearingOrder Q1 2021-2022 (Other Applications).xlsx
2021_2022_Q1,2021-22 Q1,Q,T1/T2/T5,T1/T2/T5,26.0,24 27 2021-04-01_2021-06-30 LTBAvgDayHearingOrder Q1 2021-2022 (Other Applications).xlsx
2021_2022_Q1,2021-22 Q1,Q,T1/T2/T5/T6,T1/T2/T5/T6,43.0,24 27 2021-04-01_2021-06-30 LTBAvgDayHearingOrder Q1 2021-2022 (Other Applications).xlsx
2021_2022_Q1,2021-22 Q1,Q,T1/T2/T6,T1/T2/T6,76.5,24 27 2021-04-01_2021-06-30 LTBAvgDayHearingOrder Q1 2021-2022 (Other Applications).xlsx
2021_2022_Q1,2021-22 Q1,Q,T1/T3/T6,T1/T3/T6,35.0,24 27 2021-04-01_2021-06-30 LTBAvgDayHearingOrder Q1 2021-2022 (Other Applications).xlsx
2021_2022_Q1,2021-22 Q1,Q,T1/T5,T1/T5,24.5,24 27 2021-04-01_2021-06-30 LTBAvgDayHearingOrder Q1 2021-2022 (Other Applications).xlsx
2021_2022_Q1,2021-22 Q1,Q,T1/T6,T1/T6,45.5,24 27 2021-04-01_2021-06-30 LTBAvgDayHearingOrder Q1 2021-2022 (Other Applications).xlsx
2021_2022_Q1,2021-22 Q1,Q,T2,T2,36.7,24 27 2021-04-01_2021-06-30 LTBAvgDayHearingOrder Q1 2021-2022 (Other Applications).xlsx
2021_2022_Q1,2021-22 Q1,Q,T2/T3,T2/T3,3.0,24 27 2021-04-01_2021-06-30 LTBAvgDayHearingOrder Q1 2021-2022 (Other Applications).xlsx
2021_2022_Q1,2021-22 Q1,Q,T2/T6,T2/T6,82.6,24 27 2021-04-01_2021-06-30 LTBAvgDayHearingOrder Q1 2021-2022 (Other Applications).xlsx
2021_2022_Q1,2021-22 Q1,Q,T3,T3,12.0,24 27 2021-04-01_2021-06-30 LTBAvgDayHearingOrder Q1 2021-2022 (Other Applications).xlsx
2021_2022_Q1,2021-22 Q1,Q,T3/T6,T3/T6,14.5,24 27 2021-04-01_2021-06-30 LTBAvgDayHearingOrder Q1 2021-2022 (Other Applications).xlsx
2021_2022_Q1,2021-22 Q1,Q,T4,T4,2.0,24 27 2021-04-01_2021-06-30 LTBAvgDayHearingOrder Q1 2021-2022 (Other Applications).xlsx
2021_2022_Q1,2021-22 Q1,Q,T5,T5,14.8,24 27 2021-04-01_2021-06-30 LTBAvgDayHearingOrder Q1 2021-2022 (Other Applications).xlsx
2021_2022_Q1,2021-22 Q1,Q,T6,T6,41.8,24 27 2021-04-01_2021-06-30 LTBAvgDayHearingOrder Q1 2021-2022 (Other Applications).xlsx
2021_2022_Q1,2021-22 Q1,Q,T7,T7,57.0,24 27 2021-04-01_2021-06-30 LTBAvgDayHearingOrder Q1 2021-2022 (Other Applications).xlsx
2021_2022_Q2,2021-22 Q2,Q,L1,L1,21.1,24 28 2021-07-01_2021-09-30 LTBAvgDayHearingOrder Q2 2021-2022 (L1 & L9).xlsx
2021_2022_Q2,2021-22 Q2,Q,L9,L9,17.7,24 28 2021-07-01_2021-09-30 LTBAvgDayHearingOrder Q2 2021-2022 (L1 & L9).xlsx
2021_2022_Q2,2021-22 Q2,Q,A1_L,A1,18.2,24 29 2021-07-01_2021-09-30 LTBAvgDayHearingOrder Q2 2021-2022 (Other Applications).xlsx
2021_2022_Q2,2021-22 Q2,Q,A1_L/L1/L2,A1/L1/L2,9.0,24 29 2021-07-01_2021-09-30 LTBAvgDayHearingOrder Q2 2021-2022 (Other Applications).xlsx
2021_2022_Q2,2021-22 Q2,Q,A1_L/L2,A1/L2,39.0,24 29 2021-07-01_2021-09-30 LTBAvgDayHearingOrder Q2 2021-2022 (Other Applications).xlsx
2021_2022_Q2,2021-22 Q2,Q,A2_L,A2,24.3,24 29 2021-07-01_2021-09-30 LTBAvgDayHearingOrder Q2 2021-2022 (Other Applications).xlsx
2021_2022_Q2,2021-22 Q2,Q,A2_L/L1,A2/L1,1.0,24 29 2021-07-01_2021-09-30 LTBAvgDayHearingOrder Q2 2021-2022 (Other Applications).xlsx
2021_2022_Q2,2021-22 Q2,Q,A2_L/L2,A2/L2,68.0,24 29 2021-07-01_2021-09-30 LTBAvgDayHearingOrder Q2 2021-2022 (Other Applications).xlsx
2021_2022_Q2,2021-22 Q2,Q,A2_L/L3,A2/L3,9.7,24 29 2021-07-01_2021-09-30 LTBAvgDayHearingOrder Q2 2021-2022 (Other Applications).xlsx
2021_2022_Q2,2021-22 Q2,Q,L1/L2,L1/L2,29.0,24 29 2021-07-01_2021-09-30 LTBAvgDayHearingOrder Q2 2021-2022 (Other Applications).xlsx
2021_2022_Q2,2021-22 Q2,Q,L1/L2/L3,L1/L2/L3,3.0,24 29 2021-07-01_2021-09-30 LTBAvgDayHearingOrder Q2 2021-2022 (Other Applications).xlsx
2021_2022_Q2,2021-22 Q2,Q,L1/L2/L8,L1/L2/L8,17.0,24 29 2021-07-01_2021-09-30 LTBAvgDayHearingOrder Q2 2021-2022 (Other Applications).xlsx
2021_2022_Q2,2021-22 Q2,Q,L1/L3,L1/L3,4.0,24 29 2021-07-01_2021-09-30 LTBAvgDayHearingOrder Q2 2021-2022 (Other Applications).xlsx
2021_2022_Q2,2021-22 Q2,Q,L1/L8,L1/L8,46.0,24 29 2021-07-01_2021-09-30 LTBAvgDayHearingOrder Q2 2021-2022 (Other Applications).xlsx
2021_2022_Q2,2021-22 Q2,Q,L2,L2,23.9,24 29 2021-07-01_2021-09-30 LTBAvgDayHearingOrder Q2 2021-2022 (Other Applications).xlsx
2021_2022_Q2,2021-22 Q2,Q,L2/L3,L2/L3,24.0,24 29 2021-07-01_2021-09-30 LTBAvgDayHearingOrder Q2 2021-2022 (Other Applications).xlsx
2021_2022_Q2,2021-22 Q2,Q,L2/L8,L2/L8,30.2,24 29 2021-07-01_2021-09-30 LTBAvgDayHearingOrder Q2 2021-2022 (Other Applications).xlsx
2021_2022_Q2,2021-22 Q2,Q,L2/L9,L2/L9,27.8,24 29 2021-07-01_2021-09-30 LTBAvgDayHearingOrder Q2 2021-2022 (Other Applications).xlsx
2021_2022_Q2,2021-22 Q2,Q,L3,L3,18.4,24 29 2021-07-01_2021-09-30 LTBAvgDayHearingOrder Q2 2021-2022 (Other Applications).xlsx
2021_2022_Q2,2021-22 Q2,Q,L3/L9,L3/L9,25.3,24 29 2021-07-01_2021-09-30 LTBAvgDayHearingOrder Q2 2021-2022 (Other Applications).xlsx
2021_2022_Q2,2021-22 Q2,Q,L4,L4,25.5,24 29 2021-07-01_2021-09-30 LTBAvgDayHearingOrder Q2 2021-2022 (Other Applications).xlsx
2021_2022_Q2,2021-22 Q2,Q,L8,L8,27.3,24 29 2021-07-01_2021-09-30 LTBAvgDayHearingOrder Q2 2021-2022 (Other Applications).xlsx
2021_2022_Q2,2021-22 Q2,Q,A1_T,A1,30.8,24 29 2021-07-01_2021-09-30 LTBAvgDayHearingOrder Q2 2021-2022 (Other Applications).xlsx
2021_2022_Q2,2021-22 Q2,Q,A1_T/T2,A1/T2,51.0,24 29 2021-07-01_2021-09-30 LTBAvgDayHearingOrder Q2 2021-2022 (Other Applications).xlsx
2021_2022_Q2,2021-22 Q2,Q,A2_T,A2,5.0,24 29 2021-07-01_2021-09-30 LTBAvgDayHearingOrder Q2 2021-2022 (Other Applications).xlsx
2021_2022_Q2,2021-22 Q2,Q,L9/T2,L9/T2,52.0,24 29 2021-07-01_2021-09-30 LTBAvgDayHearingOrder Q2 2021-2022 (Other Applications).xlsx
2021_2022_Q2,2021-22 Q2,Q,T1,T1,14.7,24 29 2021-07-01_2021-09-30 LTBAvgDayHearingOrder Q2 2021-2022 (Other Applications).xlsx
2021_2022_Q2,2021-22 Q2,Q,T1/T2,T1/T2,25.3,24 29 2021-07-01_2021-09-30 LTBAvgDayHearingOrder Q2 2021-2022 (Other Applications).xlsx
2021_2022_Q2,2021-22 Q2,Q,T1/T2/T5,T1/T2/T5,343.0,24 29 2021-07-01_2021-09-30 LTBAvgDayHearingOrder Q2 2021-2022 (Other Applications).xlsx
2021_2022_Q2,2021-22 Q2,Q,T1/T2/T6,T1/T2/T6,8.3,24 29 2021-07-01_2021-09-30 LTBAvgDayHearingOrder Q2 2021-2022 (Other Applications).xlsx
2021_2022_Q2,2021-22 Q2,Q,T1/T5,T1/T5,196.5,24 29 2021-07-01_2021-09-30 LTBAvgDayHearingOrder Q2 2021-2022 (Other Applications).xlsx
2021_2022_Q2,2021-22 Q2,Q,T1/T6,T1/T6,10.3,24 29 2021-07-01_2021-09-30 LTBAvgDayHearingOrder Q2 2021-2022 (Other Applications).xlsx
2021_2022_Q2,2021-22 Q2,Q,T2,T2,77.5,24 29 2021-07-01_2021-09-30 LTBAvgDayHearingOrder Q2 2021-2022 (Other Applications).xlsx
2021_2022_Q2,2021-22 Q2,Q,T2/T3,T2/T3,59.0,24 29 2021-07-01_2021-09-30 LTBAvgDayHearingOrder Q2 2021-2022 (Other Applications).xlsx
2021_2022_Q2,2021-22 Q2,Q,T2/T3/T5/T6,T2/T3/T5/T6,84.0,24 29 2021-07-01_2021-09-30 LTBAvgDayHearingOrder Q2 2021-2022 (Other Applications).xlsx
2021_2022_Q2,2021-22 Q2,Q,T2/T3/T6,T2/T3/T6,7.0,24 29 2021-07-01_2021-09-30 LTBAvgDayHearingOrder Q2 2021-2022 (Other Applications).xlsx
2021_2022_Q2,2021-22 Q2,Q,T2/T5,T2/T5,254.0,24 29 2021-07-01_2021-09-30 LTBAvgDayHearingOrder Q2 2021-2022 (Other Applications).xlsx
2021_2022_Q2,2021-22 Q2,Q,T2/T6,T2/T6,71.1,24 29 2021-07-01_2021-09-30 LTBAvgDayHearingOrder Q2 2021-2022 (Other Applications).xlsx
2021_2022_Q2,2021-22 Q2,Q,T3,T3,43.7,24 29 2021-07-01_2021-09-30 LTBAvgDayHearingOrder Q2 2021-2022 (Other Applications).xlsx
2021_2022_Q2,2021-22 Q2,Q,T3/T6,T3/T6,3.0,24 29 2021-07-01_2021-09-30 LTBAvgDayHearingOrder Q2 2021-2022 (Other Applications).xlsx
2021_2022_Q2,2021-22 Q2,Q,T5,T5,55.0,24 29 2021-07-01_2021-09-30 LTBAvgDayHearingOrder Q2 2021-2022 (Other Applications).xlsx
2021_2022_Q2,2021-22 Q2,Q,T6,T6,60.5,24 29 2021-07-01_2021-09-30 LTBAvgDayHearingOrder Q2 2021-2022 (Other Applications).xlsx
2021_2022_Q3,2021-22 Q3,Q,L1,L1,23.1,24 30 2021-10-01_2021-12-31 LTBAvgDayHearingOrder Q3 2021-2022 (L1 & L9).xlsx
2021_2022_Q3,2021-22 Q3,Q,L9,L9,16.2,24 30 2021-10-01_2021-12-31 LTBAvgDayHearingOrder Q3 2021-2022 (L1 & L9).xlsx
2021_2022_Q3,2021-22 Q3,Q,A1_L,A1,28.6,24 31 2021-10-01_2021-12-31 LTBAvgDayHearingOrder Q3 2021-2022 (Other Applications).xlsx
2021_2022_Q3,2021-22 Q3,Q,A2_L,A2,41.7,24 31 2021-10-01_2021-12-31 LTBAvgDayHearingOrder Q3 2021-2022 (Other Applications).xlsx
2021_2022_Q3,2021-22 Q3,Q,A2_L/L1/L2,A2/L1/L2,7.0,24 31 2021-10-01_2021-12-31 LTBAvgDayHearingOrder Q3 2021-2022 (Other Applications).xlsx
2021_2022_Q3,2021-22 Q3,Q,A2_L/L2,A2/L2,8.5,24 31 2021-10-01_2021-12-31 LTBAvgDayHearingOrder Q3 2021-2022 (Other Applications).xlsx
2021_2022_Q3,2021-22 Q3,Q,A2_L/L3,A2/L3,61.0,24 31 2021-10-01_2021-12-31 LTBAvgDayHearingOrder Q3 2021-2022 (Other Applications).xlsx
2021_2022_Q3,2021-22 Q3,Q,L1/L2,L1/L2,37.8,24 31 2021-10-01_2021-12-31 LTBAvgDayHearingOrder Q3 2021-2022 (Other Applications).xlsx
2021_2022_Q3,2021-22 Q3,Q,L1/L2/L8,L1/L2/L8,72.0,24 31 2021-10-01_2021-12-31 LTBAvgDayHearingOrder Q3 2021-2022 (Other Applications).xlsx
2021_2022_Q3,2021-22 Q3,Q,L1/L2/L8/L9,L1/L2/L8/L9,119.0,24 31 2021-10-01_2021-12-31 LTBAvgDayHearingOrder Q3 2021-2022 (Other Applications).xlsx
2021_2022_Q3,2021-22 Q3,Q,L2,L2,39.8,24 31 2021-10-01_2021-12-31 LTBAvgDayHearingOrder Q3 2021-2022 (Other Applications).xlsx
2021_2022_Q3,2021-22 Q3,Q,L2/L8,L2/L8,13.5,24 31 2021-10-01_2021-12-31 LTBAvgDayHearingOrder Q3 2021-2022 (Other Applications).xlsx
2021_2022_Q3,2021-22 Q3,Q,L2/L9,L2/L9,45.3,24 31 2021-10-01_2021-12-31 LTBAvgDayHearingOrder Q3 2021-2022 (Other Applications).xlsx
2021_2022_Q3,2021-22 Q3,Q,L3,L3,28.6,24 31 2021-10-01_2021-12-31 LTBAvgDayHearingOrder Q3 2021-2022 (Other Applications).xlsx
2021_2022_Q3,2021-22 Q3,Q,L4,L4,25.6,24 31 2021-10-01_2021-12-31 LTBAvgDayHearingOrder Q3 2021-2022 (Other Applications).xlsx
2021_2022_Q3,2021-22 Q3,Q,L7,L7,36.0,24 31 2021-10-01_2021-12-31 LTBAvgDayHearingOrder Q3 2021-2022 (Other Applications).xlsx
2021_2022_Q3,2021-22 Q3,Q,L8,L8,29.5,24 31 2021-10-01_2021-12-31 LTBAvgDayHearingOrder Q3 2021-2022 (Other Applications).xlsx
2021_2022_Q3,2021-22 Q3,Q,A1_T,A1,17.5,24 31 2021-10-01_2021-12-31 LTBAvgDayHearingOrder Q3 2021-2022 (Other Applications).xlsx
2021_2022_Q3,2021-22 Q3,Q,A1_T/T2,A1/T2,54.5,24 31 2021-10-01_2021-12-31 LTBAvgDayHearingOrder Q3 2021-2022 (Other Applications).xlsx
2021_2022_Q3,2021-22 Q3,Q,A2_T,A2,68.8,24 31 2021-10-01_2021-12-31 LTBAvgDayHearingOrder Q3 2021-2022 (Other Applications).xlsx
2021_2022_Q3,2021-22 Q3,Q,A2_T/T2,A2/T2,2.0,24 31 2021-10-01_2021-12-31 LTBAvgDayHearingOrder Q3 2021-2022 (Other Applications).xlsx
2021_2022_Q3,2021-22 Q3,Q,T1,T1,62.0,24 31 2021-10-01_2021-12-31 LTBAvgDayHearingOrder Q3 2021-2022 (Other Applications).xlsx
2021_2022_Q3,2021-22 Q3,Q,T1/T2,T1/T2,114.2,24 31 2021-10-01_2021-12-31 LTBAvgDayHearingOrder Q3 2021-2022 (Other Applications).xlsx
2021_2022_Q3,2021-22 Q3,Q,T1/T2/T3,T1/T2/T3,317.5,24 31 2021-10-01_2021-12-31 LTBAvgDayHearingOrder Q3 2021-2022 (Other Applications).xlsx
2021_2022_Q3,2021-22 Q3,Q,T1/T2/T3/T6,T1/T2/T3/T6,199.0,24 31 2021-10-01_2021-12-31 LTBAvgDayHearingOrder Q3 2021-2022 (Other Applications).xlsx
2021_2022_Q3,2021-22 Q3,Q,T1/T2/T5,T1/T2/T5,151.0,24 31 2021-10-01_2021-12-31 LTBAvgDayHearingOrder Q3 2021-2022 (Other Applications).xlsx
2021_2022_Q3,2021-22 Q3,Q,T1/T2/T6,T1/T2/T6,111.4,24 31 2021-10-01_2021-12-31 LTBAvgDayHearingOrder Q3 2021-2022 (Other Applications).xlsx
2021_2022_Q3,2021-22 Q3,Q,T1/T3,T1/T3,3.0,24 31 2021-10-01_2021-12-31 LTBAvgDayHearingOrder Q3 2021-2022 (Other Applications).xlsx
2021_2022_Q3,2021-22 Q3,Q,T1/T4,T1/T4,29.0,24 31 2021-10-01_2021-12-31 LTBAvgDayHearingOrder Q3 2021-2022 (Other Applications).xlsx
2021_2022_Q3,2021-22 Q3,Q,T1/T5,T1/T5,141.2,24 31 2021-10-01_2021-12-31 LTBAvgDayHearingOrder Q3 2021-2022 (Other Applications).xlsx
2021_2022_Q3,2021-22 Q3,Q,T1/T6,T1/T6,150.3,24 31 2021-10-01_2021-12-31 LTBAvgDayHearingOrder Q3 2021-2022 (Other Applications).xlsx
2021_2022_Q3,2021-22 Q3,Q,T2,T2,109.3,24 31 2021-10-01_2021-12-31 LTBAvgDayHearingOrder Q3 2021-2022 (Other Applications).xlsx
2021_2022_Q3,2021-22 Q3,Q,T2/T3,T2/T3,63.3,24 31 2021-10-01_2021-12-31 LTBAvgDayHearingOrder Q3 2021-2022 (Other Applications).xlsx
2021_2022_Q3,2021-22 Q3,Q,T2/T3/T6,T2/T3/T6,85.6,24 31 2021-10-01_2021-12-31 LTBAvgDayHearingOrder Q3 2021-2022 (Other Applications).xlsx
2021_2022_Q3,2021-22 Q3,Q,T2/T5,T2/T5,71.0,24 31 2021-10-01_2021-12-31 LTBAvgDayHearingOrder Q3 2021-2022 (Other Applications).xlsx
2021_2022_Q3,2021-22 Q3,Q,T2/T6,T2/T6,129.0,24 31 2021-10-01_2021-12-31 LTBAvgDayHearingOrder Q3 2021-2022 (Other Applications).xlsx
2021_2022_Q3,2021-22 Q3,Q,T3,T3,48.6,24 31 2021-10-01_2021-12-31 LTBAvgDayHearingOrder Q3 2021-2022 (Other Applications).xlsx
2021_2022_Q3,2021-22 Q3,Q,T5,T5,58.6,24 31 2021-10-01_2021-12-31 LTBAvgDayHearingOrder Q3 2021-2022 (Other Applications).xlsx
2021_2022_Q3,2021-22 Q3,Q,T5/T6,T5/T6,4.5,24 31 2021-10-01_2021-12-31 LTBAvgDayHearingOrder Q3 2021-2022 (Other Applications).xlsx
2021_2022_Q3,2021-22 Q3,Q,T6,T6,96.4,24 31 2021-10-01_2021-12-31 LTBAvgDayHearingOrder Q3 2021-2022 (Other Applications).xlsx
2021_2022_Q3,2021-22 Q3,Q,T7,T7,142.0,24 31 2021-10-01_2021-12-31 LTBAvgDayHearingOrder Q3 2021-2022 (Other Applications).xlsx
2022_2023_Q1,2022-23 Q1,Q,L1,L1,26.977664326738992,24 34 2022-04-01_2022-06-30 LTBAvgDayHearingOrder Q1 2022-2023 (L1 & L9).xlsx
2022_2023_Q1,2022-23 Q1,Q,L9,L9,25.206349206349206,24 34 2022-04-01_2022-06-30 LTBAvgDayHearingOrder Q1 2022-2023 (L1 & L9).xlsx
2022_2023_Q1,2022-23 Q1,Q,A1_L,A1,63.36363636363637,24 35 2022-04-01_2022-06-30 LTBAvgDayHearingOrder Q1 2022-2023 (Other Applications).xlsx
2022_2023_Q1,2022-23 Q1,Q,A1_L/A2_L,A1/A2,36.0,24 35 2022-04-01_2022-06-30 LTBAvgDayHearingOrder Q1 2022-2023 (Other Applications).xlsx
2022_2023_Q1,2022-23 Q1,Q,A2_L,A2,36.26315789473684,24 35 2022-04-01_2022-06-30 LTBAvgDayHearingOrder Q1 2022-2023 (Other Applications).xlsx
2022_2023_Q1,2022-23 Q1,Q,A2_L/L3,A2/L3,24.0,24 35 2022-04-01_2022-06-30 LTBAvgDayHearingOrder Q1 2022-2023 (Other Applications).xlsx
2022_2023_Q1,2022-23 Q1,Q,L1/L2,L1/L2,91.06,24 35 2022-04-01_2022-06-30 LTBAvgDayHearingOrder Q1 2022-2023 (Other Applications).xlsx
2022_2023_Q1,2022-23 Q1,Q,L1/L2/L8,L1/L2/L8,297.5,24 35 2022-04-01_2022-06-30 LTBAvgDayHearingOrder Q1 2022-2023 (Other Applications).xlsx
2022_2023_Q1,2022-23 Q1,Q,L1/L3,L1/L3,8.0,24 35 2022-04-01_2022-06-30 LTBAvgDayHearingOrder Q1 2022-2023 (Other Applications).xlsx
2022_2023_Q1,2022-23 Q1,Q,L2,L2,73.30321592649311,24 35 2022-04-01_2022-06-30 LTBAvgDayHearingOrder Q1 2022-2023 (Other Applications).xlsx
2022_2023_Q1,2022-23 Q1,Q,L2/L3/L9,L2/L3/L9,73.0,24 35 2022-04-01_2022-06-30 LTBAvgDayHearingOrder Q1 2022-2023 (Other Applications).xlsx
2022_2023_Q1,2022-23 Q1,Q,L2/L8,L2/L8,59.0,24 35 2022-04-01_2022-06-30 LTBAvgDayHearingOrder Q1 2022-2023 (Other Applications).xlsx
2022_2023_Q1,2022-23 Q1,Q,L3,L3,26.626262626262626,24 35 2022-04-01_2022-06-30 LTBAvgDayHearingOrder Q1 2022-2023 (Other Applications).xlsx
2022_2023_Q1,2022-23 Q1,Q,L3/L9,L3/L9,19.0,24 35 2022-04-01_2022-06-30 LTBAvgDayHearingOrder Q1 2022-2023 (Other Applications).xlsx
2022_2023_Q1,2022-23 Q1,Q,L4,L4,29.377308707124012,24 35 2022-04-01_2022-06-30 LTBAvgDayHearingOrder Q1 2022-2023 (Other Applications).xlsx
2022_2023_Q1,2022-23 Q1,Q,A1_T,A1,42.285714285714285,24 35 2022-04-01_2022-06-30 LTBAvgDayHearingOrder Q1 2022-2023 (Other Applications).xlsx
2022_2023_Q1,2022-23 Q1,Q,A2_T,A2,50.214285714285715,24 35 2022-04-01_2022-06-30 LTBAvgDayHearingOrder Q1 2022-2023 (Other Applications).xlsx
2022_2023_Q1,2022-23 Q1,Q,A2_T/T2/T6,A2/T2/T6,36.0,24 35 2022-04-01_2022-06-30 LTBAvgDayHearingOrder Q1 2022-2023 (Other Applications).xlsx
2022_2023_Q1,2022-23 Q1,Q,T1,T1,43.6271186440678,24 35 2022-04-01_2022-06-30 LTBAvgDayHearingOrder Q1 2022-2023 (Other Applications).xlsx
2022_2023_Q1,2022-23 Q1,Q,T1/T2,T1/T2,85.9047619047619,24 35 2022-04-01_2022-06-30 LTBAvgDayHearingOrder Q1 2022-2023 (Other Applications).xlsx
2022_2023_Q1,2022-23 Q1,Q,T1/T2/T3,T1/T2/T3,37.0,24 35 2022-04-01_2022-06-30 LTBAvgDayHearingOrder Q1 2022-2023 (Other Applications).xlsx
2022_2023_Q1,2022-23 Q1,Q,T1/T2/T3/T7,T1/T2/T3/T7,68.0,24 35 2022-04-01_2022-06-30 LTBAvgDayHearingOrder Q1 2022-2023 (Other Applications).xlsx
2022_2023_Q1,2022-23 Q1,Q,T1/T2/T5,T1/T2/T5,71.5,24 35 2022-04-01_2022-06-30 LTBAvgDayHearingOrder Q1 2022-2023 (Other Applications).xlsx
2022_2023_Q1,2022-23 Q1,Q,T1/T2/T6,T1/T2/T6,68.9375,24 35 2022-04-01_2022-06-30 LTBAvgDayHearingOrder Q1 2022-2023 (Other Applications).xlsx
2022_2023_Q1,2022-23 Q1,Q,T1/T5,T1/T5,40.6,24 35 2022-04-01_2022-06-30 LTBAvgDayHearingOrder Q1 2022-2023 (Other Applications).xlsx
2022_2023_Q1,2022-23 Q1,Q,T1/T5/T6,T1/T5/T6,14.0,24 35 2022-04-01_2022-06-30 LTBAvgDayHearingOrder Q1 2022-2023 (Other Applications).xlsx
2022_2023_Q1,2022-23 Q1,Q,T1/T6,T1/T6,167.2,24 35 2022-04-01_2022-06-30 LTBAvgDayHearingOrder Q1 2022-2023 (Other Applications).xlsx
2022_2023_Q1,2022-23 Q1,Q,T2,T2,66.28111587982832,24 35 2022-04-01_2022-06-30 LTBAvgDayHearingOrder Q1 2022-2023 (Other Applications).xlsx
2022_2023_Q1,2022-23 Q1,Q,T2/T3,T2/T3,59.142857142857146,24 35 2022-04-01_2022-06-30 LTBAvgDayHearingOrder Q1 2022-2023 (Other Applications).xlsx
2022_2023_Q1,2022-23 Q1,Q,T2/T3/T5/T6,T2/T3/T5/T6,39.0,24 35 2022-04-01_2022-06-30 LTBAvgDayHearingOrder Q1 2022-2023 (Other Applications).xlsx
2022_2023_Q1,2022-23 Q1,Q,T2/T3/T6,T2/T3/T6,27.5,24 35 2022-04-01_2022-06-30 LTBAvgDayHearingOrder Q1 2022-2023 (Other Applications).xlsx
2022_2023_Q1,2022-23 Q1,Q,T2/T5,T2/T5,107.25,24 35 2022-04-01_2022-06-30 LTBAvgDayHearingOrder Q1 2022-2023 (Other Applications).xlsx
2022_2023_Q1,2022-23 Q1,Q,T2/T5/T6,T2/T5/T6,83.0,24 35 2022-04-01_2022-06-30 LTBAvgDayHearingOrder Q1 2022-2023 (Other Applications).xlsx
2022_2023_Q1,2022-23 Q1,Q,T2/T6,T2/T6,85.5,24 35 2022-04-01_2022-06-30 LTBAvgDayHearingOrder Q1 2022-2023 (Other Applications).xlsx
2022_2023_Q1,2022-23 Q1,Q,T3,T3,33.333333333333336,24 35 2022-04-01_2022-06-30 LTBAvgDayHearingOrder Q1 2022-2023 (Other Applications).xlsx
2022_2023_Q1,2022-23 Q1,Q,T3/T6,T3/T6,563.0,24 35 2022-04-01_2022-06-30 LTBAvgDayHearingOrder Q1 2022-2023 (Other Applications).xlsx
2022_2023_Q1,2022-23 Q1,Q,T4,T4,6.0,24 35 2022-04-01_2022-06-30 LTBAvgDayHearingOrder Q1 2022-2023 (Other Applications).xlsx
2022_2023_Q1,2022-23 Q1,Q,T5,T5,58.43564356435643,24 35 2022-04-01_2022-06-30 LTBAvgDayHearingOrder Q1 2022-2023 (Other Applications).xlsx
2022_2023_Q1,2022-23 Q1,Q,T6,T6,68.22866894197952,24 35 2022-04-01_2022-06-30 LTBAvgDayHearingOrder Q1 2022-2023 (Other Applications).xlsx
2022_2023_Q2,2022-23 Q2,Q,L1,L1,50.87407407407407,24 36 2022-07-01_2022-09-30 LTBAvgDayHearingOrder Q2 2022-2023 (L1 & L9).xlsx
2022_2023_Q2,2022-23 Q2,Q,L9,L9,59.3421052631579,24 36 2022-07-01_2022-09-30 LTBAvgDayHearingOrder Q2 2022-2023 (L1 & L9).xlsx
2022_2023_Q2,2022-23 Q2,Q,A1_L,A1,43.666666666666664,24 37 2022-07-01_2022-09-30 LTBAvgDayHearingOrder Q2 2022-2023 (Other Applications).xlsx
2022_2023_Q2,2022-23 Q2,Q,A2_L,A2,91.33333333333333,24 37 2022-07-01_2022-09-30 LTBAvgDayHearingOrder Q2 2022-2023 (Other Applications).xlsx
2022_2023_Q2,2022-23 Q2,Q,A2_L/L2,A2/L2,11.0,24 37 2022-07-01_2022-09-30 LTBAvgDayHearingOrder Q2 2022-2023 (Other Applications).xlsx
2022_2023_Q2,2022-23 Q2,Q,L1/L2,L1/L2,76.63157894736842,24 37 2022-07-01_2022-09-30 LTBAvgDayHearingOrder Q2 2022-2023 (Other Applications).xlsx
2022_2023_Q2,2022-23 Q2,Q,L1/L3,L1/L3,19.0,24 37 2022-07-01_2022-09-30 LTBAvgDayHearingOrder Q2 2022-2023 (Other Applications).xlsx
2022_2023_Q2,2022-23 Q2,Q,L1/L9,L1/L9,11.0,24 37 2022-07-01_2022-09-30 LTBAvgDayHearingOrder Q2 2022-2023 (Other Applications).xlsx
2022_2023_Q2,2022-23 Q2,Q,L2,L2,102.54098360655738,24 37 2022-07-01_2022-09-30 LTBAvgDayHearingOrder Q2 2022-2023 (Other Applications).xlsx
2022_2023_Q2,2022-23 Q2,Q,L3,L3,30.78723404255319,24 37 2022-07-01_2022-09-30 LTBAvgDayHearingOrder Q2 2022-2023 (Other Applications).xlsx
2022_2023_Q2,2022-23 Q2,Q,L4,L4,33.297435897435896,24 37 2022-07-01_2022-09-30 LTBAvgDayHearingOrder Q2 2022-2023 (Other Applications).xlsx
2022_2023_Q2,2022-23 Q2,Q,A1_T,A1,145.0,24 37 2022-07-01_2022-09-30 LTBAvgDayHearingOrder Q2 2022-2023 (Other Applications).xlsx
2022_2023_Q2,2022-23 Q2,Q,A1_T/T2,A1/T2,272.0,24 37 2022-07-01_2022-09-30 LTBAvgDayHearingOrder Q2 2022-2023 (Other Applications).xlsx
2022_2023_Q2,2022-23 Q2,Q,A1_T/T2/T5,A1/T2/T5,87.0,24 37 2022-07-01_2022-09-30 LTBAvgDayHearingOrder Q2 2022-2023 (Other Applications).xlsx
2022_2023_Q2,2022-23 Q2,Q,A2_T,A2,16.555555555555557,24 37 2022-07-01_2022-09-30 LTBAvgDayHearingOrder Q2 2022-2023 (Other Applications).xlsx
2022_2023_Q2,2022-23 Q2,Q,A2_T/T1/T2/T6,A2/T1/T2/T6,34.0,24 37 2022-07-01_2022-09-30 LTBAvgDayHearingOrder Q2 2022-2023 (Other Applications).xlsx
2022_2023_Q2,2022-23 Q2,Q,T1,T1,68.13432835820896,24 37 2022-07-01_2022-09-30 LTBAvgDayHearingOrder Q2 2022-2023 (Other Applications).xlsx
2022_2023_Q2,2022-23 Q2,Q,T1/T2,T1/T2,103.35714285714286,24 37 2022-07-01_2022-09-30 LTBAvgDayHearingOrder Q2 2022-2023 (Other Applications).xlsx
2022_2023_Q2,2022-23 Q2,Q,T1/T2/T3/T6,T1/T2/T3/T6,684.0,24 37 2022-07-01_2022-09-30 LTBAvgDayHearingOrder Q2 2022-2023 (Other Applications).xlsx
2022_2023_Q2,2022-23 Q2,Q,T1/T2/T5,T1/T2/T5,320.0,24 37 2022-07-01_2022-09-30 LTBAvgDayHearingOrder Q2 2022-2023 (Other Applications).xlsx
2022_2023_Q2,2022-23 Q2,Q,T1/T2/T5/T6,T1/T2/T5/T6,329.0,24 37 2022-07-01_2022-09-30 LTBAvgDayHearingOrder Q2 2022-2023 (Other Applications).xlsx
2022_2023_Q2,2022-23 Q2,Q,T1/T2/T6,T1/T2/T6,153.75,24 37 2022-07-01_2022-09-30 LTBAvgDayHearingOrder Q2 2022-2023 (Other Applications).xlsx
2022_2023_Q2,2022-23 Q2,Q,T1/T3,T1/T3,76.0,24 37 2022-07-01_2022-09-30 LTBAvgDayHearingOrder Q2 2022-2023 (Other Applications).xlsx
2022_2023_Q2,2022-23 Q2,Q,T1/T4,T1/T4,19.0,24 37 2022-07-01_2022-09-30 LTBAvgDayHearingOrder Q2 2022-2023 (Other Applications).xlsx
2022_2023_Q2,2022-23 Q2,Q,T1/T5,T1/T5,187.375,24 37 2022-07-01_2022-09-30 LTBAvgDayHearingOrder Q2 2022-2023 (Other Applications).xlsx
2022_2023_Q2,2022-23 Q2,Q,T1/T6,T1/T6,86.0,24 37 2022-07-01_2022-09-30 LTBAvgDayHearingOrder Q2 2022-2023 (Other Applications).xlsx
2022_2023_Q2,2022-23 Q2,Q,T2,T2,123.7158273381295,24 37 2022-07-01_2022-09-30 LTBAvgDayHearingOrder Q2 2022-2023 (Other Applications).xlsx
2022_2023_Q2,2022-23 Q2,Q,T2/T3,T2/T3,39.666666666666664,24 37 2022-07-01_2022-09-30 LTBAvgDayHearingOrder Q2 2022-2023 (Other Applications).xlsx
2022_2023_Q2,2022-23 Q2,Q,T2/T3/T6,T2/T3/T6,51.0,24 37 2022-07-01_2022-09-30 LTBAvgDayHearingOrder Q2 2022-2023 (Other Applications).xlsx
2022_2023_Q2,2022-23 Q2,Q,T2/T5,T2/T5,68.0,24 37 2022-07-01_2022-09-30 LTBAvgDayHearingOrder Q2 2022-2023 (Other Applications).xlsx
2022_2023_Q2,2022-23 Q2,Q,T2/T5/T6,T2/T5/T6,46.0,24 37 2022-07-01_2022-09-30 LTBAvgDayHearingOrder Q2 2022-2023 (Other Applications).xlsx
2022_2023_Q2,2022-23 Q2,Q,T2/T6,T2/T6,130.55357142857142,24 37 2022-07-01_2022-09-30 LTBAvgDayHearingOrder Q2 2022-2023 (Other Applications).xlsx
2022_2023_Q2,2022-23 Q2,Q,T3,T3,72.0,24 37 2022-07-01_2022-09-30 LTBAvgDayHearingOrder Q2 2022-2023 (Other Applications).xlsx
2022_2023_Q2,2022-23 Q2,Q,T4,T4,62.0,24 37 2022-07-01_2022-09-30 LTBAvgDayHearingOrder Q2 2022-2023 (Other Applications).xlsx
2022_2023_Q2,2022-23 Q2,Q,T5,T5,72.23478260869565,24 37 2022-07-01_2022-09-30 LTBAvgDayHearingOrder Q2 2022-2023 (Other Applications).xlsx
2022_2023_Q2,2022-23 Q2,Q,T6,T6,126.73381294964028,24 37 2022-07-01_2022-09-30 LTBAvgDayHearingOrder Q2 2022-2023 (Other Applications).xlsx
2022_2023_Q2,2022-23 Q2,Q,T7,T7,38.0,24 37 2022-07-01_2022-09-30 LTBAvgDayHearingOrder Q2 2022-2023 (Other Applications).xlsx
2022_2023_Q3,2022-23 Q3,Q,L1,L1,102.66451612903226,24 38 2022-10-01_2022-12-31 LTBAvgDayHearingOrder Q3 2022-2023 (L1 & L9).xlsx
2022_2023_Q3,2022-23 Q3,Q,L9,L9,25.905882352941177,24 38 2022-10-01_2022-12-31 LTBAvgDayHearingOrder Q3 2022-2023 (L1 & L9).xlsx
2022_2023_Q3,2022-23 Q3,Q,A1_L,A1,40.57142857142857,24 39 2022-10-01_2022-12-31 LTBAvgDayHearingOrder Q3 2022-2023 (Other Applications).xlsx
2022_2023_Q3,2022-23 Q3,Q,A2_L,A2,70.44444444444444,24 39 2022-10-01_2022-12-31 LTBAvgDayHearingOrder Q3 2022-2023 (Other Applications).xlsx
2022_2023_Q3,2022-23 Q3,Q,A2_L/L1,A2/L1,39.0,24 39 2022-10-01_2022-12-31 LTBAvgDayHearingOrder Q3 2022-2023 (Other Applications).xlsx
2022_2023_Q3,2022-23 Q3,Q,A2_L/L1/L2,A2/L1/L2,7.0,24 39 2022-10-01_2022-12-31 LTBAvgDayHearingOrder Q3 2022-2023 (Other Applications).xlsx
2022_2023_Q3,2022-23 Q3,Q,L1/L2,L1/L2,56.793103448275865,24 39 2022-10-01_2022-12-31 LTBAvgDayHearingOrder Q3 2022-2023 (Other Applications).xlsx
2022_2023_Q3,2022-23 Q3,Q,L1/L2/L3,L1/L2/L3,17.0,24 39 2022-10-01_2022-12-31 LTBAvgDayHearingOrder Q3 2022-2023 (Other Applications).xlsx
2022_2023_Q3,2022-23 Q3,Q,L1/L2/L8,L1/L2/L8,8.0,24 39 2022-10-01_2022-12-31 LTBAvgDayHearingOrder Q3 2022-2023 (Other Applications).xlsx
2022_2023_Q3,2022-23 Q3,Q,L1/L9,L1/L9,11.0,24 39 2022-10-01_2022-12-31 LTBAvgDayHearingOrder Q3 2022-2023 (Other Applications).xlsx
2022_2023_Q3,2022-23 Q3,Q,L2,L2,111.47524752475248,24 39 2022-10-01_2022-12-31 LTBAvgDayHearingOrder Q3 2022-2023 (Other Applications).xlsx
2022_2023_Q3,2022-23 Q3,Q,L2/L9,L2/L9,82.0,24 39 2022-10-01_2022-12-31 LTBAvgDayHearingOrder Q3 2022-2023 (Other Applications).xlsx
2022_2023_Q3,2022-23 Q3,Q,L3,L3,28.17721518987342,24 39 2022-10-01_2022-12-31 LTBAvgDayHearingOrder Q3 2022-2023 (Other Applications).xlsx
2022_2023_Q3,2022-23 Q3,Q,L4,L4,18.686274509803923,24 39 2022-10-01_2022-12-31 LTBAvgDayHearingOrder Q3 2022-2023 (Other Applications).xlsx
2022_2023_Q3,2022-23 Q3,Q,A1_T,A1,192.0,24 39 2022-10-01_2022-12-31 LTBAvgDayHearingOrder Q3 2022-2023 (Other Applications).xlsx
2022_2023_Q3,2022-23 Q3,Q,A1_T/T1,A1/T1,48.0,24 39 2022-10-01_2022-12-31 LTBAvgDayHearingOrder Q3 2022-2023 (Other Applications).xlsx
2022_2023_Q3,2022-23 Q3,Q,A1_T/T2/T6,A1/T2/T6,115.0,24 39 2022-10-01_2022-12-31 LTBAvgDayHearingOrder Q3 2022-2023 (Other Applications).xlsx
2022_2023_Q3,2022-23 Q3,Q,A2_T,A2,100.16666666666667,24 39 2022-10-01_2022-12-31 LTBAvgDayHearingOrder Q3 2022-2023 (Other Applications).xlsx
2022_2023_Q3,2022-23 Q3,Q,A2_T/T1,A2/T1,77.0,24 39 2022-10-01_2022-12-31 LTBAvgDayHearingOrder Q3 2022-2023 (Other Applications).xlsx
2022_2023_Q3,2022-23 Q3,Q,T1,T1,91.17567567567568,24 39 2022-10-01_2022-12-31 LTBAvgDayHearingOrder Q3 2022-2023 (Other Applications).xlsx
2022_2023_Q3,2022-23 Q3,Q,T1/T2,T1/T2,82.92307692307692,24 39 2022-10-01_2022-12-31 LTBAvgDayHearingOrder Q3 2022-2023 (Other Applications).xlsx
2022_2023_Q3,2022-23 Q3,Q,T1/T2/T5,T1/T2/T5,89.0,24 39 2022-10-01_2022-12-31 LTBAvgDayHearingOrder Q3 2022-2023 (Other Applications).xlsx
2022_2023_Q3,2022-23 Q3,Q,T1/T2/T6,T1/T2/T6,120.71428571428571,24 39 2022-10-01_2022-12-31 LTBAvgDayHearingOrder Q3 2022-2023 (Other Applications).xlsx
2022_2023_Q3,2022-23 Q3,Q,T1/T4,T1/T4,227.0,24 39 2022-10-01_2022-12-31 LTBAvgDayHearingOrder Q3 2022-2023 (Other Applications).xlsx
2022_2023_Q3,2022-23 Q3,Q,T1/T5,T1/T5,109.0,24 39 2022-10-01_2022-12-31 LTBAvgDayHearingOrder Q3 2022-2023 (Other Applications).xlsx
2022_2023_Q3,2022-23 Q3,Q,T1/T5/T6,T1/T5/T6,5.0,24 39 2022-10-01_2022-12-31 LTBAvgDayHearingOrder Q3 2022-2023 (Other Applications).xlsx
2022_2023_Q3,2022-23 Q3,Q,T1/T6,T1/T6,8.0,24 39 2022-10-01_2022-12-31 LTBAvgDayHearingOrder Q3 2022-2023 (Other Applications).xlsx
2022_2023_Q3,2022-23 Q3,Q,T2,T2,147.87719298245614,24 39 2022-10-01_2022-12-31 LTBAvgDayHearingOrder Q3 2022-2023 (Other Applications).xlsx
2022_2023_Q3,2022-23 Q3,Q,T2/T3,T2/T3,85.0,24 39 2022-10-01_2022-12-31 LTBAvgDayHearingOrder Q3 2022-2023 (Other Applications).xlsx
2022_2023_Q3,2022-23 Q3,Q,T2/T3/T6,T2/T3/T6,319.0,24 39 2022-10-01_2022-12-31 LTBAvgDayHearingOrder Q3 2022-2023 (Other Applications).xlsx
2022_2023_Q3,2022-23 Q3,Q,T2/T5,T2/T5,87.33333333333333,24 39 2022-10-01_2022-12-31 LTBAvgDayHearingOrder Q3 2022-2023 (Other Applications).xlsx
2022_2023_Q3,2022-23 Q3,Q,T2/T5/T6,T2/T5/T6,188.0,24 39 2022-10-01_2022-12-31 LTBAvgDayHearingOrder Q3 2022-2023 (Other Applications).xlsx
2022_2023_Q3,2022-23 Q3,Q,T2/T6,T2/T6,120.14893617021276,24 39 2022-10-01_2022-12-31 LTBAvgDayHearingOrder Q3 2022-2023 (Other Applications).xlsx
2022_2023_Q3,2022-23 Q3,Q,T2/T6/T7,T2/T6/T7,816.0,24 39 2022-10-01_2022-12-31 LTBAvgDayHearingOrder Q3 2022-2023 (Other Applications).xlsx
2022_2023_Q3,2022-23 Q3,Q,T3,T3,123.625,24 39 2022-10-01_2022-12-31 LTBAvgDayHearingOrder Q3 2022-2023 (Other Applications).xlsx
2022_2023_Q3,2022-23 Q3,Q,T4,T4,149.0,24 39 2022-10-01_2022-12-31 LTBAvgDayHearingOrder Q3 2022-2023 (Other Applications).xlsx
2022_2023_Q3,2022-23 Q3,Q,T4/T5,T4/T5,13.0,24 39 2022-10-01_2022-12-31 LTBAvgDayHearingOrder Q3 2022-2023 (Other Applications).xlsx
2022_2023_Q3,2022-23 Q3,Q,T5,T5,85.29885057471265,24 39 2022-10-01_2022-12-31 LTBAvgDayHearingOrder Q3 2022-2023 (Other Applications).xlsx
2022_2023_Q3,2022-23 Q3,Q,T5/T6,T5/T6,564.0,24 39 2022-10-01_2022-12-31 LTBAvgDayHearingOrder Q3 2022-2023 (Other Applications).xlsx
2022_2023_Q3,2022-23 Q3,Q,T6,T6,152.17241379310346,24 39 2022-10-01_2022-12-31 LTBAvgDayHearingOrder Q3 2022-2023 (Other Applications).xlsx
